<?xml version='1.0' encoding='utf-8'?>
<osm version="0.6" generator="Azimlib optional data extraction" copyright="OpenStreetMap contributors" attribution="https://www.openstreetmap.org/copyright" license="https://opendatacommons.org/licenses/odbl/1-0/">
  <node id="25928756" lon="-46.6353367" lat="-23.5433993" />
  <node id="25928761" lon="-46.6356287" lat="-23.5432584" />
  <node id="25928776" lon="-46.6357601" lat="-23.5434658" />
  <node id="25928778" lon="-46.6360649" lat="-23.5439885" />
  <node id="25928842" lon="-46.6376955" lat="-23.5468966" />
  <node id="60641485" lon="-46.6386039" lat="-23.5460555" />
  <node id="60641488" lon="-46.6387625" lat="-23.5459268" />
  <node id="60641511" lon="-46.6380773" lat="-23.5450802" />
  <node id="60641571" lon="-46.6386448" lat="-23.5446995" />
  <node id="60641614" lon="-46.6392042" lat="-23.5454010" />
  <node id="60641645" lon="-46.6394281" lat="-23.5455966" />
  <node id="60641662" lon="-46.6404666" lat="-23.5469009" />
  <node id="60641664" lon="-46.6397608" lat="-23.5474230" />
  <node id="60685402" lon="-46.6379608" lat="-23.5470100" />
  <node id="60685404" lon="-46.6381737" lat="-23.5470445" />
  <node id="60685466" lon="-46.6382527" lat="-23.5467391" />
  <node id="60685467" lon="-46.6381469" lat="-23.5468855" />
  <node id="60685602" lon="-46.6408972" lat="-23.5463940" />
  <node id="60685603" lon="-46.6410825" lat="-23.5461414" />
  <node id="60685604" lon="-46.6398582" lat="-23.5452539" />
  <node id="60685605" lon="-46.6396292" lat="-23.5454372" />
  <node id="60685606" lon="-46.6408117" lat="-23.5444971" />
  <node id="60685608" lon="-46.6400609" lat="-23.5438959" />
  <node id="60685611" lon="-46.6392979" lat="-23.5444986" />
  <node id="60685613" lon="-46.6387906" lat="-23.5448939" />
  <node id="60685616" lon="-46.6384846" lat="-23.5433346" />
  <node id="60685617" lon="-46.6389998" lat="-23.5430439" />
  <node id="60685619" lon="-46.6402358" lat="-23.5423589" />
  <node id="60685622" lon="-46.6383847" lat="-23.5427306" />
  <node id="60685643" lon="-46.6372310" lat="-23.5456459" />
  <node id="60685762" lon="-46.6418803" lat="-23.5436353" />
  <node id="60685763" lon="-46.6411060" lat="-23.5430648" />
  <node id="60685817" lon="-46.6417454" lat="-23.5452451" />
  <node id="60685819" lon="-46.6423929" lat="-23.5445629" />
  <node id="495926887" lon="-46.6374354" lat="-23.5456039" />
  <node id="495926888" lon="-46.6379847" lat="-23.5451946" />
  <node id="495926890" lon="-46.6380507" lat="-23.5463329" />
  <node id="598663317" lon="-46.6359920" lat="-23.5447518" />
  <node id="599006034" lon="-46.6387593" lat="-23.5456661" />
  <node id="599006035" lon="-46.6390001" lat="-23.5453964" />
  <node id="599006036" lon="-46.6386504" lat="-23.5456296" />
  <node id="599006037" lon="-46.6387376" lat="-23.5456602" />
  <node id="599006038" lon="-46.6390406" lat="-23.5454555" />
  <node id="599006039" lon="-46.6390409" lat="-23.5453690" />
  <node id="599006040" lon="-46.6385575" lat="-23.5448340" />
  <node id="599006041" lon="-46.6382113" lat="-23.5450659" />
  <node id="599043055" lon="-46.6369058" lat="-23.5437327" />
  <node id="599043071" lon="-46.6377826" lat="-23.5433317" />
  <node id="600160133" lon="-46.6368272" lat="-23.5465179" />
  <node id="616346495" lon="-46.6375642" lat="-23.5473782" />
  <node id="616346496" lon="-46.6370883" lat="-23.5469645" />
  <node id="616346498" lon="-46.6380755" lat="-23.5467036" />
  <node id="616346499" lon="-46.6377741" lat="-23.5464124" />
  <node id="616346501" lon="-46.6368403" lat="-23.5450717" />
  <node id="616346502" lon="-46.6362554" lat="-23.5453927" />
  <node id="616346507" lon="-46.6360141" lat="-23.5449516" />
  <node id="616346508" lon="-46.6364799" lat="-23.5445764" />
  <node id="616346510" lon="-46.6361427" lat="-23.5440031" />
  <node id="616346511" lon="-46.6360729" lat="-23.5438723" />
  <node id="616346512" lon="-46.6354271" lat="-23.5438419" />
  <node id="616346515" lon="-46.6358407" lat="-23.5434278" />
  <node id="616346516" lon="-46.6356674" lat="-23.5435783" />
  <node id="616346517" lon="-46.6354001" lat="-23.5436637" />
  <node id="616346518" lon="-46.6355436" lat="-23.5436369" />
  <node id="616346519" lon="-46.6352905" lat="-23.5436407" />
  <node id="617798740" lon="-46.6386234" lat="-23.5472041" />
  <node id="617798741" lon="-46.6388214" lat="-23.5474593" />
  <node id="617798747" lon="-46.6376518" lat="-23.5472056" />
  <node id="617798749" lon="-46.6380453" lat="-23.5470274" />
  <node id="617798751" lon="-46.6382977" lat="-23.5462878" />
  <node id="617798753" lon="-46.6376543" lat="-23.5471426" />
  <node id="627981911" lon="-46.6364031" lat="-23.5429216" />
  <node id="1477493418" lon="-46.6389818" lat="-23.5461701" />
  <node id="1477495376" lon="-46.6376081" lat="-23.5429996" />
  <node id="1477495382" lon="-46.6380880" lat="-23.5435525" />
  <node id="1659499493" lon="-46.6381541" lat="-23.5468190" />
  <node id="1828205674" lon="-46.6384993" lat="-23.5464055" />
  <node id="1910072430" lon="-46.6400654" lat="-23.5439902" />
  <node id="1910072431" lon="-46.6402165" lat="-23.5445787" />
  <node id="1910072433" lon="-46.6402570" lat="-23.5446785" />
  <node id="1910072435" lon="-46.6399784" lat="-23.5441975" />
  <node id="1910072439" lon="-46.6398791" lat="-23.5444456" />
  <node id="1910072444" lon="-46.6400328" lat="-23.5436680" />
  <node id="1910072445" lon="-46.6399968" lat="-23.5445479" />
  <node id="1910072449" lon="-46.6397676" lat="-23.5433721" />
  <node id="1910072451" lon="-46.6399226" lat="-23.5444834" />
  <node id="1910072452" lon="-46.6397644" lat="-23.5443910" />
  <node id="1910072453" lon="-46.6400288" lat="-23.5446287" />
  <node id="1910072458" lon="-46.6397346" lat="-23.5446140" />
  <node id="1910072459" lon="-46.6400359" lat="-23.5441362" />
  <node id="1910072463" lon="-46.6400289" lat="-23.5436662" />
  <node id="1910072465" lon="-46.6400940" lat="-23.5447117" />
  <node id="1910072468" lon="-46.6397844" lat="-23.5444100" />
  <node id="1910072470" lon="-46.6401721" lat="-23.5446433" />
  <node id="1910072471" lon="-46.6400607" lat="-23.5436012" />
  <node id="1910072475" lon="-46.6409769" lat="-23.5449990" />
  <node id="1910072477" lon="-46.6400726" lat="-23.5441370" />
  <node id="1910072480" lon="-46.6397219" lat="-23.5443649" />
  <node id="1910072482" lon="-46.6400866" lat="-23.5445267" />
  <node id="1910072484" lon="-46.6402351" lat="-23.5446994" />
  <node id="1910072485" lon="-46.6399732" lat="-23.5445779" />
  <node id="1910072486" lon="-46.6401691" lat="-23.5447688" />
  <node id="1910072487" lon="-46.6399707" lat="-23.5441895" />
  <node id="1910072488" lon="-46.6396307" lat="-23.5447069" />
  <node id="1910072490" lon="-46.6397489" lat="-23.5433697" />
  <node id="1910072505" lon="-46.6400711" lat="-23.5435744" />
  <node id="1910072514" lon="-46.6400734" lat="-23.5439929" />
  <node id="1910072516" lon="-46.6397566" lat="-23.5443979" />
  <node id="1910072524" lon="-46.6396651" lat="-23.5444156" />
  <node id="1910072526" lon="-46.6400772" lat="-23.5435138" />
  <node id="1910072545" lon="-46.6402989" lat="-23.5446522" />
  <node id="1910072546" lon="-46.6395395" lat="-23.5446201" />
  <node id="1910072551" lon="-46.6401149" lat="-23.5447193" />
  <node id="1910072566" lon="-46.6398258" lat="-23.5432857" />
  <node id="1910072567" lon="-46.6397424" lat="-23.5433716" />
  <node id="1910072568" lon="-46.6396436" lat="-23.5445273" />
  <node id="1910072580" lon="-46.6399214" lat="-23.5433477" />
  <node id="1910072582" lon="-46.6401940" lat="-23.5446224" />
  <node id="1910072584" lon="-46.6401181" lat="-23.5440259" />
  <node id="1910072586" lon="-46.6400825" lat="-23.5439981" />
  <node id="1910072588" lon="-46.6400104" lat="-23.5441567" />
  <node id="2087120719" lon="-46.6381360" lat="-23.5429350" />
  <node id="2087120720" lon="-46.6381631" lat="-23.5429374" />
  <node id="2087120721" lon="-46.6380516" lat="-23.5430708" />
  <node id="2087120722" lon="-46.6382249" lat="-23.5430838" />
  <node id="2396360204" lon="-46.6378863" lat="-23.5434773" />
  <node id="2396360206" lon="-46.6377905" lat="-23.5437272" />
  <node id="2396360209" lon="-46.6387529" lat="-23.5429824" />
  <node id="2396360210" lon="-46.6388035" lat="-23.5431538" />
  <node id="2396360214" lon="-46.6387167" lat="-23.5429378" />
  <node id="2396360216" lon="-46.6380680" lat="-23.5437708" />
  <node id="2396360224" lon="-46.6387405" lat="-23.5429599" />
  <node id="2396360225" lon="-46.6379766" lat="-23.5435261" />
  <node id="2396360226" lon="-46.6380934" lat="-23.5438408" />
  <node id="2396360229" lon="-46.6388792" lat="-23.5439413" />
  <node id="2453466151" lon="-46.6400689" lat="-23.5424518" />
  <node id="2453466160" lon="-46.6387227" lat="-23.5448062" />
  <node id="2453466161" lon="-46.6389055" lat="-23.5448060" />
  <node id="2453466163" lon="-46.6392858" lat="-23.5454999" />
  <node id="2453466166" lon="-46.6391723" lat="-23.5455836" />
  <node id="2453466171" lon="-46.6386500" lat="-23.5458029" />
  <node id="2453466173" lon="-46.6389328" lat="-23.5458072" />
  <node id="2537137976" lon="-46.6379454" lat="-23.5426055" />
  <node id="2537137978" lon="-46.6386795" lat="-23.5430033" />
  <node id="2537137980" lon="-46.6386905" lat="-23.5430573" />
  <node id="2537137982" lon="-46.6377079" lat="-23.5430796" />
  <node id="2537137985" lon="-46.6386662" lat="-23.5431017" />
  <node id="2537137987" lon="-46.6385960" lat="-23.5431439" />
  <node id="2537137989" lon="-46.6379295" lat="-23.5434111" />
  <node id="2537137991" lon="-46.6379502" lat="-23.5434370" />
  <node id="2537137993" lon="-46.6380588" lat="-23.5434477" />
  <node id="2537137995" lon="-46.6380180" lat="-23.5434559" />
  <node id="2634256030" lon="-46.6364953" lat="-23.5444846" />
  <node id="2634267145" lon="-46.6372047" lat="-23.5453994" />
  <node id="2635266857" lon="-46.6373252" lat="-23.5455791" />
  <node id="2960108252" lon="-46.6360861" lat="-23.5438914" />
  <node id="3307972868" lon="-46.6357651" lat="-23.5440926" />
  <node id="3362621913" lon="-46.6380648" lat="-23.5429663" />
  <node id="3362621914" lon="-46.6380815" lat="-23.5429681" />
  <node id="3362621915" lon="-46.6382073" lat="-23.5429816" />
  <node id="3362621916" lon="-46.6382230" lat="-23.5429833" />
  <node id="3362621918" lon="-46.6380563" lat="-23.5430336" />
  <node id="3362621919" lon="-46.6382097" lat="-23.5430889" />
  <node id="3362621923" lon="-46.6380785" lat="-23.5431429" />
  <node id="3362621924" lon="-46.6381665" lat="-23.5431524" />
  <node id="3573196309" lon="-46.6374823" lat="-23.5436054" />
  <node id="3573196310" lon="-46.6374225" lat="-23.5436991" />
  <node id="3573196313" lon="-46.6372879" lat="-23.5437723" />
  <node id="3573196314" lon="-46.6373394" lat="-23.5436844" />
  <node id="3573196315" lon="-46.6373678" lat="-23.5437289" />
  <node id="3573196316" lon="-46.6374387" lat="-23.5435280" />
  <node id="3573196317" lon="-46.6372622" lat="-23.5437263" />
  <node id="3573196318" lon="-46.6373934" lat="-23.5436536" />
  <node id="3573219302" lon="-46.6373042" lat="-23.5430909" />
  <node id="3573219303" lon="-46.6375403" lat="-23.5431201" />
  <node id="3573219304" lon="-46.6376838" lat="-23.5432976" />
  <node id="3573219305" lon="-46.6376872" lat="-23.5433375" />
  <node id="3573219306" lon="-46.6375647" lat="-23.5431351" />
  <node id="3573219307" lon="-46.6374997" lat="-23.5431105" />
  <node id="3573219308" lon="-46.6372884" lat="-23.5432144" />
  <node id="3573219309" lon="-46.6373801" lat="-23.5432348" />
  <node id="3573219310" lon="-46.6374290" lat="-23.5432703" />
  <node id="3573219311" lon="-46.6371885" lat="-23.5432994" />
  <node id="3573219312" lon="-46.6371594" lat="-23.5432748" />
  <node id="3702334527" lon="-46.6383753" lat="-23.5464181" />
  <node id="3704119229" lon="-46.6384936" lat="-23.5446127" />
  <node id="3718145448" lon="-46.6374206" lat="-23.5471276" />
  <node id="3719548502" lon="-46.6392177" lat="-23.5467537" />
  <node id="3727930982" lon="-46.6381403" lat="-23.5466028" />
  <node id="3731407181" lon="-46.6383468" lat="-23.5457322" />
  <node id="3731407182" lon="-46.6384184" lat="-23.5458304" />
  <node id="3731407183" lon="-46.6382734" lat="-23.5456308" />
  <node id="3731407184" lon="-46.6381930" lat="-23.5455389" />
  <node id="3731407186" lon="-46.6382398" lat="-23.5458115" />
  <node id="3731407189" lon="-46.6381519" lat="-23.5456395" />
  <node id="3731407190" lon="-46.6381679" lat="-23.5455631" />
  <node id="3731407193" lon="-46.6381815" lat="-23.5457611" />
  <node id="3731407194" lon="-46.6381223" lat="-23.5458123" />
  <node id="3741933409" lon="-46.6374138" lat="-23.5452885" />
  <node id="3741933410" lon="-46.6372974" lat="-23.5455137" />
  <node id="3741933411" lon="-46.6373874" lat="-23.5452550" />
  <node id="4124207005" lon="-46.6394410" lat="-23.5429828" />
  <node id="4210232119" lon="-46.6409412" lat="-23.5464366" />
  <node id="4210232135" lon="-46.6410292" lat="-23.5464896" />
  <node id="4210232173" lon="-46.6408272" lat="-23.5465905" />
  <node id="4210232179" lon="-46.6408500" lat="-23.5466025" />
  <node id="4210232184" lon="-46.6408714" lat="-23.5466137" />
  <node id="4210232437" lon="-46.6405809" lat="-23.5469619" />
  <node id="4210232444" lon="-46.6409808" lat="-23.5470175" />
  <node id="4210232493" lon="-46.6409156" lat="-23.5466362" />
  <node id="4210232496" lon="-46.6407881" lat="-23.5466432" />
  <node id="4210232499" lon="-46.6409361" lat="-23.5466463" />
  <node id="4210232502" lon="-46.6408106" lat="-23.5466559" />
  <node id="4210232504" lon="-46.6409562" lat="-23.5466563" />
  <node id="4210232508" lon="-46.6408321" lat="-23.5466679" />
  <node id="4210232512" lon="-46.6409972" lat="-23.5466766" />
  <node id="4210232514" lon="-46.6409423" lat="-23.5466794" />
  <node id="4210232517" lon="-46.6408688" lat="-23.5466858" />
  <node id="4210232526" lon="-46.6409829" lat="-23.5467002" />
  <node id="4210232535" lon="-46.6410629" lat="-23.5467092" />
  <node id="4210232539" lon="-46.6409527" lat="-23.5467288" />
  <node id="4210232540" lon="-46.6407071" lat="-23.5467526" />
  <node id="4210232542" lon="-46.6410221" lat="-23.5467643" />
  <node id="4210232543" lon="-46.6410281" lat="-23.5467673" />
  <node id="4210232544" lon="-46.6409248" lat="-23.5467756" />
  <node id="4210232549" lon="-46.6409099" lat="-23.5467964" />
  <node id="4210232553" lon="-46.6409944" lat="-23.5468108" />
  <node id="4210232560" lon="-46.6408544" lat="-23.5468272" />
  <node id="4210232561" lon="-46.6409820" lat="-23.5468330" />
  <node id="4210232566" lon="-46.6408829" lat="-23.5468417" />
  <node id="4210232567" lon="-46.6406459" lat="-23.5468428" />
  <node id="4210232570" lon="-46.6409024" lat="-23.5468516" />
  <node id="4210232571" lon="-46.6406287" lat="-23.5468578" />
  <node id="4210232573" lon="-46.6406852" lat="-23.5468628" />
  <node id="4210232574" lon="-46.6406942" lat="-23.5468674" />
  <node id="4210232576" lon="-46.6409551" lat="-23.5468783" />
  <node id="4210232578" lon="-46.6406464" lat="-23.5468828" />
  <node id="4210232579" lon="-46.6408173" lat="-23.5468828" />
  <node id="4210232580" lon="-46.6408203" lat="-23.5468843" />
  <node id="4210232581" lon="-46.6406528" lat="-23.5468915" />
  <node id="4210232583" lon="-46.6408054" lat="-23.5469029" />
  <node id="4210232585" lon="-46.6406681" lat="-23.5469122" />
  <node id="4210232586" lon="-46.6405567" lat="-23.5469151" />
  <node id="4210232591" lon="-46.6410386" lat="-23.5469205" />
  <node id="4210232593" lon="-46.6408564" lat="-23.5469287" />
  <node id="4210232597" lon="-46.6405713" lat="-23.5469427" />
  <node id="4210863503" lon="-46.6381164" lat="-23.5429493" />
  <node id="4210863504" lon="-46.6380839" lat="-23.5429497" />
  <node id="4210863505" lon="-46.6381161" lat="-23.5429531" />
  <node id="4210863506" lon="-46.6381761" lat="-23.5429552" />
  <node id="4210863507" lon="-46.6381754" lat="-23.5429596" />
  <node id="4210863508" lon="-46.6382096" lat="-23.5429632" />
  <node id="4210863514" lon="-46.6380429" lat="-23.5430385" />
  <node id="4210863516" lon="-46.6382142" lat="-23.5430520" />
  <node id="4210863517" lon="-46.6385535" lat="-23.5430585" />
  <node id="4210863518" lon="-46.6382281" lat="-23.5430587" />
  <node id="4210863519" lon="-46.6370030" lat="-23.5430610" />
  <node id="4210863520" lon="-46.6370173" lat="-23.5430622" />
  <node id="4210863521" lon="-46.6380398" lat="-23.5430624" />
  <node id="4210863522" lon="-46.6369977" lat="-23.5430645" />
  <node id="4210863523" lon="-46.6385797" lat="-23.5430646" />
  <node id="4210863524" lon="-46.6370518" lat="-23.5430652" />
  <node id="4210863525" lon="-46.6370619" lat="-23.5430657" />
  <node id="4210863526" lon="-46.6370659" lat="-23.5430661" />
  <node id="4210863527" lon="-46.6369829" lat="-23.5430668" />
  <node id="4210863528" lon="-46.6369971" lat="-23.5430683" />
  <node id="4210863529" lon="-46.6370164" lat="-23.5430701" />
  <node id="4210863530" lon="-46.6370685" lat="-23.5430716" />
  <node id="4210863531" lon="-46.6370506" lat="-23.5430732" />
  <node id="4210863532" lon="-46.6370680" lat="-23.5430755" />
  <node id="4210863533" lon="-46.6370831" lat="-23.5430767" />
  <node id="4210863534" lon="-46.6371788" lat="-23.5430876" />
  <node id="4210863535" lon="-46.6372438" lat="-23.5430950" />
  <node id="4210863536" lon="-46.6373029" lat="-23.5431013" />
  <node id="4210863538" lon="-46.6372879" lat="-23.5431092" />
  <node id="4210863539" lon="-46.6373018" lat="-23.5431106" />
  <node id="4210863540" lon="-46.6375052" lat="-23.5431109" />
  <node id="4210863541" lon="-46.6375125" lat="-23.5431118" />
  <node id="4210863542" lon="-46.6375197" lat="-23.5431132" />
  <node id="4210863544" lon="-46.6375267" lat="-23.5431151" />
  <node id="4210863545" lon="-46.6375336" lat="-23.5431174" />
  <node id="4210863546" lon="-46.6385375" lat="-23.5431177" />
  <node id="4210863548" lon="-46.6375468" lat="-23.5431233" />
  <node id="4210863549" lon="-46.6385637" lat="-23.5431237" />
  <node id="4210863550" lon="-46.6375531" lat="-23.5431268" />
  <node id="4210863551" lon="-46.6375591" lat="-23.5431308" />
  <node id="4210863553" lon="-46.6380429" lat="-23.5431391" />
  <node id="4210863554" lon="-46.6375701" lat="-23.5431397" />
  <node id="4210863555" lon="-46.6375751" lat="-23.5431447" />
  <node id="4210863558" lon="-46.6375797" lat="-23.5431500" />
  <node id="4210863559" lon="-46.6382011" lat="-23.5431561" />
  <node id="4210863561" lon="-46.6374631" lat="-23.5431577" />
  <node id="4210863562" lon="-46.6369700" lat="-23.5431610" />
  <node id="4210863563" lon="-46.6375050" lat="-23.5431611" />
  <node id="4210863565" lon="-46.6375102" lat="-23.5431624" />
  <node id="4210863566" lon="-46.6380760" lat="-23.5431624" />
  <node id="4210863567" lon="-46.6380905" lat="-23.5431640" />
  <node id="4210863568" lon="-46.6375170" lat="-23.5431649" />
  <node id="4210863569" lon="-46.6375235" lat="-23.5431679" />
  <node id="4210863570" lon="-46.6370714" lat="-23.5431685" />
  <node id="4210863572" lon="-46.6381492" lat="-23.5431703" />
  <node id="4210863573" lon="-46.6371701" lat="-23.5431708" />
  <node id="4210863574" lon="-46.6375297" lat="-23.5431717" />
  <node id="4210863575" lon="-46.6381640" lat="-23.5431719" />
  <node id="4210863576" lon="-46.6372044" lat="-23.5431738" />
  <node id="4210863577" lon="-46.6375353" lat="-23.5431760" />
  <node id="4210863579" lon="-46.6371695" lat="-23.5431771" />
  <node id="4210863581" lon="-46.6375405" lat="-23.5431808" />
  <node id="4210863582" lon="-46.6380882" lat="-23.5431823" />
  <node id="4210863583" lon="-46.6369668" lat="-23.5431849" />
  <node id="4210863584" lon="-46.6375450" lat="-23.5431862" />
  <node id="4210863585" lon="-46.6371684" lat="-23.5431879" />
  <node id="4210863586" lon="-46.6381469" lat="-23.5431885" />
  <node id="4210863588" lon="-46.6374388" lat="-23.5431907" />
  <node id="4210867489" lon="-46.6372026" lat="-23.5431909" />
  <node id="4210867491" lon="-46.6375488" lat="-23.5431919" />
  <node id="4210867492" lon="-46.6374593" lat="-23.5431925" />
  <node id="4210867493" lon="-46.6370681" lat="-23.5431947" />
  <node id="4210867495" lon="-46.6372342" lat="-23.5432101" />
  <node id="4210867496" lon="-46.6372756" lat="-23.5432131" />
  <node id="4210867497" lon="-46.6370655" lat="-23.5432149" />
  <node id="4210867498" lon="-46.6371454" lat="-23.5432153" />
  <node id="4210867499" lon="-46.6375628" lat="-23.5432154" />
  <node id="4210867500" lon="-46.6371653" lat="-23.5432171" />
  <node id="4210867502" lon="-46.6371448" lat="-23.5432219" />
  <node id="4210867503" lon="-46.6373599" lat="-23.5432232" />
  <node id="4210867504" lon="-46.6372871" lat="-23.5432255" />
  <node id="4210867507" lon="-46.6369607" lat="-23.5432290" />
  <node id="4210867508" lon="-46.6373391" lat="-23.5432307" />
  <node id="4210867509" lon="-46.6374354" lat="-23.5432309" />
  <node id="4210867510" lon="-46.6373587" lat="-23.5432327" />
  <node id="4210867511" lon="-46.6375323" lat="-23.5432336" />
  <node id="4210867513" lon="-46.6369879" lat="-23.5432353" />
  <node id="4210867517" lon="-46.6371621" lat="-23.5432485" />
  <node id="4210867518" lon="-46.6375420" lat="-23.5432487" />
  <node id="4210867519" lon="-46.6374056" lat="-23.5432504" />
  <node id="4210867520" lon="-46.6370591" lat="-23.5432517" />
  <node id="4210867521" lon="-46.6370436" lat="-23.5432520" />
  <node id="4210867522" lon="-46.6370607" lat="-23.5432521" />
  <node id="4210867523" lon="-46.6372102" lat="-23.5432527" />
  <node id="4210867524" lon="-46.6374336" lat="-23.5432529" />
  <node id="4210867525" lon="-46.6374375" lat="-23.5432535" />
  <node id="4210867526" lon="-46.6370338" lat="-23.5432552" />
  <node id="4210867529" lon="-46.6370232" lat="-23.5432640" />
  <node id="4210867531" lon="-46.6374358" lat="-23.5432716" />
  <node id="4210867532" lon="-46.6370191" lat="-23.5432741" />
  <node id="4210867533" lon="-46.6374868" lat="-23.5432746" />
  <node id="4210867535" lon="-46.6371659" lat="-23.5432764" />
  <node id="4210867536" lon="-46.6374453" lat="-23.5432773" />
  <node id="4210867537" lon="-46.6374901" lat="-23.5432792" />
  <node id="4210867538" lon="-46.6372282" lat="-23.5432813" />
  <node id="4210867539" lon="-46.6372068" lat="-23.5432858" />
  <node id="4210867540" lon="-46.6372144" lat="-23.5432876" />
  <node id="4210867541" lon="-46.6370185" lat="-23.5432878" />
  <node id="4210867542" lon="-46.6374639" lat="-23.5432883" />
  <node id="4210867543" lon="-46.6370197" lat="-23.5432899" />
  <node id="4210867546" lon="-46.6371865" lat="-23.5432956" />
  <node id="4210867548" lon="-46.6371783" lat="-23.5432994" />
  <node id="4210867549" lon="-46.6370331" lat="-23.5433141" />
  <node id="4210867554" lon="-46.6375376" lat="-23.5433462" />
  <node id="4210867559" lon="-46.6374955" lat="-23.5433658" />
  <node id="4210867563" lon="-46.6377399" lat="-23.5433878" />
  <node id="4210867567" lon="-46.6370786" lat="-23.5433958" />
  <node id="4210867570" lon="-46.6375202" lat="-23.5434111" />
  <node id="4210867571" lon="-46.6375220" lat="-23.5434143" />
  <node id="4210867577" lon="-46.6376449" lat="-23.5434288" />
  <node id="4210867580" lon="-46.6376472" lat="-23.5434328" />
  <node id="4210867585" lon="-46.6376148" lat="-23.5434437" />
  <node id="4210867586" lon="-46.6376171" lat="-23.5434477" />
  <node id="4210867595" lon="-46.6377895" lat="-23.5434625" />
  <node id="4210867598" lon="-46.6375506" lat="-23.5434740" />
  <node id="4210867601" lon="-46.6375535" lat="-23.5434789" />
  <node id="4210867603" lon="-46.6375223" lat="-23.5434878" />
  <node id="4210867605" lon="-46.6375252" lat="-23.5434928" />
  <node id="4210867606" lon="-46.6376952" lat="-23.5434949" />
  <node id="4210867611" lon="-46.6377170" lat="-23.5435051" />
  <node id="4210867612" lon="-46.6377051" lat="-23.5435121" />
  <node id="4210867615" lon="-46.6376399" lat="-23.5435218" />
  <node id="4210867617" lon="-46.6375936" lat="-23.5435273" />
  <node id="4210867618" lon="-46.6376442" lat="-23.5435294" />
  <node id="4210867620" lon="-46.6377352" lat="-23.5435326" />
  <node id="4210867621" lon="-46.6378426" lat="-23.5435328" />
  <node id="4210867622" lon="-46.6374418" lat="-23.5435336" />
  <node id="4210867624" lon="-46.6378469" lat="-23.5435410" />
  <node id="4210867625" lon="-46.6378483" lat="-23.5435461" />
  <node id="4210867626" lon="-46.6376057" lat="-23.5435482" />
  <node id="4210867627" lon="-46.6378480" lat="-23.5435521" />
  <node id="4210867630" lon="-46.6378462" lat="-23.5435602" />
  <node id="4210867632" lon="-46.6375151" lat="-23.5435657" />
  <node id="4210867633" lon="-46.6378430" lat="-23.5435709" />
  <node id="4210867634" lon="-46.6371760" lat="-23.5435710" />
  <node id="4210867635" lon="-46.6375198" lat="-23.5435738" />
  <node id="4210867637" lon="-46.6378387" lat="-23.5435804" />
  <node id="4210867639" lon="-46.6378329" lat="-23.5435865" />
  <node id="4210867641" lon="-46.6374764" lat="-23.5435950" />
  <node id="4210867642" lon="-46.6375714" lat="-23.5435988" />
  <node id="4210867645" lon="-46.6370249" lat="-23.5436060" />
  <node id="4210867647" lon="-46.6375841" lat="-23.5436180" />
  <node id="4210867649" lon="-46.6369937" lat="-23.5436211" />
  <node id="4210867651" lon="-46.6370408" lat="-23.5436341" />
  <node id="4210867652" lon="-46.6372118" lat="-23.5436362" />
  <node id="4210867653" lon="-46.6375010" lat="-23.5436386" />
  <node id="4210867655" lon="-46.6370096" lat="-23.5436491" />
  <node id="4210867656" lon="-46.6375087" lat="-23.5436523" />
  <node id="4210867661" lon="-46.6372601" lat="-23.5437226" />
  <node id="4210867662" lon="-46.6375589" lat="-23.5437413" />
  <node id="4210867671" lon="-46.6373062" lat="-23.5438051" />
  <node id="4210867683" lon="-46.6373397" lat="-23.5438652" />
  <node id="4210968756" lon="-46.6407850" lat="-23.5434996" />
  <node id="4210968758" lon="-46.6408912" lat="-23.5435010" />
  <node id="4210968759" lon="-46.6408455" lat="-23.5435024" />
  <node id="4210968761" lon="-46.6408422" lat="-23.5435052" />
  <node id="4210968762" lon="-46.6400759" lat="-23.5435063" />
  <node id="4210968764" lon="-46.6396455" lat="-23.5435077" />
  <node id="4210968767" lon="-46.6388536" lat="-23.5435188" />
  <node id="4210968768" lon="-46.6385049" lat="-23.5435191" />
  <node id="4210968771" lon="-46.6400778" lat="-23.5435238" />
  <node id="4210968772" lon="-46.6399634" lat="-23.5435245" />
  <node id="4210968773" lon="-46.6399693" lat="-23.5435291" />
  <node id="4210968774" lon="-46.6384649" lat="-23.5435307" />
  <node id="4210968775" lon="-46.6406081" lat="-23.5435313" />
  <node id="4210968776" lon="-46.6399732" lat="-23.5435330" />
  <node id="4210968779" lon="-46.6400778" lat="-23.5435367" />
  <node id="4210968780" lon="-46.6399757" lat="-23.5435383" />
  <node id="4210968781" lon="-46.6384702" lat="-23.5435385" />
  <node id="4210968782" lon="-46.6388182" lat="-23.5435389" />
  <node id="4210968783" lon="-46.6401383" lat="-23.5435389" />
  <node id="4210968784" lon="-46.6401444" lat="-23.5435390" />
  <node id="4210968786" lon="-46.6401322" lat="-23.5435398" />
  <node id="4210968787" lon="-46.6409303" lat="-23.5435406" />
  <node id="4210970405" lon="-46.6395303" lat="-23.5431578" />
  <node id="4210970407" lon="-46.6407192" lat="-23.5431632" />
  <node id="4210970408" lon="-46.6407581" lat="-23.5431664" />
  <node id="4210970409" lon="-46.6406767" lat="-23.5431672" />
  <node id="4210970411" lon="-46.6407495" lat="-23.5431728" />
  <node id="4210970412" lon="-46.6397564" lat="-23.5431759" />
  <node id="4210970414" lon="-46.6397990" lat="-23.5431835" />
  <node id="4210970417" lon="-46.6406972" lat="-23.5431863" />
  <node id="4210970418" lon="-46.6402631" lat="-23.5431867" />
  <node id="4210970419" lon="-46.6410689" lat="-23.5431874" />
  <node id="4210970420" lon="-46.6410343" lat="-23.5431890" />
  <node id="4210970421" lon="-46.6397402" lat="-23.5431927" />
  <node id="4210970422" lon="-46.6396591" lat="-23.5431951" />
  <node id="4210970423" lon="-46.6397755" lat="-23.5431983" />
  <node id="4210970424" lon="-46.6402418" lat="-23.5432036" />
  <node id="4210970426" lon="-46.6390664" lat="-23.5432075" />
  <node id="4210970427" lon="-46.6390590" lat="-23.5432078" />
  <node id="4210970428" lon="-46.6390737" lat="-23.5432078" />
  <node id="4210970429" lon="-46.6390518" lat="-23.5432086" />
  <node id="4210970430" lon="-46.6390810" lat="-23.5432087" />
  <node id="4210970431" lon="-46.6390446" lat="-23.5432101" />
  <node id="4210970432" lon="-46.6390881" lat="-23.5432102" />
  <node id="4210970433" lon="-46.6390376" lat="-23.5432121" />
  <node id="4210970434" lon="-46.6390951" lat="-23.5432122" />
  <node id="4210970436" lon="-46.6390308" lat="-23.5432146" />
  <node id="4210970437" lon="-46.6391019" lat="-23.5432148" />
  <node id="4210970438" lon="-46.6397407" lat="-23.5432174" />
  <node id="4210970439" lon="-46.6397333" lat="-23.5432183" />
  <node id="4210970440" lon="-46.6397455" lat="-23.5432185" />
  <node id="4210970441" lon="-46.6390243" lat="-23.5432177" />
  <node id="4210970442" lon="-46.6391084" lat="-23.5432179" />
  <node id="4210970443" lon="-46.6390214" lat="-23.5432193" />
  <node id="4210970444" lon="-46.6396763" lat="-23.5432207" />
  <node id="4210970445" lon="-46.6397286" lat="-23.5432210" />
  <node id="4210970447" lon="-46.6399211" lat="-23.5432227" />
  <node id="4210970448" lon="-46.6397499" lat="-23.5432228" />
  <node id="4210970451" lon="-46.6396065" lat="-23.5432243" />
  <node id="4210970453" lon="-46.6406103" lat="-23.5432283" />
  <node id="4210970454" lon="-46.6397528" lat="-23.5432290" />
  <node id="4210970455" lon="-46.6408059" lat="-23.5432318" />
  <node id="4210970456" lon="-46.6397074" lat="-23.5432364" />
  <node id="4210970459" lon="-46.6395832" lat="-23.5432378" />
  <node id="4210970460" lon="-46.6398020" lat="-23.5432404" />
  <node id="4210970461" lon="-46.6399353" lat="-23.5432432" />
  <node id="4210970462" lon="-46.6411406" lat="-23.5432474" />
  <node id="4210970463" lon="-46.6397572" lat="-23.5432479" />
  <node id="4210970464" lon="-46.6397046" lat="-23.5432480" />
  <node id="4210970465" lon="-46.6396244" lat="-23.5432506" />
  <node id="4210970467" lon="-46.6397196" lat="-23.5432546" />
  <node id="4210970468" lon="-46.6407726" lat="-23.5432569" />
  <node id="4210970470" lon="-46.6397784" lat="-23.5432712" />
  <node id="4210970471" lon="-46.6397612" lat="-23.5432714" />
  <node id="4210970472" lon="-46.6397875" lat="-23.5432722" />
  <node id="4210970473" lon="-46.6400285" lat="-23.5432729" />
  <node id="4210970474" lon="-46.6397960" lat="-23.5432734" />
  <node id="4210970476" lon="-46.6398051" lat="-23.5432758" />
  <node id="4210970477" lon="-46.6401360" lat="-23.5432776" />
  <node id="4210970478" lon="-46.6399599" lat="-23.5432785" />
  <node id="4210970479" lon="-46.6398313" lat="-23.5432790" />
  <node id="4210970480" lon="-46.6398169" lat="-23.5432806" />
  <node id="4210970482" lon="-46.6397123" lat="-23.5432817" />
  <node id="4210970483" lon="-46.6406699" lat="-23.5432841" />
  <node id="4210970488" lon="-46.6398445" lat="-23.5432964" />
  <node id="4210971276" lon="-46.6403214" lat="-23.5428100" />
  <node id="4210971278" lon="-46.6397302" lat="-23.5428214" />
  <node id="4210971281" lon="-46.6402945" lat="-23.5428299" />
  <node id="4210971292" lon="-46.6396702" lat="-23.5428532" />
  <node id="4210971295" lon="-46.6403780" lat="-23.5428571" />
  <node id="4210971297" lon="-46.6402421" lat="-23.5428603" />
  <node id="4210971300" lon="-46.6403664" lat="-23.5428689" />
  <node id="4210971306" lon="-46.6397713" lat="-23.5428872" />
  <node id="4210971308" lon="-46.6400279" lat="-23.5428876" />
  <node id="4210971313" lon="-46.6399982" lat="-23.5429038" />
  <node id="4210971319" lon="-46.6395626" lat="-23.5429141" />
  <node id="4210971320" lon="-46.6400505" lat="-23.5429205" />
  <node id="4210971322" lon="-46.6397971" lat="-23.5429285" />
  <node id="4210971323" lon="-46.6397215" lat="-23.5429301" />
  <node id="4210971324" lon="-46.6407545" lat="-23.5429317" />
  <node id="4210971328" lon="-46.6400756" lat="-23.5429570" />
  <node id="4210971331" lon="-46.6396677" lat="-23.5429646" />
  <node id="4210971333" lon="-46.6408037" lat="-23.5429686" />
  <node id="4210971334" lon="-46.6396541" lat="-23.5429731" />
  <node id="4210971335" lon="-46.6398708" lat="-23.5429733" />
  <node id="4210971337" lon="-46.6396845" lat="-23.5429787" />
  <node id="4210971339" lon="-46.6396801" lat="-23.5429814" />
  <node id="4210971340" lon="-46.6405028" lat="-23.5429823" />
  <node id="4210971342" lon="-46.6396657" lat="-23.5429889" />
  <node id="4210971343" lon="-46.6407843" lat="-23.5429900" />
  <node id="4210971344" lon="-46.6398367" lat="-23.5429919" />
  <node id="4210971345" lon="-46.6396210" lat="-23.5429932" />
  <node id="4210971346" lon="-46.6394204" lat="-23.5429942" />
  <node id="4210971347" lon="-46.6406952" lat="-23.5429963" />
  <node id="4210971348" lon="-46.6397684" lat="-23.5430003" />
  <node id="4210971349" lon="-46.6396327" lat="-23.5430091" />
  <node id="4210971351" lon="-46.6397238" lat="-23.5430112" />
  <node id="4210971352" lon="-46.6397134" lat="-23.5430177" />
  <node id="4210971353" lon="-46.6397328" lat="-23.5430235" />
  <node id="4210971354" lon="-46.6408778" lat="-23.5430243" />
  <node id="4210971355" lon="-46.6404565" lat="-23.5430297" />
  <node id="4210971356" lon="-46.6408425" lat="-23.5430338" />
  <node id="4210971357" lon="-46.6396866" lat="-23.5430352" />
  <node id="4210971358" lon="-46.6396988" lat="-23.5430354" />
  <node id="4210971359" lon="-46.6396906" lat="-23.5430406" />
  <node id="4210971360" lon="-46.6397086" lat="-23.5430487" />
  <node id="4210971361" lon="-46.6396626" lat="-23.5430496" />
  <node id="4210971362" lon="-46.6404276" lat="-23.5430564" />
  <node id="4210971363" lon="-46.6404899" lat="-23.5430575" />
  <node id="4210971365" lon="-46.6409266" lat="-23.5430638" />
  <node id="4210971366" lon="-46.6404836" lat="-23.5430639" />
  <node id="4210971367" lon="-46.6409234" lat="-23.5430673" />
  <node id="4210971368" lon="-46.6396764" lat="-23.5430683" />
  <node id="4210971369" lon="-46.6398150" lat="-23.5430701" />
  <node id="4210971370" lon="-46.6409293" lat="-23.5430738" />
  <node id="4210971371" lon="-46.6394753" lat="-23.5430752" />
  <node id="4210971372" lon="-46.6409338" lat="-23.5430810" />
  <node id="4210971374" lon="-46.6405123" lat="-23.5430878" />
  <node id="4210971375" lon="-46.6409372" lat="-23.5430887" />
  <node id="4210971376" lon="-46.6404660" lat="-23.5430935" />
  <node id="4210971377" lon="-46.6407847" lat="-23.5430944" />
  <node id="4210971378" lon="-46.6398330" lat="-23.5430960" />
  <node id="4210971379" lon="-46.6409391" lat="-23.5430965" />
  <node id="4210971380" lon="-46.6397634" lat="-23.5431033" />
  <node id="4210971381" lon="-46.6409394" lat="-23.5431045" />
  <node id="4210971382" lon="-46.6405958" lat="-23.5431049" />
  <node id="4210971383" lon="-46.6407982" lat="-23.5431078" />
  <node id="4210971384" lon="-46.6404871" lat="-23.5431132" />
  <node id="4210971385" lon="-46.6409382" lat="-23.5431140" />
  <node id="4210971387" lon="-46.6406660" lat="-23.5431201" />
  <node id="4210971388" lon="-46.6408121" lat="-23.5431214" />
  <node id="4210971389" lon="-46.6409357" lat="-23.5431223" />
  <node id="4210971390" lon="-46.6395088" lat="-23.5431257" />
  <node id="4210971393" lon="-46.6397824" lat="-23.5431286" />
  <node id="4210971394" lon="-46.6407935" lat="-23.5431295" />
  <node id="4210971395" lon="-46.6397217" lat="-23.5431301" />
  <node id="4210971396" lon="-46.6407876" lat="-23.5431303" />
  <node id="4210971397" lon="-46.6408000" lat="-23.5431319" />
  <node id="4210971398" lon="-46.6409310" lat="-23.5431324" />
  <node id="4210971399" lon="-46.6407811" lat="-23.5431336" />
  <node id="4210971400" lon="-46.6407772" lat="-23.5431369" />
  <node id="4210971401" lon="-46.6397622" lat="-23.5431373" />
  <node id="4210971402" lon="-46.6409253" lat="-23.5431405" />
  <node id="4210971405" lon="-46.6406449" lat="-23.5431433" />
  <node id="4210971406" lon="-46.6407758" lat="-23.5431447" />
  <node id="4210971407" lon="-46.6407364" lat="-23.5431451" />
  <node id="4210971408" lon="-46.6409186" lat="-23.5431469" />
  <node id="4210971411" lon="-46.6407758" lat="-23.5431510" />
  <node id="4210971413" lon="-46.6397388" lat="-23.5431527" />
  <node id="4210971414" lon="-46.6405333" lat="-23.5438779" />
  <node id="4210971415" lon="-46.6409606" lat="-23.5438784" />
  <node id="4210971417" lon="-46.6408051" lat="-23.5438807" />
  <node id="4210971418" lon="-46.6399393" lat="-23.5438809" />
  <node id="4210971419" lon="-46.6399170" lat="-23.5438818" />
  <node id="4210971420" lon="-46.6396855" lat="-23.5438827" />
  <node id="4210971422" lon="-46.6399205" lat="-23.5438859" />
  <node id="4210971423" lon="-46.6407252" lat="-23.5438866" />
  <node id="4210971425" lon="-46.6399419" lat="-23.5438882" />
  <node id="4210971427" lon="-46.6399222" lat="-23.5438892" />
  <node id="4210971429" lon="-46.6408166" lat="-23.5438914" />
  <node id="4210971430" lon="-46.6383212" lat="-23.5438925" />
  <node id="4210971431" lon="-46.6399235" lat="-23.5438942" />
  <node id="4210971432" lon="-46.6399431" lat="-23.5438948" />
  <node id="4210971434" lon="-46.6401450" lat="-23.5438974" />
  <node id="4210971435" lon="-46.6406039" lat="-23.5438988" />
  <node id="4210971436" lon="-46.6409819" lat="-23.5438988" />
  <node id="4210971438" lon="-46.6399239" lat="-23.5438992" />
  <node id="4210971439" lon="-46.6399430" lat="-23.5438999" />
  <node id="4210971440" lon="-46.6389479" lat="-23.5439016" />
  <node id="4210971442" lon="-46.6383040" lat="-23.5439021" />
  <node id="4210971445" lon="-46.6383616" lat="-23.5439038" />
  <node id="4210971446" lon="-46.6382362" lat="-23.5439047" />
  <node id="4210971447" lon="-46.6399233" lat="-23.5439049" />
  <node id="4210971448" lon="-46.6378246" lat="-23.5439064" />
  <node id="4210971449" lon="-46.6384441" lat="-23.5439068" />
  <node id="4210971450" lon="-46.6399418" lat="-23.5439074" />
  <node id="4210971452" lon="-46.6399215" lat="-23.5439101" />
  <node id="4210971454" lon="-46.6397206" lat="-23.5439103" />
  <node id="4210971455" lon="-46.6406680" lat="-23.5439106" />
  <node id="4210971456" lon="-46.6408376" lat="-23.5439108" />
  <node id="4210971457" lon="-46.6392366" lat="-23.5439112" />
  <node id="4210971458" lon="-46.6405895" lat="-23.5439127" />
  <node id="4210971459" lon="-46.6392714" lat="-23.5439131" />
  <node id="4210971460" lon="-46.6399404" lat="-23.5439131" />
  <node id="4210971461" lon="-46.6399177" lat="-23.5439143" />
  <node id="4210971464" lon="-46.6391380" lat="-23.5439163" />
  <node id="4210971466" lon="-46.6383377" lat="-23.5439180" />
  <node id="4210971468" lon="-46.6404845" lat="-23.5439185" />
  <node id="4210971469" lon="-46.6399372" lat="-23.5439192" />
  <node id="4210971470" lon="-46.6406785" lat="-23.5439197" />
  <node id="4210971471" lon="-46.6391440" lat="-23.5439223" />
  <node id="4210971472" lon="-46.6399328" lat="-23.5439241" />
  <node id="4210971473" lon="-46.6406850" lat="-23.5439253" />
  <node id="4210971475" lon="-46.6379502" lat="-23.5439270" />
  <node id="4210971477" lon="-46.6404617" lat="-23.5439376" />
  <node id="4210971478" lon="-46.6393032" lat="-23.5439387" />
  <node id="4210971479" lon="-46.6383851" lat="-23.5439398" />
  <node id="4210971480" lon="-46.6383816" lat="-23.5439418" />
  <node id="4210971482" lon="-46.6379636" lat="-23.5439462" />
  <node id="4210971483" lon="-46.6384706" lat="-23.5439492" />
  <node id="4210971485" lon="-46.6377451" lat="-23.5439524" />
  <node id="4210971486" lon="-46.6383606" lat="-23.5439535" />
  <node id="4210971488" lon="-46.6379521" lat="-23.5439527" />
  <node id="4210971589" lon="-46.6398509" lat="-23.5432978" />
  <node id="4210971590" lon="-46.6398579" lat="-23.5433004" />
  <node id="4210971591" lon="-46.6399784" lat="-23.5433042" />
  <node id="4210971594" lon="-46.6392237" lat="-23.5433075" />
  <node id="4210971595" lon="-46.6399572" lat="-23.5433083" />
  <node id="4210971597" lon="-46.6395784" lat="-23.5433102" />
  <node id="4210971598" lon="-46.6398734" lat="-23.5433107" />
  <node id="4210971599" lon="-46.6406984" lat="-23.5433124" />
  <node id="4210971600" lon="-46.6396479" lat="-23.5433147" />
  <node id="4210971602" lon="-46.6399711" lat="-23.5433166" />
  <node id="4210971603" lon="-46.6410198" lat="-23.5433195" />
  <node id="4210971604" lon="-46.6396518" lat="-23.5433200" />
  <node id="4210971605" lon="-46.6395866" lat="-23.5433212" />
  <node id="4210971606" lon="-46.6398907" lat="-23.5433240" />
  <node id="4210971608" lon="-46.6400654" lat="-23.5433270" />
  <node id="4210971609" lon="-46.6401705" lat="-23.5433276" />
  <node id="4210971610" lon="-46.6395494" lat="-23.5433298" />
  <node id="4210971611" lon="-46.6396156" lat="-23.5433352" />
  <node id="4210971612" lon="-46.6396176" lat="-23.5433379" />
  <node id="4210971613" lon="-46.6409953" lat="-23.5433402" />
  <node id="4210971614" lon="-46.6409992" lat="-23.5433441" />
  <node id="4210971615" lon="-46.6410449" lat="-23.5433449" />
  <node id="4210971616" lon="-46.6396050" lat="-23.5433460" />
  <node id="4210971618" lon="-46.6408368" lat="-23.5433488" />
  <node id="4210971619" lon="-46.6395971" lat="-23.5433512" />
  <node id="4210971621" lon="-46.6400037" lat="-23.5433550" />
  <node id="4210971622" lon="-46.6391377" lat="-23.5433565" />
  <node id="4210971624" lon="-46.6409755" lat="-23.5433640" />
  <node id="4210971625" lon="-46.6400234" lat="-23.5433665" />
  <node id="4210971627" lon="-46.6397559" lat="-23.5433689" />
  <node id="4210971628" lon="-46.6397579" lat="-23.5433693" />
  <node id="4210971629" lon="-46.6397622" lat="-23.5433701" />
  <node id="4210971630" lon="-46.6391500" lat="-23.5433749" />
  <node id="4210971631" lon="-46.6397366" lat="-23.5433751" />
  <node id="4210971632" lon="-46.6409104" lat="-23.5433753" />
  <node id="4210971633" lon="-46.6394779" lat="-23.5433754" />
  <node id="4210971634" lon="-46.6387594" lat="-23.5433755" />
  <node id="4210971635" lon="-46.6397355" lat="-23.5433770" />
  <node id="4210971636" lon="-46.6394869" lat="-23.5433832" />
  <node id="4210971637" lon="-46.6397363" lat="-23.5433832" />
  <node id="4210971639" lon="-46.6408911" lat="-23.5433865" />
  <node id="4210971640" lon="-46.6397378" lat="-23.5433869" />
  <node id="4210971641" lon="-46.6408939" lat="-23.5433893" />
  <node id="4210971642" lon="-46.6410009" lat="-23.5433898" />
  <node id="4210971643" lon="-46.6397406" lat="-23.5433906" />
  <node id="4210971644" lon="-46.6399714" lat="-23.5433910" />
  <node id="4210971645" lon="-46.6407835" lat="-23.5433920" />
  <node id="4210971646" lon="-46.6408809" lat="-23.5433948" />
  <node id="4210971647" lon="-46.6387236" lat="-23.5433966" />
  <node id="4210971648" lon="-46.6391113" lat="-23.5433970" />
  <node id="4210971651" lon="-46.6409379" lat="-23.5434031" />
  <node id="4210971652" lon="-46.6408707" lat="-23.5434032" />
  <node id="4210971653" lon="-46.6399890" lat="-23.5434038" />
  <node id="4210971656" lon="-46.6400588" lat="-23.5434157" />
  <node id="4210971658" lon="-46.6409213" lat="-23.5434171" />
  <node id="4210971661" lon="-46.6396575" lat="-23.5434280" />
  <node id="4210971662" lon="-46.6400547" lat="-23.5434326" />
  <node id="4210971663" lon="-46.6400306" lat="-23.5434340" />
  <node id="4210971664" lon="-46.6407226" lat="-23.5434379" />
  <node id="4210971665" lon="-46.6400364" lat="-23.5434389" />
  <node id="4210971666" lon="-46.6386456" lat="-23.5434403" />
  <node id="4210971667" lon="-46.6400383" lat="-23.5434405" />
  <node id="4210971668" lon="-46.6400433" lat="-23.5434457" />
  <node id="4210971669" lon="-46.6409503" lat="-23.5434463" />
  <node id="4210971673" lon="-46.6394124" lat="-23.5434608" />
  <node id="4210971674" lon="-46.6407821" lat="-23.5434618" />
  <node id="4210971675" lon="-46.6400799" lat="-23.5434622" />
  <node id="4210971676" lon="-46.6389519" lat="-23.5434627" />
  <node id="4210971677" lon="-46.6409311" lat="-23.5434640" />
  <node id="4210971678" lon="-46.6400820" lat="-23.5434652" />
  <node id="4210971680" lon="-46.6395959" lat="-23.5434685" />
  <node id="4210971681" lon="-46.6400813" lat="-23.5434698" />
  <node id="4210971684" lon="-46.6408635" lat="-23.5434730" />
  <node id="4210971686" lon="-46.6400797" lat="-23.5434737" />
  <node id="4210971687" lon="-46.6407632" lat="-23.5434781" />
  <node id="4210971688" lon="-46.6385523" lat="-23.5434390" />
  <node id="4210971692" lon="-46.6389642" lat="-23.5434811" />
  <node id="4210971693" lon="-46.6408039" lat="-23.5434834" />
  <node id="4210971694" lon="-46.6400707" lat="-23.5434837" />
  <node id="4210971698" lon="-46.6406631" lat="-23.5434864" />
  <node id="4210971699" lon="-46.6408460" lat="-23.5434879" />
  <node id="4210971702" lon="-46.6409025" lat="-23.5434905" />
  <node id="4210971705" lon="-46.6388286" lat="-23.5445634" />
  <node id="4210971706" lon="-46.6403913" lat="-23.5445637" />
  <node id="4210971707" lon="-46.6409804" lat="-23.5445644" />
  <node id="4210971709" lon="-46.6409705" lat="-23.5445666" />
  <node id="4210971710" lon="-46.6372255" lat="-23.5445672" />
  <node id="4210971711" lon="-46.6376537" lat="-23.5445682" />
  <node id="4210971712" lon="-46.6398314" lat="-23.5445683" />
  <node id="4210971714" lon="-46.6393031" lat="-23.5445685" />
  <node id="4210971715" lon="-46.6406029" lat="-23.5445701" />
  <node id="4210971717" lon="-46.6382083" lat="-23.5445721" />
  <node id="4210971718" lon="-46.6411203" lat="-23.5445727" />
  <node id="4210971719" lon="-46.6375783" lat="-23.5445729" />
  <node id="4210971720" lon="-46.6375523" lat="-23.5445749" />
  <node id="4210971721" lon="-46.6392989" lat="-23.5445755" />
  <node id="4210971724" lon="-46.6406089" lat="-23.5445764" />
  <node id="4210971728" lon="-46.6392967" lat="-23.5445826" />
  <node id="4210971731" lon="-46.6398480" lat="-23.5445834" />
  <node id="4210971732" lon="-46.6408179" lat="-23.5445842" />
  <node id="4210971734" lon="-46.6373627" lat="-23.5445849" />
  <node id="4210971735" lon="-46.6377906" lat="-23.5445864" />
  <node id="4210971737" lon="-46.6404945" lat="-23.5445866" />
  <node id="4210971738" lon="-46.6400413" lat="-23.5445867" />
  <node id="4210971742" lon="-46.6410125" lat="-23.5445900" />
  <node id="4210971746" lon="-46.6405767" lat="-23.5445910" />
  <node id="4210971749" lon="-46.6400491" lat="-23.5445934" />
  <node id="4210971753" lon="-46.6381757" lat="-23.5445948" />
  <node id="4210971754" lon="-46.6405827" lat="-23.5445974" />
  <node id="4210971756" lon="-46.6410123" lat="-23.5445986" />
  <node id="4210971757" lon="-46.6390774" lat="-23.5445998" />
  <node id="4210971759" lon="-46.6392758" lat="-23.5446007" />
  <node id="4210971764" lon="-46.6381640" lat="-23.5446029" />
  <node id="4210971765" lon="-46.6405145" lat="-23.5446043" />
  <node id="4210971767" lon="-46.6410403" lat="-23.5446090" />
  <node id="4210971770" lon="-46.6401820" lat="-23.5446116" />
  <node id="4210971771" lon="-46.6410289" lat="-23.5446120" />
  <node id="4210971772" lon="-46.6410366" lat="-23.5446121" />
  <node id="4210971776" lon="-46.6394771" lat="-23.5446154" />
  <node id="4210971777" lon="-46.6397961" lat="-23.5446154" />
  <node id="4210971779" lon="-46.6373052" lat="-23.5446175" />
  <node id="4210971780" lon="-46.6387447" lat="-23.5446189" />
  <node id="4210971781" lon="-46.6394008" lat="-23.5446200" />
  <node id="4210971784" lon="-46.6377397" lat="-23.5446230" />
  <node id="4210971785" lon="-46.6405359" lat="-23.5446233" />
  <node id="4210971787" lon="-46.6381342" lat="-23.5446237" />
  <node id="4210971789" lon="-46.6401492" lat="-23.5435409" />
  <node id="4210971790" lon="-46.6392952" lat="-23.5435414" />
  <node id="4210971791" lon="-46.6401272" lat="-23.5435423" />
  <node id="4210971793" lon="-46.6399771" lat="-23.5435442" />
  <node id="4210971794" lon="-46.6401243" lat="-23.5435454" />
  <node id="4210971795" lon="-46.6384370" lat="-23.5435462" />
  <node id="4210971798" lon="-46.6399396" lat="-23.5435480" />
  <node id="4210971799" lon="-46.6400764" lat="-23.5435492" />
  <node id="4210971800" lon="-46.6401225" lat="-23.5435497" />
  <node id="4210971801" lon="-46.6399771" lat="-23.5435498" />
  <node id="4210971802" lon="-46.6392810" lat="-23.5435512" />
  <node id="4210971804" lon="-46.6409160" lat="-23.5435528" />
  <node id="4210971805" lon="-46.6392423" lat="-23.5435529" />
  <node id="4210971806" lon="-46.6384415" lat="-23.5435537" />
  <node id="4210971807" lon="-46.6408989" lat="-23.5435541" />
  <node id="4210971808" lon="-46.6401220" lat="-23.5435545" />
  <node id="4210971810" lon="-46.6399762" lat="-23.5435555" />
  <node id="4210971811" lon="-46.6403279" lat="-23.5435558" />
  <node id="4210971813" lon="-46.6408950" lat="-23.5435575" />
  <node id="4210971814" lon="-46.6388308" lat="-23.5435579" />
  <node id="4210971815" lon="-46.6408439" lat="-23.5435579" />
  <node id="4210971816" lon="-46.6401230" lat="-23.5435588" />
  <node id="4210971817" lon="-46.6399533" lat="-23.5435589" />
  <node id="4210971818" lon="-46.6399578" lat="-23.5435616" />
  <node id="4210971819" lon="-46.6399727" lat="-23.5435619" />
  <node id="4210971820" lon="-46.6400740" lat="-23.5435622" />
  <node id="4210971823" lon="-46.6399620" lat="-23.5435627" />
  <node id="4210971824" lon="-46.6392640" lat="-23.5435629" />
  <node id="4210971825" lon="-46.6384243" lat="-23.5435630" />
  <node id="4210971827" lon="-46.6399648" lat="-23.5435641" />
  <node id="4210971829" lon="-46.6409551" lat="-23.5435657" />
  <node id="4210971832" lon="-46.6384279" lat="-23.5435682" />
  <node id="4210971834" lon="-46.6401350" lat="-23.5435773" />
  <node id="4210971837" lon="-46.6409756" lat="-23.5435864" />
  <node id="4210971838" lon="-46.6403484" lat="-23.5435880" />
  <node id="4210971844" lon="-46.6409148" lat="-23.5435955" />
  <node id="4210971846" lon="-46.6385565" lat="-23.5435971" />
  <node id="4210971855" lon="-46.6407848" lat="-23.5436081" />
  <node id="4210971856" lon="-46.6383447" lat="-23.5436087" />
  <node id="4210971859" lon="-46.6408972" lat="-23.5436107" />
  <node id="4210971861" lon="-46.6383219" lat="-23.5436121" />
  <node id="4210971862" lon="-46.6395972" lat="-23.5436122" />
  <node id="4210971863" lon="-46.6383480" lat="-23.5436135" />
  <node id="4210971865" lon="-46.6409366" lat="-23.5436170" />
  <node id="4210971868" lon="-46.6383275" lat="-23.5436187" />
  <node id="4210971872" lon="-46.6410136" lat="-23.5436250" />
  <node id="4210971873" lon="-46.6407278" lat="-23.5436253" />
  <node id="4210971876" lon="-46.6382940" lat="-23.5436284" />
  <node id="4210971881" lon="-46.6400446" lat="-23.5436310" />
  <node id="4210971882" lon="-46.6409190" lat="-23.5436322" />
  <node id="4210971883" lon="-46.6385811" lat="-23.5436341" />
  <node id="4210971884" lon="-46.6400501" lat="-23.5436347" />
  <node id="4210971885" lon="-46.6383000" lat="-23.5436362" />
  <node id="4210971886" lon="-46.6407145" lat="-23.5436366" />
  <node id="4210971887" lon="-46.6384852" lat="-23.5436368" />
  <node id="4210971889" lon="-46.6402875" lat="-23.5436387" />
  <node id="4210971892" lon="-46.6399299" lat="-23.5436415" />
  <node id="4210971893" lon="-46.6404633" lat="-23.5436464" />
  <node id="4210971894" lon="-46.6400902" lat="-23.5436496" />
  <node id="4210971896" lon="-46.6396457" lat="-23.5436501" />
  <node id="4210971899" lon="-46.6395371" lat="-23.5436533" />
  <node id="4210971900" lon="-46.6398315" lat="-23.5436545" />
  <node id="4210971905" lon="-46.6382822" lat="-23.5436454" />
  <node id="4210971909" lon="-46.6396634" lat="-23.5436628" />
  <node id="4210971914" lon="-46.6409590" lat="-23.5436719" />
  <node id="4210971915" lon="-46.6395612" lat="-23.5436727" />
  <node id="4210971916" lon="-46.6385095" lat="-23.5436740" />
  <node id="4210971917" lon="-46.6402452" lat="-23.5436740" />
  <node id="4210971920" lon="-46.6401101" lat="-23.5436792" />
  <node id="4210971925" lon="-46.6400200" lat="-23.5436830" />
  <node id="4210971926" lon="-46.6404146" lat="-23.5436831" />
  <node id="4210971928" lon="-46.6402304" lat="-23.5436858" />
  <node id="4210971929" lon="-46.6394889" lat="-23.5436863" />
  <node id="4210971930" lon="-46.6400646" lat="-23.5436865" />
  <node id="4210971931" lon="-46.6405072" lat="-23.5436866" />
  <node id="4210971932" lon="-46.6396972" lat="-23.5436868" />
  <node id="4210971935" lon="-46.6394759" lat="-23.5436952" />
  <node id="4210971937" lon="-46.6396458" lat="-23.5436962" />
  <node id="4210971940" lon="-46.6400518" lat="-23.5437008" />
  <node id="4210971942" lon="-46.6396449" lat="-23.5437018" />
  <node id="4210971943" lon="-46.6383128" lat="-23.5436952" />
  <node id="4210971945" lon="-46.6397190" lat="-23.5437024" />
  <node id="4210971948" lon="-46.6381712" lat="-23.5437028" />
  <node id="4210971949" lon="-46.6398939" lat="-23.5437038" />
  <node id="4210971950" lon="-46.6394630" lat="-23.5437040" />
  <node id="4210971951" lon="-46.6381775" lat="-23.5436996" />
  <node id="4210971952" lon="-46.6400894" lat="-23.5437044" />
  <node id="4210971953" lon="-46.6396457" lat="-23.5437060" />
  <node id="4210971956" lon="-46.6396636" lat="-23.5437087" />
  <node id="4210971957" lon="-46.6396496" lat="-23.5437096" />
  <node id="4210971958" lon="-46.6382956" lat="-23.5437042" />
  <node id="4210971959" lon="-46.6396542" lat="-23.5437109" />
  <node id="4210971960" lon="-46.6396587" lat="-23.5437109" />
  <node id="4210971962" lon="-46.6395223" lat="-23.5437134" />
  <node id="4210971963" lon="-46.6397060" lat="-23.5437154" />
  <node id="4210971966" lon="-46.6406823" lat="-23.5437220" />
  <node id="4210971967" lon="-46.6403631" lat="-23.5437247" />
  <node id="4210971968" lon="-46.6381285" lat="-23.5437261" />
  <node id="4210971969" lon="-46.6409030" lat="-23.5437262" />
  <node id="4210971970" lon="-46.6404640" lat="-23.5437265" />
  <node id="4210971971" lon="-46.6405526" lat="-23.5437282" />
  <node id="4210971973" lon="-46.6403700" lat="-23.5437308" />
  <node id="4210971974" lon="-46.6408955" lat="-23.5437326" />
  <node id="4210971975" lon="-46.6389757" lat="-23.5437343" />
  <node id="4210971982" lon="-46.6408232" lat="-23.5437430" />
  <node id="4210971983" lon="-46.6406589" lat="-23.5437432" />
  <node id="4210971984" lon="-46.6381259" lat="-23.5437439" />
  <node id="4210971985" lon="-46.6409087" lat="-23.5437458" />
  <node id="4210971986" lon="-46.6401551" lat="-23.5437459" />
  <node id="4210972191" lon="-46.6389877" lat="-23.5437528" />
  <node id="4210972194" lon="-46.6383313" lat="-23.5437586" />
  <node id="4210972195" lon="-46.6408927" lat="-23.5437594" />
  <node id="4210972197" lon="-46.6383530" lat="-23.5437612" />
  <node id="4210972201" lon="-46.6395370" lat="-23.5437640" />
  <node id="4210972202" lon="-46.6399828" lat="-23.5437652" />
  <node id="4210972203" lon="-46.6389690" lat="-23.5437657" />
  <node id="4210972205" lon="-46.6407666" lat="-23.5437663" />
  <node id="4210972208" lon="-46.6407956" lat="-23.5437680" />
  <node id="4210972209" lon="-46.6405094" lat="-23.5437682" />
  <node id="4210972210" lon="-46.6410504" lat="-23.5437692" />
  <node id="4210972211" lon="-46.6409477" lat="-23.5437696" />
  <node id="4210972212" lon="-46.6399896" lat="-23.5437705" />
  <node id="4210972213" lon="-46.6399782" lat="-23.5437708" />
  <node id="4210972215" lon="-46.6405453" lat="-23.5437720" />
  <node id="4210972217" lon="-46.6408762" lat="-23.5437734" />
  <node id="4210972220" lon="-46.6382423" lat="-23.5437779" />
  <node id="4210972221" lon="-46.6408062" lat="-23.5437780" />
  <node id="4210972222" lon="-46.6390073" lat="-23.5437803" />
  <node id="4210972224" lon="-46.6383662" lat="-23.5437823" />
  <node id="4210972226" lon="-46.6407476" lat="-23.5437835" />
  <node id="4210972227" lon="-46.6408636" lat="-23.5437836" />
  <node id="4210972228" lon="-46.6382275" lat="-23.5437862" />
  <node id="4210972229" lon="-46.6390130" lat="-23.5437862" />
  <node id="4210972230" lon="-46.6405298" lat="-23.5437866" />
  <node id="4210972231" lon="-46.6401027" lat="-23.5437876" />
  <node id="4210972232" lon="-46.6406195" lat="-23.5437884" />
  <node id="4210972233" lon="-46.6383496" lat="-23.5437899" />
  <node id="4210972234" lon="-46.6409223" lat="-23.5437903" />
  <node id="4210972235" lon="-46.6407924" lat="-23.5437905" />
  <node id="4210972236" lon="-46.6400162" lat="-23.5437916" />
  <node id="4210972237" lon="-46.6401078" lat="-23.5437929" />
  <node id="4210972239" lon="-46.6410742" lat="-23.5437943" />
  <node id="4210972240" lon="-46.6389891" lat="-23.5437961" />
  <node id="4210972241" lon="-46.6405722" lat="-23.5437962" />
  <node id="4210972242" lon="-46.6407174" lat="-23.5437983" />
  <node id="4210972243" lon="-46.6400106" lat="-23.5437985" />
  <node id="4210972244" lon="-46.6396224" lat="-23.5437990" />
  <node id="4210972246" lon="-46.6382622" lat="-23.5438013" />
  <node id="4210972247" lon="-46.6388877" lat="-23.5438028" />
  <node id="4210972248" lon="-46.6408474" lat="-23.5438034" />
  <node id="4210972251" lon="-46.6408851" lat="-23.5438051" />
  <node id="4210972252" lon="-46.6407261" lat="-23.5438064" />
  <node id="4210972253" lon="-46.6416869" lat="-23.5437913" />
  <node id="4210972255" lon="-46.6410884" lat="-23.5438093" />
  <node id="4210972256" lon="-46.6410248" lat="-23.5438096" />
  <node id="4210972258" lon="-46.6405567" lat="-23.5438108" />
  <node id="4210972259" lon="-46.6382440" lat="-23.5438113" />
  <node id="4210972263" lon="-46.6405618" lat="-23.5438154" />
  <node id="4210972270" lon="-46.6396032" lat="-23.5438182" />
  <node id="4210972271" lon="-46.6400367" lat="-23.5438188" />
  <node id="4210972273" lon="-46.6400415" lat="-23.5438218" />
  <node id="4210972274" lon="-46.6408672" lat="-23.5438220" />
  <node id="4210972277" lon="-46.6400704" lat="-23.5438227" />
  <node id="4210972280" lon="-46.6400471" lat="-23.5438239" />
  <node id="4210972282" lon="-46.6408245" lat="-23.5438241" />
  <node id="4210972283" lon="-46.6400649" lat="-23.5438244" />
  <node id="4210972284" lon="-46.6392858" lat="-23.5438253" />
  <node id="4210972285" lon="-46.6400531" lat="-23.5438255" />
  <node id="4210972286" lon="-46.6400596" lat="-23.5438256" />
  <node id="4210972287" lon="-46.6410059" lat="-23.5438261" />
  <node id="4210972450" lon="-46.6405228" lat="-23.5443832" />
  <node id="4210972451" lon="-46.6408356" lat="-23.5443842" />
  <node id="4210972453" lon="-46.6386927" lat="-23.5443848" />
  <node id="4210972454" lon="-46.6407599" lat="-23.5443853" />
  <node id="4210972455" lon="-46.6386570" lat="-23.5443858" />
  <node id="4210972456" lon="-46.6379903" lat="-23.5443887" />
  <node id="4210972457" lon="-46.6388444" lat="-23.5443888" />
  <node id="4210972459" lon="-46.6401437" lat="-23.5443910" />
  <node id="4210972461" lon="-46.6379337" lat="-23.5443944" />
  <node id="4210972462" lon="-46.6387013" lat="-23.5443962" />
  <node id="4210972463" lon="-46.6401039" lat="-23.5443962" />
  <node id="4210972465" lon="-46.6400428" lat="-23.5443986" />
  <node id="4210972466" lon="-46.6404153" lat="-23.5443987" />
  <node id="4210972468" lon="-46.6393292" lat="-23.5443994" />
  <node id="4210972469" lon="-46.6385729" lat="-23.5444009" />
  <node id="4210972475" lon="-46.6391193" lat="-23.5444086" />
  <node id="4210972476" lon="-46.6396599" lat="-23.5444106" />
  <node id="4210972477" lon="-46.6401214" lat="-23.5444118" />
  <node id="4210972478" lon="-46.6404019" lat="-23.5444121" />
  <node id="4210972479" lon="-46.6387125" lat="-23.5444124" />
  <node id="4210972482" lon="-46.6407966" lat="-23.5444154" />
  <node id="4210972484" lon="-46.6369339" lat="-23.5444176" />
  <node id="4210972485" lon="-46.6401292" lat="-23.5444187" />
  <node id="4210972486" lon="-46.6398514" lat="-23.5444200" />
  <node id="4210972487" lon="-46.6379898" lat="-23.5444205" />
  <node id="4210972488" lon="-46.6373010" lat="-23.5444232" />
  <node id="4210972590" lon="-46.6410534" lat="-23.5438270" />
  <node id="4210972591" lon="-46.6405772" lat="-23.5438292" />
  <node id="4210972592" lon="-46.6397343" lat="-23.5438317" />
  <node id="4210972593" lon="-46.6409115" lat="-23.5438317" />
  <node id="4210972594" lon="-46.6410480" lat="-23.5438321" />
  <node id="4210972595" lon="-46.6410127" lat="-23.5438327" />
  <node id="4210972596" lon="-46.6406681" lat="-23.5438329" />
  <node id="4210972597" lon="-46.6379612" lat="-23.5438318" />
  <node id="4210972599" lon="-46.6379531" lat="-23.5438324" />
  <node id="4210972600" lon="-46.6404863" lat="-23.5438345" />
  <node id="4210972601" lon="-46.6396649" lat="-23.5438347" />
  <node id="4210972602" lon="-46.6379697" lat="-23.5438347" />
  <node id="4210972603" lon="-46.6379459" lat="-23.5438349" />
  <node id="4210972604" lon="-46.6405859" lat="-23.5438370" />
  <node id="4210972605" lon="-46.6381935" lat="-23.5438389" />
  <node id="4210972607" lon="-46.6402325" lat="-23.5438396" />
  <node id="4210972608" lon="-46.6381890" lat="-23.5438413" />
  <node id="4210972609" lon="-46.6379754" lat="-23.5438393" />
  <node id="4210972610" lon="-46.6379361" lat="-23.5438404" />
  <node id="4210972612" lon="-46.6408449" lat="-23.5438432" />
  <node id="4210972613" lon="-46.6405315" lat="-23.5438445" />
  <node id="4210972615" lon="-46.6408923" lat="-23.5438446" />
  <node id="4210972616" lon="-46.6404750" lat="-23.5438449" />
  <node id="4210972618" lon="-46.6408416" lat="-23.5438463" />
  <node id="4210972619" lon="-46.6379808" lat="-23.5438450" />
  <node id="4210972624" lon="-46.6396476" lat="-23.5438530" />
  <node id="4210972626" lon="-46.6405071" lat="-23.5438537" />
  <node id="4210972627" lon="-46.6405436" lat="-23.5438551" />
  <node id="4210972628" lon="-46.6389200" lat="-23.5438558" />
  <node id="4210972629" lon="-46.6393249" lat="-23.5438562" />
  <node id="4210972631" lon="-46.6402494" lat="-23.5438576" />
  <node id="4210972633" lon="-46.6405610" lat="-23.5438609" />
  <node id="4210972634" lon="-46.6404959" lat="-23.5438641" />
  <node id="4210972635" lon="-46.6397796" lat="-23.5438644" />
  <node id="4210972636" lon="-46.6405322" lat="-23.5438662" />
  <node id="4210972637" lon="-46.6399271" lat="-23.5438664" />
  <node id="4210972638" lon="-46.6383045" lat="-23.5438667" />
  <node id="4210972639" lon="-46.6402374" lat="-23.5438671" />
  <node id="4210972641" lon="-46.6408667" lat="-23.5438688" />
  <node id="4210972643" lon="-46.6392189" lat="-23.5438710" />
  <node id="4210972644" lon="-46.6406252" lat="-23.5438717" />
  <node id="4210972645" lon="-46.6405396" lat="-23.5438727" />
  <node id="4210972646" lon="-46.6407097" lat="-23.5438730" />
  <node id="4210972648" lon="-46.6399346" lat="-23.5438742" />
  <node id="4210972650" lon="-46.6406297" lat="-23.5438757" />
  <node id="4210972652" lon="-46.6382871" lat="-23.5438764" />
  <node id="4210972656" lon="-46.6379704" lat="-23.5440743" />
  <node id="4210972657" lon="-46.6397164" lat="-23.5440752" />
  <node id="4210972658" lon="-46.6397592" lat="-23.5440762" />
  <node id="4210972659" lon="-46.6379370" lat="-23.5440768" />
  <node id="4210972660" lon="-46.6388204" lat="-23.5440787" />
  <node id="4210972661" lon="-46.6407204" lat="-23.5440792" />
  <node id="4210972663" lon="-46.6388156" lat="-23.5440794" />
  <node id="4210972664" lon="-46.6396961" lat="-23.5440796" />
  <node id="4210972665" lon="-46.6397240" lat="-23.5440799" />
  <node id="4210972666" lon="-46.6397513" lat="-23.5440801" />
  <node id="4210972668" lon="-46.6397298" lat="-23.5440815" />
  <node id="4210972669" lon="-46.6397416" lat="-23.5440817" />
  <node id="4210972670" lon="-46.6397325" lat="-23.5440822" />
  <node id="4210972672" lon="-46.6379555" lat="-23.5440830" />
  <node id="4210972673" lon="-46.6408595" lat="-23.5440831" />
  <node id="4210972674" lon="-46.6379773" lat="-23.5440844" />
  <node id="4210972675" lon="-46.6375164" lat="-23.5440845" />
  <node id="4210972677" lon="-46.6394854" lat="-23.5440846" />
  <node id="4210972678" lon="-46.6408911" lat="-23.5440848" />
  <node id="4210972679" lon="-46.6396946" lat="-23.5440890" />
  <node id="4210972681" lon="-46.6388780" lat="-23.5440900" />
  <node id="4210972684" lon="-46.6379614" lat="-23.5440916" />
  <node id="4210972685" lon="-46.6410302" lat="-23.5440932" />
  <node id="4210972687" lon="-46.6407261" lat="-23.5440967" />
  <node id="4210972688" lon="-46.6390692" lat="-23.5440969" />
  <node id="4210972689" lon="-46.6406440" lat="-23.5439563" />
  <node id="4210972690" lon="-46.6392821" lat="-23.5439566" />
  <node id="4210972692" lon="-46.6403174" lat="-23.5439587" />
  <node id="4210972693" lon="-46.6391804" lat="-23.5439589" />
  <node id="4210972694" lon="-46.6393331" lat="-23.5439626" />
  <node id="4210972695" lon="-46.6394610" lat="-23.5439636" />
  <node id="4210972697" lon="-46.6383393" lat="-23.5439655" />
  <node id="4210972698" lon="-46.6383981" lat="-23.5439667" />
  <node id="4210972699" lon="-46.6407287" lat="-23.5439668" />
  <node id="4210972700" lon="-46.6393272" lat="-23.5439676" />
  <node id="4210972702" lon="-46.6384341" lat="-23.5439697" />
  <node id="4210972703" lon="-46.6410530" lat="-23.5439700" />
  <node id="4210972704" lon="-46.6379623" lat="-23.5439682" />
  <node id="4210972705" lon="-46.6378691" lat="-23.5439739" />
  <node id="4210972706" lon="-46.6380626" lat="-23.5439742" />
  <node id="4210972709" lon="-46.6403697" lat="-23.5439805" />
  <node id="4210972711" lon="-46.6388108" lat="-23.5439811" />
  <node id="4210972712" lon="-46.6406830" lat="-23.5439825" />
  <node id="4210972715" lon="-46.6406799" lat="-23.5439851" />
  <node id="4210972717" lon="-46.6392471" lat="-23.5439864" />
  <node id="4210972718" lon="-46.6407538" lat="-23.5439878" />
  <node id="4210972719" lon="-46.6400569" lat="-23.5439881" />
  <node id="4210972720" lon="-46.6388152" lat="-23.5439882" />
  <node id="4210972722" lon="-46.6400495" lat="-23.5439886" />
  <node id="4210972723" lon="-46.6394367" lat="-23.5439896" />
  <node id="4210972724" lon="-46.6398218" lat="-23.5439897" />
  <node id="4210972725" lon="-46.6400424" lat="-23.5439902" />
  <node id="4210972726" lon="-46.6383557" lat="-23.5439905" />
  <node id="4210972727" lon="-46.6382925" lat="-23.5439917" />
  <node id="4210972728" lon="-46.6406704" lat="-23.5439929" />
  <node id="4210972729" lon="-46.6400339" lat="-23.5439935" />
  <node id="4210972730" lon="-46.6410250" lat="-23.5439937" />
  <node id="4210972731" lon="-46.6403527" lat="-23.5439947" />
  <node id="4210972734" lon="-46.6402709" lat="-23.5439975" />
  <node id="4210972735" lon="-46.6400256" lat="-23.5439977" />
  <node id="4210972737" lon="-46.6398356" lat="-23.5440005" />
  <node id="4210972738" lon="-46.6376616" lat="-23.5440006" />
  <node id="4210972739" lon="-46.6387893" lat="-23.5440022" />
  <node id="4210972742" lon="-46.6406570" lat="-23.5440041" />
  <node id="4210972743" lon="-46.6392258" lat="-23.5440045" />
  <node id="4210972747" lon="-46.6378922" lat="-23.5440090" />
  <node id="4210972750" lon="-46.6409445" lat="-23.5440120" />
  <node id="4210972751" lon="-46.6407815" lat="-23.5440127" />
  <node id="4210972754" lon="-46.6397877" lat="-23.5440163" />
  <node id="4210972755" lon="-46.6397953" lat="-23.5440163" />
  <node id="4210972756" lon="-46.6397804" lat="-23.5440173" />
  <node id="4210972757" lon="-46.6398015" lat="-23.5440177" />
  <node id="4210972759" lon="-46.6397723" lat="-23.5440200" />
  <node id="4210972760" lon="-46.6398092" lat="-23.5440207" />
  <node id="4210972764" lon="-46.6397635" lat="-23.5440239" />
  <node id="4210972765" lon="-46.6385182" lat="-23.5440252" />
  <node id="4210972767" lon="-46.6397586" lat="-23.5440274" />
  <node id="4210972769" lon="-46.6410890" lat="-23.5440312" />
  <node id="4210972770" lon="-46.6376081" lat="-23.5440315" />
  <node id="4210972772" lon="-46.6397656" lat="-23.5440335" />
  <node id="4210972775" lon="-46.6395545" lat="-23.5440374" />
  <node id="4210972776" lon="-46.6410956" lat="-23.5440377" />
  <node id="4210972777" lon="-46.6388117" lat="-23.5440396" />
  <node id="4210972778" lon="-46.6397697" lat="-23.5440396" />
  <node id="4210972780" lon="-46.6407567" lat="-23.5440406" />
  <node id="4210972781" lon="-46.6409117" lat="-23.5440414" />
  <node id="4210972782" lon="-46.6388055" lat="-23.5440423" />
  <node id="4210972783" lon="-46.6410746" lat="-23.5440434" />
  <node id="4210972784" lon="-46.6384834" lat="-23.5440446" />
  <node id="4210972785" lon="-46.6408179" lat="-23.5440456" />
  <node id="4210972786" lon="-46.6403316" lat="-23.5440458" />
  <node id="4210972787" lon="-46.6397725" lat="-23.5440471" />
  <node id="4210972789" lon="-46.6397725" lat="-23.5440488" />
  <node id="4210972791" lon="-46.6407450" lat="-23.5440528" />
  <node id="4210972792" lon="-46.6397726" lat="-23.5440535" />
  <node id="4210972793" lon="-46.6379221" lat="-23.5440543" />
  <node id="4210972795" lon="-46.6385392" lat="-23.5440588" />
  <node id="4210972796" lon="-46.6375594" lat="-23.5440597" />
  <node id="4210972799" lon="-46.6397705" lat="-23.5440630" />
  <node id="4210972800" lon="-46.6395295" lat="-23.5440640" />
  <node id="4210972803" lon="-46.6407332" lat="-23.5440652" />
  <node id="4210972804" lon="-46.6381223" lat="-23.5440658" />
  <node id="4210972805" lon="-46.6397055" lat="-23.5440665" />
  <node id="4210972807" lon="-46.6390465" lat="-23.5440682" />
  <node id="4210972808" lon="-46.6408748" lat="-23.5440694" />
  <node id="4210972809" lon="-46.6380024" lat="-23.5440698" />
  <node id="4210972810" lon="-46.6397659" lat="-23.5440701" />
  <node id="4210972811" lon="-46.6410062" lat="-23.5440703" />
  <node id="4210972812" lon="-46.6407916" lat="-23.5440712" />
  <node id="4210972813" lon="-46.6397002" lat="-23.5440718" />
  <node id="4210972890" lon="-46.6379508" lat="-23.5440977" />
  <node id="4210972892" lon="-46.6378450" lat="-23.5440978" />
  <node id="4210972894" lon="-46.6396947" lat="-23.5440982" />
  <node id="4210972896" lon="-46.6389665" lat="-23.5440984" />
  <node id="4210972897" lon="-46.6408767" lat="-23.5440987" />
  <node id="4210972898" lon="-46.6374911" lat="-23.5440992" />
  <node id="4210972899" lon="-46.6409735" lat="-23.5440998" />
  <node id="4210972900" lon="-46.6408785" lat="-23.5441003" />
  <node id="4210972903" lon="-46.6394632" lat="-23.5441035" />
  <node id="4210972905" lon="-46.6385990" lat="-23.5441051" />
  <node id="4210972906" lon="-46.6388274" lat="-23.5441065" />
  <node id="4210972907" lon="-46.6379350" lat="-23.5441069" />
  <node id="4210972908" lon="-46.6396961" lat="-23.5441073" />
  <node id="4210972910" lon="-46.6388237" lat="-23.5441085" />
  <node id="4210972912" lon="-46.6388313" lat="-23.5441126" />
  <node id="4210972913" lon="-46.6407586" lat="-23.5441126" />
  <node id="4210972914" lon="-46.6409255" lat="-23.5441155" />
  <node id="4210972915" lon="-46.6380348" lat="-23.5441171" />
  <node id="4210972916" lon="-46.6385759" lat="-23.5441175" />
  <node id="4210972917" lon="-46.6407518" lat="-23.5441192" />
  <node id="4210972918" lon="-46.6378602" lat="-23.5441199" />
  <node id="4210972919" lon="-46.6406795" lat="-23.5441212" />
  <node id="4210972923" lon="-46.6396692" lat="-23.5441280" />
  <node id="4210972925" lon="-46.6409104" lat="-23.5441290" />
  <node id="4210972926" lon="-46.6409402" lat="-23.5441294" />
  <node id="4210972928" lon="-46.6406908" lat="-23.5441310" />
  <node id="4210972929" lon="-46.6410700" lat="-23.5441313" />
  <node id="4210972930" lon="-46.6389037" lat="-23.5441318" />
  <node id="4210972934" lon="-46.6389082" lat="-23.5441375" />
  <node id="4210972935" lon="-46.6386308" lat="-23.5441379" />
  <node id="4210972936" lon="-46.6386223" lat="-23.5441406" />
  <node id="4210972938" lon="-46.6383924" lat="-23.5441422" />
  <node id="4210972940" lon="-46.6409255" lat="-23.5441426" />
  <node id="4210972943" lon="-46.6400519" lat="-23.5441465" />
  <node id="4210972944" lon="-46.6400592" lat="-23.5441465" />
  <node id="4210972945" lon="-46.6400665" lat="-23.5441471" />
  <node id="4210972946" lon="-46.6400446" lat="-23.5441472" />
  <node id="4210972947" lon="-46.6400737" lat="-23.5441485" />
  <node id="4210972948" lon="-46.6400374" lat="-23.5441486" />
  <node id="4210972950" lon="-46.6400807" lat="-23.5441505" />
  <node id="4210972951" lon="-46.6400304" lat="-23.5441507" />
  <node id="4210972953" lon="-46.6388765" lat="-23.5441530" />
  <node id="4210972954" lon="-46.6400875" lat="-23.5441531" />
  <node id="4210972955" lon="-46.6400236" lat="-23.5441533" />
  <node id="4210972956" lon="-46.6379674" lat="-23.5441544" />
  <node id="4210972960" lon="-46.6398308" lat="-23.5441562" />
  <node id="4210972961" lon="-46.6400939" lat="-23.5441563" />
  <node id="4210972962" lon="-46.6400172" lat="-23.5441566" />
  <node id="4210972965" lon="-46.6407217" lat="-23.5441577" />
  <node id="4210972967" lon="-46.6400129" lat="-23.5441593" />
  <node id="4210972968" lon="-46.6398394" lat="-23.5441599" />
  <node id="4210972969" lon="-46.6401000" lat="-23.5441601" />
  <node id="4210972970" lon="-46.6388614" lat="-23.5441603" />
  <node id="4210972971" lon="-46.6406383" lat="-23.5441609" />
  <node id="4210972973" lon="-46.6401056" lat="-23.5441645" />
  <node id="4210972974" lon="-46.6400183" lat="-23.5441650" />
  <node id="4210972975" lon="-46.6386599" lat="-23.5441652" />
  <node id="4210972976" lon="-46.6373760" lat="-23.5441659" />
  <node id="4210972977" lon="-46.6386548" lat="-23.5441673" />
  <node id="4210972978" lon="-46.6407328" lat="-23.5441673" />
  <node id="4210972979" lon="-46.6408082" lat="-23.5441686" />
  <node id="4210972981" lon="-46.6401107" lat="-23.5441694" />
  <node id="4210972983" lon="-46.6407398" lat="-23.5441734" />
  <node id="4210972985" lon="-46.6401153" lat="-23.5441747" />
  <node id="4210972987" lon="-46.6407013" lat="-23.5441777" />
  <node id="4210972988" lon="-46.6388935" lat="-23.5441781" />
  <node id="4210972989" lon="-46.6396034" lat="-23.5441792" />
  <node id="4210972990" lon="-46.6388216" lat="-23.5441797" />
  <node id="4210972991" lon="-46.6401193" lat="-23.5441804" />
  <node id="4210972992" lon="-46.6373507" lat="-23.5441805" />
  <node id="4210972994" lon="-46.6386859" lat="-23.5441837" />
  <node id="4210972995" lon="-46.6401226" lat="-23.5441864" />
  <node id="4210972996" lon="-46.6386795" lat="-23.5441872" />
  <node id="4210972997" lon="-46.6377893" lat="-23.5441874" />
  <node id="4210972998" lon="-46.6407131" lat="-23.5441880" />
  <node id="4210973001" lon="-46.6399875" lat="-23.5441900" />
  <node id="4210973003" lon="-46.6379093" lat="-23.5441913" />
  <node id="4210973004" lon="-46.6386707" lat="-23.5441919" />
  <node id="4210973005" lon="-46.6398734" lat="-23.5441919" />
  <node id="4210973006" lon="-46.6401252" lat="-23.5441927" />
  <node id="4210973007" lon="-46.6386245" lat="-23.5441933" />
  <node id="4210973009" lon="-46.6407193" lat="-23.5441934" />
  <node id="4210973010" lon="-46.6399854" lat="-23.5441962" />
  <node id="4210973012" lon="-46.6409857" lat="-23.5441969" />
  <node id="4210973013" lon="-46.6387827" lat="-23.5441986" />
  <node id="4210973014" lon="-46.6401271" lat="-23.5441992" />
  <node id="4210973015" lon="-46.6386675" lat="-23.5441994" />
  <node id="4210973016" lon="-46.6399838" lat="-23.5442028" />
  <node id="4210973017" lon="-46.6403418" lat="-23.5442048" />
  <node id="4210973018" lon="-46.6401284" lat="-23.5442059" />
  <node id="4210973019" lon="-46.6406956" lat="-23.5442064" />
  <node id="4210973020" lon="-46.6399504" lat="-23.5442067" />
  <node id="4210973021" lon="-46.6401603" lat="-23.5442071" />
  <node id="4210973022" lon="-46.6377290" lat="-23.5442090" />
  <node id="4210973023" lon="-46.6399830" lat="-23.5442095" />
  <node id="4210973026" lon="-46.6388428" lat="-23.5442110" />
  <node id="4210973027" lon="-46.6401289" lat="-23.5442127" />
  <node id="4210973030" lon="-46.6386386" lat="-23.5442151" />
  <node id="4210973031" lon="-46.6399829" lat="-23.5442163" />
  <node id="4210973032" lon="-46.6410079" lat="-23.5442180" />
  <node id="4210973033" lon="-46.6377353" lat="-23.5442182" />
  <node id="4210973035" lon="-46.6401286" lat="-23.5442194" />
  <node id="4210973038" lon="-46.6407162" lat="-23.5442228" />
  <node id="4210973039" lon="-46.6399835" lat="-23.5442231" />
  <node id="4210973041" lon="-46.6397461" lat="-23.5442251" />
  <node id="4210973042" lon="-46.6401276" lat="-23.5442261" />
  <node id="4210973043" lon="-46.6387257" lat="-23.5442264" />
  <node id="4210973044" lon="-46.6405687" lat="-23.5442282" />
  <node id="4210973045" lon="-46.6399849" lat="-23.5442297" />
  <node id="4210973048" lon="-46.6399186" lat="-23.5442320" />
  <node id="4210973050" lon="-46.6401259" lat="-23.5442327" />
  <node id="4210973051" lon="-46.6387081" lat="-23.5442350" />
  <node id="4210973052" lon="-46.6410262" lat="-23.5442353" />
  <node id="4210973053" lon="-46.6399870" lat="-23.5442362" />
  <node id="4210973054" lon="-46.6376810" lat="-23.5442369" />
  <node id="4210973056" lon="-46.6407365" lat="-23.5442389" />
  <node id="4210973057" lon="-46.6401235" lat="-23.5442391" />
  <node id="4210973059" lon="-46.6386946" lat="-23.5442418" />
  <node id="4210973060" lon="-46.6399898" lat="-23.5442424" />
  <node id="4210973062" lon="-46.6403911" lat="-23.5442443" />
  <node id="4210973064" lon="-46.6401204" lat="-23.5442453" />
  <node id="4210973067" lon="-46.6399933" lat="-23.5442484" />
  <node id="4210973068" lon="-46.6378313" lat="-23.5442489" />
  <node id="4210973069" lon="-46.6395127" lat="-23.5442498" />
  <node id="4210973070" lon="-46.6401166" lat="-23.5442511" />
  <node id="4210973073" lon="-46.6399974" lat="-23.5442540" />
  <node id="4210973074" lon="-46.6407563" lat="-23.5442547" />
  <node id="4210973075" lon="-46.6376935" lat="-23.5442552" />
  <node id="4210973076" lon="-46.6401122" lat="-23.5442565" />
  <node id="4210973077" lon="-46.6386652" lat="-23.5442567" />
  <node id="4210973078" lon="-46.6375990" lat="-23.5442570" />
  <node id="4210973079" lon="-46.6402234" lat="-23.5442577" />
  <node id="4210973082" lon="-46.6400021" lat="-23.5442592" />
  <node id="4210973083" lon="-46.6404211" lat="-23.5442595" />
  <node id="4210973084" lon="-46.6375399" lat="-23.5442597" />
  <node id="4210973085" lon="-46.6401073" lat="-23.5442615" />
  <node id="4210973086" lon="-46.6400073" lat="-23.5442640" />
  <node id="4210973087" lon="-46.6404163" lat="-23.5442646" />
  <node id="4210973088" lon="-46.6397910" lat="-23.5442650" />
  <node id="4210973089" lon="-46.6401018" lat="-23.5442660" />
  <node id="4210973090" lon="-46.6400130" lat="-23.5442682" />
  <node id="4210973091" lon="-46.6394886" lat="-23.5442688" />
  <node id="4210973092" lon="-46.6371977" lat="-23.5442692" />
  <node id="4210973094" lon="-46.6400959" lat="-23.5442700" />
  <node id="4210973095" lon="-46.6375761" lat="-23.5442702" />
  <node id="4210973096" lon="-46.6396890" lat="-23.5442702" />
  <node id="4210973097" lon="-46.6407763" lat="-23.5442705" />
  <node id="4210973098" lon="-46.6400192" lat="-23.5442719" />
  <node id="4210973099" lon="-46.6400895" lat="-23.5442734" />
  <node id="4210973100" lon="-46.6400257" lat="-23.5442750" />
  <node id="4210973103" lon="-46.6402059" lat="-23.5442758" />
  <node id="4210973104" lon="-46.6400829" lat="-23.5442763" />
  <node id="4210973107" lon="-46.6406283" lat="-23.5442772" />
  <node id="4210973108" lon="-46.6400325" lat="-23.5442775" />
  <node id="4210973110" lon="-46.6400759" lat="-23.5442784" />
  <node id="4210973111" lon="-46.6400396" lat="-23.5442794" />
  <node id="4210973113" lon="-46.6400688" lat="-23.5442800" />
  <node id="4210973114" lon="-46.6402038" lat="-23.5442804" />
  <node id="4210973115" lon="-46.6400468" lat="-23.5442805" />
  <node id="4210973117" lon="-46.6400615" lat="-23.5442808" />
  <node id="4210973119" lon="-46.6400541" lat="-23.5442810" />
  <node id="4210973121" lon="-46.6375837" lat="-23.5442812" />
  <node id="4210973123" lon="-46.6384853" lat="-23.5442824" />
  <node id="4210973124" lon="-46.6376519" lat="-23.5442826" />
  <node id="4210973125" lon="-46.6387674" lat="-23.5442838" />
  <node id="4210973127" lon="-46.6402035" lat="-23.5442849" />
  <node id="4210973128" lon="-46.6404530" lat="-23.5442850" />
  <node id="4210973129" lon="-46.6400289" lat="-23.5442887" />
  <node id="4210973130" lon="-46.6402041" lat="-23.5442895" />
  <node id="4210973132" lon="-46.6400871" lat="-23.5442898" />
  <node id="4210973133" lon="-46.6404483" lat="-23.5442901" />
  <node id="4210973134" lon="-46.6402358" lat="-23.5442918" />
  <node id="4210973136" lon="-46.6375630" lat="-23.5442933" />
  <node id="4210973137" lon="-46.6402059" lat="-23.5442939" />
  <node id="4210973140" lon="-46.6406502" lat="-23.5442952" />
  <node id="4210973143" lon="-46.6402083" lat="-23.5442967" />
  <node id="4210973144" lon="-46.6409479" lat="-23.5442967" />
  <node id="4210973146" lon="-46.6402430" lat="-23.5442988" />
  <node id="4210973147" lon="-46.6402122" lat="-23.5442994" />
  <node id="4210973148" lon="-46.6402269" lat="-23.5442998" />
  <node id="4210973149" lon="-46.6387288" lat="-23.5443000" />
  <node id="4210973150" lon="-46.6408138" lat="-23.5443003" />
  <node id="4210973151" lon="-46.6402214" lat="-23.5443009" />
  <node id="4210973152" lon="-46.6374684" lat="-23.5443012" />
  <node id="4210973155" lon="-46.6398347" lat="-23.5443039" />
  <node id="4210973156" lon="-46.6398194" lat="-23.5443080" />
  <node id="4210973158" lon="-46.6406685" lat="-23.5443102" />
  <node id="4210973163" lon="-46.6398251" lat="-23.5443131" />
  <node id="4210973164" lon="-46.6404902" lat="-23.5443147" />
  <node id="4210973165" lon="-46.6387903" lat="-23.5443154" />
  <node id="4210973166" lon="-46.6397382" lat="-23.5443155" />
  <node id="4210973168" lon="-46.6374433" lat="-23.5443159" />
  <node id="4210973169" lon="-46.6375787" lat="-23.5443163" />
  <node id="4210973170" lon="-46.6408343" lat="-23.5443166" />
  <node id="4210973173" lon="-46.6404855" lat="-23.5443198" />
  <node id="4210973176" lon="-46.6409129" lat="-23.5443236" />
  <node id="4210973177" lon="-46.6406868" lat="-23.5443252" />
  <node id="4210973179" lon="-46.6400715" lat="-23.5443254" />
  <node id="4210973182" lon="-46.6403009" lat="-23.5443297" />
  <node id="4210973183" lon="-46.6388018" lat="-23.5443313" />
  <node id="4210973189" lon="-46.6388840" lat="-23.5443365" />
  <node id="4210973190" lon="-46.6402022" lat="-23.5443367" />
  <node id="4210973193" lon="-46.6387570" lat="-23.5443390" />
  <node id="4210973195" lon="-46.6370732" lat="-23.5443393" />
  <node id="4210973197" lon="-46.6407051" lat="-23.5443402" />
  <node id="4210973198" lon="-46.6405222" lat="-23.5443403" />
  <node id="4210973200" lon="-46.6385279" lat="-23.5443423" />
  <node id="4210973203" lon="-46.6386624" lat="-23.5443430" />
  <node id="4210973205" lon="-46.6402862" lat="-23.5443437" />
  <node id="4210973206" lon="-46.6403459" lat="-23.5443445" />
  <node id="4210973208" lon="-46.6405175" lat="-23.5443454" />
  <node id="4210973209" lon="-46.6395933" lat="-23.5443456" />
  <node id="4210973210" lon="-46.6388126" lat="-23.5443461" />
  <node id="4210973211" lon="-46.6400487" lat="-23.5443473" />
  <node id="4210973212" lon="-46.6376968" lat="-23.5443481" />
  <node id="4210973214" lon="-46.6397755" lat="-23.5443500" />
  <node id="4210973215" lon="-46.6408774" lat="-23.5443508" />
  <node id="4210973216" lon="-46.6387679" lat="-23.5443533" />
  <node id="4210973218" lon="-46.6387633" lat="-23.5443562" />
  <node id="4210973222" lon="-46.6403334" lat="-23.5443572" />
  <node id="4210973224" lon="-46.6386365" lat="-23.5443598" />
  <node id="4210973227" lon="-46.6402576" lat="-23.5443619" />
  <node id="4210973233" lon="-46.6402620" lat="-23.5443650" />
  <node id="4210973235" lon="-46.6405449" lat="-23.5443671" />
  <node id="4210973236" lon="-46.6399063" lat="-23.5443676" />
  <node id="4210973238" lon="-46.6386834" lat="-23.5443685" />
  <node id="4210973239" lon="-46.6407416" lat="-23.5443703" />
  <node id="4210973240" lon="-46.6387745" lat="-23.5443713" />
  <node id="4210973241" lon="-46.6370159" lat="-23.5443715" />
  <node id="4210973242" lon="-46.6374820" lat="-23.5443725" />
  <node id="4210973243" lon="-46.6402461" lat="-23.5443739" />
  <node id="4210973245" lon="-46.6401268" lat="-23.5443743" />
  <node id="4210973246" lon="-46.6379582" lat="-23.5443748" />
  <node id="4210973247" lon="-46.6401258" lat="-23.5443752" />
  <node id="4210973248" lon="-46.6402449" lat="-23.5443752" />
  <node id="4210973249" lon="-46.6388350" lat="-23.5443762" />
  <node id="4210973264" lon="-46.6376969" lat="-23.5449576" />
  <node id="4210973265" lon="-46.6397057" lat="-23.5449589" />
  <node id="4210973268" lon="-46.6407249" lat="-23.5449623" />
  <node id="4210973269" lon="-46.6407323" lat="-23.5449672" />
  <node id="4210973270" lon="-46.6378827" lat="-23.5449677" />
  <node id="4210973272" lon="-46.6409660" lat="-23.5449696" />
  <node id="4210973275" lon="-46.6395207" lat="-23.5449715" />
  <node id="4210973276" lon="-46.6409009" lat="-23.5449722" />
  <node id="4210973277" lon="-46.6374987" lat="-23.5449736" />
  <node id="4210973279" lon="-46.6374999" lat="-23.5449756" />
  <node id="4210973280" lon="-46.6400855" lat="-23.5449797" />
  <node id="4210973282" lon="-46.6397542" lat="-23.5449818" />
  <node id="4210973284" lon="-46.6377213" lat="-23.5449828" />
  <node id="4210973285" lon="-46.6405397" lat="-23.5449828" />
  <node id="4210973287" lon="-46.6377182" lat="-23.5449848" />
  <node id="4210973288" lon="-46.6400903" lat="-23.5449848" />
  <node id="4210973291" lon="-46.6379333" lat="-23.5444265" />
  <node id="4210973292" lon="-46.6403527" lat="-23.5444270" />
  <node id="4210973294" lon="-46.6396784" lat="-23.5444280" />
  <node id="4210973299" lon="-46.6379655" lat="-23.5444385" />
  <node id="4210973301" lon="-46.6388839" lat="-23.5444417" />
  <node id="4210973306" lon="-46.6399938" lat="-23.5444455" />
  <node id="4210973307" lon="-46.6404460" lat="-23.5444461" />
  <node id="4210973309" lon="-46.6404440" lat="-23.5444477" />
  <node id="4210973311" lon="-46.6400983" lat="-23.5444482" />
  <node id="4210973312" lon="-46.6403314" lat="-23.5444484" />
  <node id="4210973314" lon="-46.6383819" lat="-23.5444504" />
  <node id="4210973316" lon="-46.6401654" lat="-23.5444513" />
  <node id="4210973317" lon="-46.6386129" lat="-23.5444531" />
  <node id="4210973318" lon="-46.6392741" lat="-23.5444670" />
  <node id="4210973319" lon="-46.6378784" lat="-23.5444565" />
  <node id="4210973320" lon="-46.6403414" lat="-23.5444569" />
  <node id="4210973321" lon="-46.6405090" lat="-23.5444576" />
  <node id="4210973322" lon="-46.6375409" lat="-23.5444587" />
  <node id="4210973323" lon="-46.6404838" lat="-23.5444593" />
  <node id="4210973324" lon="-46.6376188" lat="-23.5444601" />
  <node id="4210973325" lon="-46.6405045" lat="-23.5444603" />
  <node id="4210973326" lon="-46.6404878" lat="-23.5444612" />
  <node id="4210973327" lon="-46.6404993" lat="-23.5444618" />
  <node id="4210973328" lon="-46.6404929" lat="-23.5444624" />
  <node id="4210973330" lon="-46.6406682" lat="-23.5444635" />
  <node id="4210973333" lon="-46.6397206" lat="-23.5444670" />
  <node id="4210973334" lon="-46.6404731" lat="-23.5444677" />
  <node id="4210973336" lon="-46.6396417" lat="-23.5444684" />
  <node id="4210973338" lon="-46.6406815" lat="-23.5444743" />
  <node id="4210973339" lon="-46.6404097" lat="-23.5444753" />
  <node id="4210973341" lon="-46.6406854" lat="-23.5444783" />
  <node id="4210973342" lon="-46.6409722" lat="-23.5444791" />
  <node id="4210973344" lon="-46.6388237" lat="-23.5444813" />
  <node id="4210973345" lon="-46.6406882" lat="-23.5444828" />
  <node id="4210973346" lon="-46.6406515" lat="-23.5444838" />
  <node id="4210973350" lon="-46.6406540" lat="-23.5444867" />
  <node id="4210973352" lon="-46.6406888" lat="-23.5444884" />
  <node id="4210973353" lon="-46.6405491" lat="-23.5444890" />
  <node id="4210973354" lon="-46.6403068" lat="-23.5444899" />
  <node id="4210973355" lon="-46.6406547" lat="-23.5444899" />
  <node id="4210973356" lon="-46.6403653" lat="-23.5444909" />
  <node id="4210973360" lon="-46.6406543" lat="-23.5444935" />
  <node id="4210973361" lon="-46.6371766" lat="-23.5444941" />
  <node id="4210973363" lon="-46.6406885" lat="-23.5444946" />
  <node id="4210973364" lon="-46.6409972" lat="-23.5444946" />
  <node id="4210973365" lon="-46.6377820" lat="-23.5444957" />
  <node id="4210973366" lon="-46.6395540" lat="-23.5444962" />
  <node id="4210973367" lon="-46.6405141" lat="-23.5444965" />
  <node id="4210973368" lon="-46.6406522" lat="-23.5444970" />
  <node id="4210973369" lon="-46.6389264" lat="-23.5444986" />
  <node id="4210973370" lon="-46.6373517" lat="-23.5444987" />
  <node id="4210973371" lon="-46.6379143" lat="-23.5444991" />
  <node id="4210973373" lon="-46.6379116" lat="-23.5445010" />
  <node id="4210973374" lon="-46.6406868" lat="-23.5445012" />
  <node id="4210973376" lon="-46.6383080" lat="-23.5445025" />
  <node id="4210973379" lon="-46.6409343" lat="-23.5445067" />
  <node id="4210973380" lon="-46.6387838" lat="-23.5445075" />
  <node id="4210973382" lon="-46.6410198" lat="-23.5445087" />
  <node id="4210973383" lon="-46.6406804" lat="-23.5445088" />
  <node id="4210973384" lon="-46.6391933" lat="-23.5445090" />
  <node id="4210973385" lon="-46.6405290" lat="-23.5445092" />
  <node id="4210973386" lon="-46.6403868" lat="-23.5445099" />
  <node id="4210973389" lon="-46.6386589" lat="-23.5445130" />
  <node id="4210973390" lon="-46.6377978" lat="-23.5445143" />
  <node id="4210973391" lon="-46.6371109" lat="-23.5445160" />
  <node id="4210973392" lon="-46.6403376" lat="-23.5445173" />
  <node id="4210973393" lon="-46.6375327" lat="-23.5445184" />
  <node id="4210973394" lon="-46.6395781" lat="-23.5445184" />
  <node id="4210973397" lon="-46.6376630" lat="-23.5445193" />
  <node id="4210973398" lon="-46.6373169" lat="-23.5445194" />
  <node id="4210973400" lon="-46.6395228" lat="-23.5445213" />
  <node id="4210973401" lon="-46.6371968" lat="-23.5445244" />
  <node id="4210973402" lon="-46.6406574" lat="-23.5445271" />
  <node id="4210973404" lon="-46.6409344" lat="-23.5445287" />
  <node id="4210973405" lon="-46.6382705" lat="-23.5445289" />
  <node id="4210973406" lon="-46.6397889" lat="-23.5445294" />
  <node id="4210973407" lon="-46.6404271" lat="-23.5445295" />
  <node id="4210973408" lon="-46.6378700" lat="-23.5445303" />
  <node id="4210973410" lon="-46.6409454" lat="-23.5445327" />
  <node id="4210973411" lon="-46.6409393" lat="-23.5445332" />
  <node id="4210973412" lon="-46.6406634" lat="-23.5445334" />
  <node id="4210973415" lon="-46.6400964" lat="-23.5445355" />
  <node id="4210973416" lon="-46.6403598" lat="-23.5445356" />
  <node id="4210973419" lon="-46.6388676" lat="-23.5445376" />
  <node id="4210973425" lon="-46.6375308" lat="-23.5445430" />
  <node id="4210973426" lon="-46.6409587" lat="-23.5445435" />
  <node id="4210973427" lon="-46.6395478" lat="-23.5445456" />
  <node id="4210973428" lon="-46.6406312" lat="-23.5445480" />
  <node id="4210973430" lon="-46.6372570" lat="-23.5445484" />
  <node id="4210973431" lon="-46.6409533" lat="-23.5445484" />
  <node id="4210973432" lon="-46.6376844" lat="-23.5445487" />
  <node id="4210973435" lon="-46.6393353" lat="-23.5445525" />
  <node id="4210973436" lon="-46.6409536" lat="-23.5445539" />
  <node id="4210973437" lon="-46.6404565" lat="-23.5445544" />
  <node id="4210973438" lon="-46.6406372" lat="-23.5445544" />
  <node id="4210973439" lon="-46.6393282" lat="-23.5445548" />
  <node id="4210973441" lon="-46.6393188" lat="-23.5445573" />
  <node id="4210973443" lon="-46.6376926" lat="-23.5445597" />
  <node id="4210973444" lon="-46.6373929" lat="-23.5445600" />
  <node id="4210973447" lon="-46.6370349" lat="-23.5445616" />
  <node id="4210973448" lon="-46.6371426" lat="-23.5445622" />
  <node id="4210973449" lon="-46.6393096" lat="-23.5445624" />
  <node id="4210973454" lon="-46.6396314" lat="-23.5447624" />
  <node id="4210973455" lon="-46.6400438" lat="-23.5447624" />
  <node id="4210973456" lon="-46.6382639" lat="-23.5447638" />
  <node id="4210973457" lon="-46.6379312" lat="-23.5447648" />
  <node id="4210973459" lon="-46.6403561" lat="-23.5447657" />
  <node id="4210973463" lon="-46.6398220" lat="-23.5447699" />
  <node id="4210973465" lon="-46.6382501" lat="-23.5447730" />
  <node id="4210973466" lon="-46.6380607" lat="-23.5447745" />
  <node id="4210973470" lon="-46.6379125" lat="-23.5447781" />
  <node id="4210973471" lon="-46.6406695" lat="-23.5447785" />
  <node id="4210973474" lon="-46.6398069" lat="-23.5447821" />
  <node id="4210973478" lon="-46.6395003" lat="-23.5447885" />
  <node id="4210973482" lon="-46.6383751" lat="-23.5447919" />
  <node id="4210973483" lon="-46.6395703" lat="-23.5447925" />
  <node id="4210973484" lon="-46.6390572" lat="-23.5447948" />
  <node id="4210973489" lon="-46.6377334" lat="-23.5446274" />
  <node id="4210973497" lon="-46.6410732" lat="-23.5446355" />
  <node id="4210973498" lon="-46.6381654" lat="-23.5446364" />
  <node id="4210973499" lon="-46.6390298" lat="-23.5446371" />
  <node id="4210973500" lon="-46.6377439" lat="-23.5446398" />
  <node id="4210973503" lon="-46.6399114" lat="-23.5446414" />
  <node id="4210973504" lon="-46.6377102" lat="-23.5446441" />
  <node id="4210973505" lon="-46.6381511" lat="-23.5446458" />
  <node id="4210973508" lon="-46.6394308" lat="-23.5446510" />
  <node id="4210973517" lon="-46.6404022" lat="-23.5446590" />
  <node id="4210973519" lon="-46.6377119" lat="-23.5446628" />
  <node id="4210973521" lon="-46.6391935" lat="-23.5446672" />
  <node id="4210973525" lon="-46.6377205" lat="-23.5446729" />
  <node id="4210973528" lon="-46.6381950" lat="-23.5446744" />
  <node id="4210973532" lon="-46.6385403" lat="-23.5446805" />
  <node id="4210973536" lon="-46.6381801" lat="-23.5446841" />
  <node id="4210973538" lon="-46.6402645" lat="-23.5446851" />
  <node id="4210973539" lon="-46.6397310" lat="-23.5446867" />
  <node id="4210973540" lon="-46.6399659" lat="-23.5446912" />
  <node id="4210973541" lon="-46.6380353" lat="-23.5446924" />
  <node id="4210973543" lon="-46.6404432" lat="-23.5446967" />
  <node id="4210973546" lon="-46.6397177" lat="-23.5446984" />
  <node id="4210973554" lon="-46.6394853" lat="-23.5447072" />
  <node id="4210973560" lon="-46.6398887" lat="-23.5447154" />
  <node id="4210973561" lon="-46.6380554" lat="-23.5447182" />
  <node id="4210973566" lon="-46.6380463" lat="-23.5447243" />
  <node id="4210973567" lon="-46.6382349" lat="-23.5447263" />
  <node id="4210973571" lon="-46.6403132" lat="-23.5447285" />
  <node id="4210973575" lon="-46.6382204" lat="-23.5447359" />
  <node id="4210973576" lon="-46.6394499" lat="-23.5447361" />
  <node id="4210973580" lon="-46.6398605" lat="-23.5447387" />
  <node id="4210973582" lon="-46.6392616" lat="-23.5447393" />
  <node id="4210973588" lon="-46.6388450" lat="-23.5447452" />
  <node id="4210973590" lon="-46.6380772" lat="-23.5447480" />
  <node id="4210973591" lon="-46.6388856" lat="-23.5447501" />
  <node id="4210973596" lon="-46.6406297" lat="-23.5447528" />
  <node id="4210973597" lon="-46.6380689" lat="-23.5447534" />
  <node id="4210973601" lon="-46.6395355" lat="-23.5447594" />
  <node id="4210973690" lon="-46.6381240" lat="-23.5448082" />
  <node id="4210973691" lon="-46.6394745" lat="-23.5448112" />
  <node id="4210973692" lon="-46.6395891" lat="-23.5448119" />
  <node id="4210973693" lon="-46.6400847" lat="-23.5448119" />
  <node id="4210973694" lon="-46.6394338" lat="-23.5448120" />
  <node id="4210973696" lon="-46.6390313" lat="-23.5448147" />
  <node id="4210973699" lon="-46.6402887" lat="-23.5448190" />
  <node id="4210973702" lon="-46.6399906" lat="-23.5448202" />
  <node id="4210973704" lon="-46.6383322" lat="-23.5448208" />
  <node id="4210973705" lon="-46.6379468" lat="-23.5448222" />
  <node id="4210973706" lon="-46.6380996" lat="-23.5448244" />
  <node id="4210973707" lon="-46.6397548" lat="-23.5448244" />
  <node id="4210973708" lon="-46.6379839" lat="-23.5448253" />
  <node id="4210973710" lon="-46.6380760" lat="-23.5448284" />
  <node id="4210973711" lon="-46.6373487" lat="-23.5448285" />
  <node id="4210973714" lon="-46.6394136" lat="-23.5448298" />
  <node id="4210973716" lon="-46.6394527" lat="-23.5448304" />
  <node id="4210973717" lon="-46.6401012" lat="-23.5448319" />
  <node id="4210973718" lon="-46.6405283" lat="-23.5448334" />
  <node id="4210973719" lon="-46.6373410" lat="-23.5448338" />
  <node id="4210973721" lon="-46.6374949" lat="-23.5448349" />
  <node id="4210973722" lon="-46.6380820" lat="-23.5448361" />
  <node id="4210973723" lon="-46.6396370" lat="-23.5448363" />
  <node id="4210973726" lon="-46.6374904" lat="-23.5448405" />
  <node id="4210973727" lon="-46.6383029" lat="-23.5448406" />
  <node id="4210973730" lon="-46.6379149" lat="-23.5448439" />
  <node id="4210973731" lon="-46.6399612" lat="-23.5448445" />
  <node id="4210973732" lon="-46.6407387" lat="-23.5448453" />
  <node id="4210973733" lon="-46.6390957" lat="-23.5448462" />
  <node id="4210973734" lon="-46.6374884" lat="-23.5448467" />
  <node id="4210973735" lon="-46.6399991" lat="-23.5448469" />
  <node id="4210973736" lon="-46.6396236" lat="-23.5448474" />
  <node id="4210973737" lon="-46.6394326" lat="-23.5448480" />
  <node id="4210973740" lon="-46.6397233" lat="-23.5448504" />
  <node id="4210973743" lon="-46.6380392" lat="-23.5448528" />
  <node id="4210973744" lon="-46.6374871" lat="-23.5448537" />
  <node id="4210973745" lon="-46.6405013" lat="-23.5448549" />
  <node id="4210973746" lon="-46.6374876" lat="-23.5448576" />
  <node id="4210973747" lon="-46.6394214" lat="-23.5448579" />
  <node id="4210973749" lon="-46.6377967" lat="-23.5448599" />
  <node id="4210973750" lon="-46.6380450" lat="-23.5448603" />
  <node id="4210973751" lon="-46.6405695" lat="-23.5448608" />
  <node id="4210973755" lon="-46.6379297" lat="-23.5448625" />
  <node id="4210973757" lon="-46.6399790" lat="-23.5448632" />
  <node id="4210973758" lon="-46.6389262" lat="-23.5448641" />
  <node id="4210973759" lon="-46.6400201" lat="-23.5448643" />
  <node id="4210973760" lon="-46.6390688" lat="-23.5448645" />
  <node id="4210973761" lon="-46.6374285" lat="-23.5448652" />
  <node id="4210973762" lon="-46.6400176" lat="-23.5448663" />
  <node id="4210973763" lon="-46.6407324" lat="-23.5448677" />
  <node id="4210973767" lon="-46.6379368" lat="-23.5448713" />
  <node id="4210973768" lon="-46.6396486" lat="-23.5448731" />
  <node id="4210973770" lon="-46.6408169" lat="-23.5448735" />
  <node id="4210973771" lon="-46.6396734" lat="-23.5448738" />
  <node id="4210973772" lon="-46.6380227" lat="-23.5448751" />
  <node id="4210973774" lon="-46.6378606" lat="-23.5448760" />
  <node id="4210973775" lon="-46.6379289" lat="-23.5448767" />
  <node id="4210973776" lon="-46.6405955" lat="-23.5448778" />
  <node id="4210973777" lon="-46.6405372" lat="-23.5448787" />
  <node id="4210973779" lon="-46.6407962" lat="-23.5448822" />
  <node id="4210973780" lon="-46.6393920" lat="-23.5448838" />
  <node id="4210973781" lon="-46.6384826" lat="-23.5448843" />
  <node id="4210973783" lon="-46.6396600" lat="-23.5448849" />
  <node id="4210973786" lon="-46.6373969" lat="-23.5448883" />
  <node id="4210973787" lon="-46.6374442" lat="-23.5448887" />
  <node id="4210973788" lon="-46.6394491" lat="-23.5448895" />
  <node id="4210973789" lon="-46.6379998" lat="-23.5448902" />
  <node id="4210973792" lon="-46.6384898" lat="-23.5448936" />
  <node id="4210973793" lon="-46.6405374" lat="-23.5448940" />
  <node id="4210973794" lon="-46.6407755" lat="-23.5448964" />
  <node id="4210973795" lon="-46.6379453" lat="-23.5448972" />
  <node id="4210973796" lon="-46.6378778" lat="-23.5448976" />
  <node id="4210973797" lon="-46.6378275" lat="-23.5448984" />
  <node id="4210973799" lon="-46.6396769" lat="-23.5449022" />
  <node id="4210973801" lon="-46.6400579" lat="-23.5449039" />
  <node id="4210973802" lon="-46.6386126" lat="-23.5449041" />
  <node id="4210973804" lon="-46.6374543" lat="-23.5449044" />
  <node id="4210973805" lon="-46.6386065" lat="-23.5449083" />
  <node id="4210973806" lon="-46.6404311" lat="-23.5449108" />
  <node id="4210973808" lon="-46.6405115" lat="-23.5449116" />
  <node id="4210973809" lon="-46.6401689" lat="-23.5449138" />
  <node id="4210973810" lon="-46.6405686" lat="-23.5449139" />
  <node id="4210973811" lon="-46.6407850" lat="-23.5449152" />
  <node id="4210973812" lon="-46.6394210" lat="-23.5449159" />
  <node id="4210973813" lon="-46.6389911" lat="-23.5449163" />
  <node id="4210973814" lon="-46.6405200" lat="-23.5449172" />
  <node id="4210973817" lon="-46.6407898" lat="-23.5449184" />
  <node id="4210973818" lon="-46.6400353" lat="-23.5449222" />
  <node id="4210973822" lon="-46.6407837" lat="-23.5449263" />
  <node id="4210973824" lon="-46.6379012" lat="-23.5449270" />
  <node id="4210973825" lon="-46.6398526" lat="-23.5449270" />
  <node id="4210973827" lon="-46.6406751" lat="-23.5449298" />
  <node id="4210973828" lon="-46.6412529" lat="-23.5449317" />
  <node id="4210973829" lon="-46.6374151" lat="-23.5449321" />
  <node id="4210973831" lon="-46.6406822" lat="-23.5449344" />
  <node id="4210973832" lon="-46.6378235" lat="-23.5449355" />
  <node id="4210973834" lon="-46.6397109" lat="-23.5449373" />
  <node id="4210973835" lon="-46.6376868" lat="-23.5449375" />
  <node id="4210973836" lon="-46.6378594" lat="-23.5449385" />
  <node id="4210973838" lon="-46.6376833" lat="-23.5449400" />
  <node id="4210973839" lon="-46.6409237" lat="-23.5449424" />
  <node id="4210973840" lon="-46.6394452" lat="-23.5449430" />
  <node id="4210973844" lon="-46.6397203" lat="-23.5449469" />
  <node id="4210973845" lon="-46.6396964" lat="-23.5449493" />
  <node id="4210973847" lon="-46.6409800" lat="-23.5449513" />
  <node id="4210973848" lon="-46.6404929" lat="-23.5449518" />
  <node id="4210973849" lon="-46.6398221" lat="-23.5449522" />
  <node id="4210973850" lon="-46.6378372" lat="-23.5449530" />
  <node id="4210973852" lon="-46.6377002" lat="-23.5449555" />
  <node id="4210973853" lon="-46.6409125" lat="-23.5449569" />
  <node id="4210973874" lon="-46.6403218" lat="-23.5453246" />
  <node id="4210973875" lon="-46.6403246" lat="-23.5453267" />
  <node id="4210973881" lon="-46.6406854" lat="-23.5453380" />
  <node id="4210973885" lon="-46.6396356" lat="-23.5453422" />
  <node id="4210973886" lon="-46.6405707" lat="-23.5453440" />
  <node id="4210973887" lon="-46.6408283" lat="-23.5453444" />
  <node id="4210973889" lon="-46.6403338" lat="-23.5449873" />
  <node id="4210973891" lon="-46.6398650" lat="-23.5449884" />
  <node id="4210973892" lon="-46.6380770" lat="-23.5449893" />
  <node id="4210973893" lon="-46.6394864" lat="-23.5449893" />
  <node id="4210973894" lon="-46.6378326" lat="-23.5449905" />
  <node id="4210973895" lon="-46.6408832" lat="-23.5449911" />
  <node id="4210973896" lon="-46.6373643" lat="-23.5449918" />
  <node id="4210973897" lon="-46.6408853" lat="-23.5449925" />
  <node id="4210973898" lon="-46.6377313" lat="-23.5449959" />
  <node id="4210973899" lon="-46.6378378" lat="-23.5449971" />
  <node id="4210973901" lon="-46.6374673" lat="-23.5449975" />
  <node id="4210973902" lon="-46.6375511" lat="-23.5449993" />
  <node id="4210973903" lon="-46.6409448" lat="-23.5450005" />
  <node id="4210973906" lon="-46.6395484" lat="-23.5450035" />
  <node id="4210973907" lon="-46.6399288" lat="-23.5450069" />
  <node id="4210973909" lon="-46.6410303" lat="-23.5450111" />
  <node id="4210973911" lon="-46.6373329" lat="-23.5450137" />
  <node id="4210973912" lon="-46.6382897" lat="-23.5450137" />
  <node id="4210973913" lon="-46.6375740" lat="-23.5450142" />
  <node id="4210973914" lon="-46.6377953" lat="-23.5450149" />
  <node id="4210973919" lon="-46.6375263" lat="-23.5450166" />
  <node id="4210973921" lon="-46.6375663" lat="-23.5450194" />
  <node id="4210973922" lon="-46.6382958" lat="-23.5450214" />
  <node id="4210973923" lon="-46.6405982" lat="-23.5450216" />
  <node id="4210973924" lon="-46.6378006" lat="-23.5450217" />
  <node id="4210973925" lon="-46.6374312" lat="-23.5450228" />
  <node id="4210973928" lon="-46.6375820" lat="-23.5450249" />
  <node id="4210973931" lon="-46.6375102" lat="-23.5450266" />
  <node id="4210973932" lon="-46.6399028" lat="-23.5450280" />
  <node id="4210973933" lon="-46.6375742" lat="-23.5450299" />
  <node id="4210973935" lon="-46.6410868" lat="-23.5450325" />
  <node id="4210973938" lon="-46.6387160" lat="-23.5450354" />
  <node id="4210973939" lon="-46.6398066" lat="-23.5450357" />
  <node id="4210973940" lon="-46.6404868" lat="-23.5450365" />
  <node id="4210973941" lon="-46.6398095" lat="-23.5450387" />
  <node id="4210973942" lon="-46.6387093" lat="-23.5450398" />
  <node id="4210973944" lon="-46.6408453" lat="-23.5450410" />
  <node id="4210973945" lon="-46.6404941" lat="-23.5450413" />
  <node id="4210973946" lon="-46.6410791" lat="-23.5450413" />
  <node id="4210973947" lon="-46.6374042" lat="-23.5450416" />
  <node id="4210973949" lon="-46.6374493" lat="-23.5450447" />
  <node id="4210973950" lon="-46.6377648" lat="-23.5450453" />
  <node id="4210973951" lon="-46.6393826" lat="-23.5450485" />
  <node id="4210973952" lon="-46.6410962" lat="-23.5450519" />
  <node id="4210973953" lon="-46.6402510" lat="-23.5450524" />
  <node id="4210973954" lon="-46.6393890" lat="-23.5450535" />
  <node id="4210973956" lon="-46.6373736" lat="-23.5450631" />
  <node id="4210973957" lon="-46.6399800" lat="-23.5450634" />
  <node id="4210973958" lon="-46.6376117" lat="-23.5450643" />
  <node id="4210973959" lon="-46.6402695" lat="-23.5450646" />
  <node id="4210973960" lon="-46.6379609" lat="-23.5450657" />
  <node id="4210973962" lon="-46.6399848" lat="-23.5450685" />
  <node id="4210973963" lon="-46.6376044" lat="-23.5450691" />
  <node id="4210973964" lon="-46.6404610" lat="-23.5450701" />
  <node id="4210973965" lon="-46.6408915" lat="-23.5450707" />
  <node id="4210973967" lon="-46.6372876" lat="-23.5450759" />
  <node id="4210973968" lon="-46.6411375" lat="-23.5450774" />
  <node id="4210973969" lon="-46.6405530" lat="-23.5450797" />
  <node id="4210973970" lon="-46.6398487" lat="-23.5450799" />
  <node id="4210973972" lon="-46.6396223" lat="-23.5450824" />
  <node id="4210973973" lon="-46.6396325" lat="-23.5450827" />
  <node id="4210973974" lon="-46.6409118" lat="-23.5450837" />
  <node id="4210973975" lon="-46.6396379" lat="-23.5450848" />
  <node id="4210973979" lon="-46.6405646" lat="-23.5450872" />
  <node id="4210973981" lon="-46.6398574" lat="-23.5450890" />
  <node id="4210973984" lon="-46.6373343" lat="-23.5450905" />
  <node id="4210973985" lon="-46.6396465" lat="-23.5450908" />
  <node id="4210973988" lon="-46.6398329" lat="-23.5450927" />
  <node id="4210973989" lon="-46.6407072" lat="-23.5450937" />
  <node id="4210973990" lon="-46.6369424" lat="-23.5450787" />
  <node id="4210973991" lon="-46.6403192" lat="-23.5450973" />
  <node id="4210973993" lon="-46.6402499" lat="-23.5451014" />
  <node id="4210973995" lon="-46.6398415" lat="-23.5451019" />
  <node id="4210973997" lon="-46.6391351" lat="-23.5451053" />
  <node id="4210973998" lon="-46.6373123" lat="-23.5451060" />
  <node id="4210974000" lon="-46.6409539" lat="-23.5451108" />
  <node id="4210974004" lon="-46.6372372" lat="-23.5451121" />
  <node id="4210974005" lon="-46.6373524" lat="-23.5451125" />
  <node id="4210974010" lon="-46.6376520" lat="-23.5451165" />
  <node id="4210974013" lon="-46.6405388" lat="-23.5451208" />
  <node id="4210974014" lon="-46.6409701" lat="-23.5451211" />
  <node id="4210974017" lon="-46.6376447" lat="-23.5451214" />
  <node id="4210974019" lon="-46.6395469" lat="-23.5451247" />
  <node id="4210974020" lon="-46.6394505" lat="-23.5451268" />
  <node id="4210974021" lon="-46.6406811" lat="-23.5451278" />
  <node id="4210974023" lon="-46.6403671" lat="-23.5451287" />
  <node id="4210974025" lon="-46.6398963" lat="-23.5451298" />
  <node id="4210974026" lon="-46.6382715" lat="-23.5451313" />
  <node id="4210974027" lon="-46.6371589" lat="-23.5451320" />
  <node id="4210974028" lon="-46.6402791" lat="-23.5451325" />
  <node id="4210974029" lon="-46.6393676" lat="-23.5451349" />
  <node id="4210974030" lon="-46.6382655" lat="-23.5451354" />
  <node id="4210974031" lon="-46.6399016" lat="-23.5451357" />
  <node id="4210974032" lon="-46.6396895" lat="-23.5451359" />
  <node id="4210974035" lon="-46.6402703" lat="-23.5451401" />
  <node id="4210974036" lon="-46.6373399" lat="-23.5451408" />
  <node id="4210974038" lon="-46.6391406" lat="-23.5451411" />
  <node id="4210974039" lon="-46.6372615" lat="-23.5451416" />
  <node id="4210974041" lon="-46.6391428" lat="-23.5451437" />
  <node id="4210974043" lon="-46.6388036" lat="-23.5451466" />
  <node id="4210974049" lon="-46.6387964" lat="-23.5451514" />
  <node id="4210974053" lon="-46.6371277" lat="-23.5451532" />
  <node id="4210974054" lon="-46.6404057" lat="-23.5451541" />
  <node id="4210974055" lon="-46.6376822" lat="-23.5451552" />
  <node id="4210974057" lon="-46.6394769" lat="-23.5451582" />
  <node id="4210974058" lon="-46.6395773" lat="-23.5451582" />
  <node id="4210974060" lon="-46.6376746" lat="-23.5451602" />
  <node id="4210974062" lon="-46.6409387" lat="-23.5451624" />
  <node id="4210974063" lon="-46.6393919" lat="-23.5451658" />
  <node id="4210974065" lon="-46.6374983" lat="-23.5451664" />
  <node id="4210974067" lon="-46.6401036" lat="-23.5451695" />
  <node id="4210974068" lon="-46.6394866" lat="-23.5451698" />
  <node id="4210974069" lon="-46.6374912" lat="-23.5451711" />
  <node id="4210974071" lon="-46.6401612" lat="-23.5451719" />
  <node id="4210974074" lon="-46.6393093" lat="-23.5451738" />
  <node id="4210974076" lon="-46.6404382" lat="-23.5451755" />
  <node id="4210974077" lon="-46.6374954" lat="-23.5451763" />
  <node id="4210974079" lon="-46.6409617" lat="-23.5451772" />
  <node id="4210974080" lon="-46.6393728" lat="-23.5451777" />
  <node id="4210974081" lon="-46.6391884" lat="-23.5451780" />
  <node id="4210974082" lon="-46.6374800" lat="-23.5451790" />
  <node id="4210974083" lon="-46.6403250" lat="-23.5451790" />
  <node id="4210974084" lon="-46.6403861" lat="-23.5451795" />
  <node id="4210974087" lon="-46.6401203" lat="-23.5451813" />
  <node id="4210974190" lon="-46.6391926" lat="-23.5451837" />
  <node id="4210974191" lon="-46.6374839" lat="-23.5451840" />
  <node id="4210974192" lon="-46.6372005" lat="-23.5451843" />
  <node id="4210974193" lon="-46.6406373" lat="-23.5451849" />
  <node id="4210974195" lon="-46.6371953" lat="-23.5451879" />
  <node id="4210974196" lon="-46.6408590" lat="-23.5451893" />
  <node id="4210974197" lon="-46.6391825" lat="-23.5451904" />
  <node id="4210974198" lon="-46.6400765" lat="-23.5451910" />
  <node id="4210974199" lon="-46.6404044" lat="-23.5451916" />
  <node id="4210974200" lon="-46.6402051" lat="-23.5451917" />
  <node id="4210974201" lon="-46.6370369" lat="-23.5451926" />
  <node id="4210974203" lon="-46.6406530" lat="-23.5451951" />
  <node id="4210974204" lon="-46.6374521" lat="-23.5451977" />
  <node id="4210974206" lon="-46.6407903" lat="-23.5451989" />
  <node id="4210974208" lon="-46.6374556" lat="-23.5452022" />
  <node id="4210974209" lon="-46.6401898" lat="-23.5452024" />
  <node id="4210974211" lon="-46.6395161" lat="-23.5452040" />
  <node id="4210974212" lon="-46.6393332" lat="-23.5452041" />
  <node id="4210974213" lon="-46.6396232" lat="-23.5452042" />
  <node id="4210974214" lon="-46.6406036" lat="-23.5452044" />
  <node id="4210974215" lon="-46.6400898" lat="-23.5452052" />
  <node id="4210974216" lon="-46.6374401" lat="-23.5452054" />
  <node id="4210974217" lon="-46.6371692" lat="-23.5452055" />
  <node id="4210974218" lon="-46.6409063" lat="-23.5452055" />
  <node id="4210974219" lon="-46.6406447" lat="-23.5452063" />
  <node id="4210974220" lon="-46.6396199" lat="-23.5452066" />
  <node id="4210974222" lon="-46.6406736" lat="-23.5452085" />
  <node id="4210974223" lon="-46.6374439" lat="-23.5452101" />
  <node id="4210974224" lon="-46.6396288" lat="-23.5452107" />
  <node id="4210974227" lon="-46.6394008" lat="-23.5452134" />
  <node id="4210974228" lon="-46.6408994" lat="-23.5452147" />
  <node id="4210974230" lon="-46.6401698" lat="-23.5452164" />
  <node id="4210974231" lon="-46.6401684" lat="-23.5452173" />
  <node id="4210974232" lon="-46.6377351" lat="-23.5452178" />
  <node id="4210974233" lon="-46.6406654" lat="-23.5452195" />
  <node id="4210974234" lon="-46.6375284" lat="-23.5452198" />
  <node id="4210974235" lon="-46.6377321" lat="-23.5452200" />
  <node id="4210974236" lon="-46.6372218" lat="-23.5452201" />
  <node id="4210974237" lon="-46.6409291" lat="-23.5452202" />
  <node id="4210974239" lon="-46.6375417" lat="-23.5452215" />
  <node id="4210974241" lon="-46.6400376" lat="-23.5452220" />
  <node id="4210974243" lon="-46.6374114" lat="-23.5452246" />
  <node id="4210974245" lon="-46.6375339" lat="-23.5452267" />
  <node id="4210974246" lon="-46.6375177" lat="-23.5452269" />
  <node id="4210974247" lon="-46.6395875" lat="-23.5452274" />
  <node id="4210974248" lon="-46.6401064" lat="-23.5452277" />
  <node id="4210974249" lon="-46.6393759" lat="-23.5452315" />
  <node id="4210974251" lon="-46.6395412" lat="-23.5452330" />
  <node id="4210974252" lon="-46.6375227" lat="-23.5452333" />
  <node id="4210974253" lon="-46.6374188" lat="-23.5452339" />
  <node id="4210974257" lon="-46.6395954" lat="-23.5452357" />
  <node id="4210974258" lon="-46.6400504" lat="-23.5452357" />
  <node id="4210974259" lon="-46.6409324" lat="-23.5452360" />
  <node id="4210974260" lon="-46.6374154" lat="-23.5452362" />
  <node id="4210974261" lon="-46.6405761" lat="-23.5452406" />
  <node id="4210974263" lon="-46.6402810" lat="-23.5452420" />
  <node id="4210974264" lon="-46.6400120" lat="-23.5452422" />
  <node id="4210974265" lon="-46.6406621" lat="-23.5452422" />
  <node id="4210974267" lon="-46.6395667" lat="-23.5452439" />
  <node id="4210974269" lon="-46.6374934" lat="-23.5452444" />
  <node id="4210974273" lon="-46.6374977" lat="-23.5452500" />
  <node id="4210974274" lon="-46.6401399" lat="-23.5452514" />
  <node id="4210974277" lon="-46.6376865" lat="-23.5452527" />
  <node id="4210974278" lon="-46.6400291" lat="-23.5452531" />
  <node id="4210974279" lon="-46.6405588" lat="-23.5452532" />
  <node id="4210974280" lon="-46.6374793" lat="-23.5452539" />
  <node id="4210974283" lon="-46.6407467" lat="-23.5452560" />
  <node id="4210974284" lon="-46.6399986" lat="-23.5452561" />
  <node id="4210974286" lon="-46.6400258" lat="-23.5452570" />
  <node id="4210974288" lon="-46.6370914" lat="-23.5452581" />
  <node id="4210974290" lon="-46.6374834" lat="-23.5452592" />
  <node id="4210974291" lon="-46.6396177" lat="-23.5452592" />
  <node id="4210974292" lon="-46.6400791" lat="-23.5452604" />
  <node id="4210974293" lon="-46.6400256" lat="-23.5452615" />
  <node id="4210974294" lon="-46.6383745" lat="-23.5452626" />
  <node id="4210974295" lon="-46.6399981" lat="-23.5452630" />
  <node id="4210974297" lon="-46.6395676" lat="-23.5452635" />
  <node id="4210974298" lon="-46.6401292" lat="-23.5452642" />
  <node id="4210974301" lon="-46.6400264" lat="-23.5452659" />
  <node id="4210974302" lon="-46.6409790" lat="-23.5452660" />
  <node id="4210974303" lon="-46.6374458" lat="-23.5452670" />
  <node id="4210974304" lon="-46.6383679" lat="-23.5452670" />
  <node id="4210974305" lon="-46.6397335" lat="-23.5452671" />
  <node id="4210974306" lon="-46.6399993" lat="-23.5452691" />
  <node id="4210974307" lon="-46.6400300" lat="-23.5452691" />
  <node id="4210974308" lon="-46.6374419" lat="-23.5452696" />
  <node id="4210974310" lon="-46.6400046" lat="-23.5452736" />
  <node id="4210974312" lon="-46.6403119" lat="-23.5452745" />
  <node id="4210974313" lon="-46.6402531" lat="-23.5452754" />
  <node id="4210974314" lon="-46.6395967" lat="-23.5452769" />
  <node id="4210974316" lon="-46.6401040" lat="-23.5452781" />
  <node id="4210974317" lon="-46.6374548" lat="-23.5452784" />
  <node id="4210974318" lon="-46.6406345" lat="-23.5452784" />
  <node id="4210974322" lon="-46.6407862" lat="-23.5452823" />
  <node id="4210974324" lon="-46.6394715" lat="-23.5452842" />
  <node id="4210974325" lon="-46.6395861" lat="-23.5452849" />
  <node id="4210974327" lon="-46.6403307" lat="-23.5452869" />
  <node id="4210974328" lon="-46.6406124" lat="-23.5452877" />
  <node id="4210974330" lon="-46.6406102" lat="-23.5452902" />
  <node id="4210974332" lon="-46.6371165" lat="-23.5452907" />
  <node id="4210974333" lon="-46.6401853" lat="-23.5452917" />
  <node id="4210974334" lon="-46.6389191" lat="-23.5452939" />
  <node id="4210974335" lon="-46.6401717" lat="-23.5452944" />
  <node id="4210974337" lon="-46.6389117" lat="-23.5452989" />
  <node id="4210974338" lon="-46.6401974" lat="-23.5453002" />
  <node id="4210974340" lon="-46.6402917" lat="-23.5453008" />
  <node id="4210974341" lon="-46.6392731" lat="-23.5453012" />
  <node id="4210974342" lon="-46.6392690" lat="-23.5453024" />
  <node id="4210974345" lon="-46.6400814" lat="-23.5453051" />
  <node id="4210974346" lon="-46.6402925" lat="-23.5453060" />
  <node id="4210974352" lon="-46.6405169" lat="-23.5453103" />
  <node id="4210974354" lon="-46.6401991" lat="-23.5453127" />
  <node id="4210974355" lon="-46.6394980" lat="-23.5453147" />
  <node id="4210974356" lon="-46.6410587" lat="-23.5453157" />
  <node id="4210974359" lon="-46.6400692" lat="-23.5453196" />
  <node id="4210974360" lon="-46.6408426" lat="-23.5453198" />
  <node id="4210974362" lon="-46.6402133" lat="-23.5453229" />
  <node id="4210974364" lon="-46.6397888" lat="-23.5458509" />
  <node id="4210974366" lon="-46.6409311" lat="-23.5458523" />
  <node id="4210974367" lon="-46.6397558" lat="-23.5458573" />
  <node id="4210974368" lon="-46.6397525" lat="-23.5458601" />
  <node id="4210974369" lon="-46.6400319" lat="-23.5458616" />
  <node id="4210974371" lon="-46.6408599" lat="-23.5458628" />
  <node id="4210974372" lon="-46.6395651" lat="-23.5458630" />
  <node id="4210974373" lon="-46.6410042" lat="-23.5458666" />
  <node id="4210974374" lon="-46.6395507" lat="-23.5458745" />
  <node id="4210974376" lon="-46.6408470" lat="-23.5458760" />
  <node id="4210974377" lon="-46.6397315" lat="-23.5458783" />
  <node id="4210974378" lon="-46.6406490" lat="-23.5458802" />
  <node id="4210974379" lon="-46.6400557" lat="-23.5458805" />
  <node id="4210974380" lon="-46.6410269" lat="-23.5458822" />
  <node id="4210974381" lon="-46.6400610" lat="-23.5458844" />
  <node id="4210974382" lon="-46.6410251" lat="-23.5458844" />
  <node id="4210974383" lon="-46.6395384" lat="-23.5458847" />
  <node id="4210974384" lon="-46.6399560" lat="-23.5458876" />
  <node id="4210974386" lon="-46.6399626" lat="-23.5458927" />
  <node id="4210974389" lon="-46.6403073" lat="-23.5453476" />
  <node id="4210974391" lon="-46.6408860" lat="-23.5453487" />
  <node id="4210974392" lon="-46.6398954" lat="-23.5453494" />
  <node id="4210974393" lon="-46.6398874" lat="-23.5453497" />
  <node id="4210974394" lon="-46.6399049" lat="-23.5453511" />
  <node id="4210974396" lon="-46.6398795" lat="-23.5453512" />
  <node id="4210974397" lon="-46.6403605" lat="-23.5453519" />
  <node id="4210974398" lon="-46.6398731" lat="-23.5453537" />
  <node id="4210974399" lon="-46.6399121" lat="-23.5453539" />
  <node id="4210974402" lon="-46.6398667" lat="-23.5453574" />
  <node id="4210974404" lon="-46.6403217" lat="-23.5453577" />
  <node id="4210974406" lon="-46.6401601" lat="-23.5453610" />
  <node id="4210974407" lon="-46.6403263" lat="-23.5453618" />
  <node id="4210974409" lon="-46.6402430" lat="-23.5453640" />
  <node id="4210974410" lon="-46.6375179" lat="-23.5453658" />
  <node id="4210974411" lon="-46.6407304" lat="-23.5453667" />
  <node id="4210974412" lon="-46.6403285" lat="-23.5453673" />
  <node id="4210974414" lon="-46.6384579" lat="-23.5453690" />
  <node id="4210974415" lon="-46.6398921" lat="-23.5453691" />
  <node id="4210974416" lon="-46.6398973" lat="-23.5453694" />
  <node id="4210974417" lon="-46.6398852" lat="-23.5453696" />
  <node id="4210974418" lon="-46.6398795" lat="-23.5453704" />
  <node id="4210974419" lon="-46.6408698" lat="-23.5453705" />
  <node id="4210974420" lon="-46.6399028" lat="-23.5453712" />
  <node id="4210974421" lon="-46.6407190" lat="-23.5453714" />
  <node id="4210974422" lon="-46.6403290" lat="-23.5453720" />
  <node id="4210974423" lon="-46.6398747" lat="-23.5453723" />
  <node id="4210974424" lon="-46.6404680" lat="-23.5453723" />
  <node id="4210974425" lon="-46.6399500" lat="-23.5453732" />
  <node id="4210974426" lon="-46.6384511" lat="-23.5453737" />
  <node id="4210974427" lon="-46.6399468" lat="-23.5453743" />
  <node id="4210974428" lon="-46.6399544" lat="-23.5453745" />
  <node id="4210974429" lon="-46.6407244" lat="-23.5453748" />
  <node id="4210974430" lon="-46.6401479" lat="-23.5453755" />
  <node id="4210974432" lon="-46.6399438" lat="-23.5453761" />
  <node id="4210974433" lon="-46.6402322" lat="-23.5453765" />
  <node id="4210974434" lon="-46.6403285" lat="-23.5453772" />
  <node id="4210974435" lon="-46.6402633" lat="-23.5453782" />
  <node id="4210974436" lon="-46.6403262" lat="-23.5453789" />
  <node id="4210974438" lon="-46.6404049" lat="-23.5453813" />
  <node id="4210974441" lon="-46.6403338" lat="-23.5453843" />
  <node id="4210974444" lon="-46.6399356" lat="-23.5453880" />
  <node id="4210974445" lon="-46.6399407" lat="-23.5453882" />
  <node id="4210974446" lon="-46.6399441" lat="-23.5453889" />
  <node id="4210974447" lon="-46.6399302" lat="-23.5453904" />
  <node id="4210974448" lon="-46.6402528" lat="-23.5453909" />
  <node id="4210974450" lon="-46.6402129" lat="-23.5453992" />
  <node id="4210974451" lon="-46.6409646" lat="-23.5454001" />
  <node id="4210974454" lon="-46.6407866" lat="-23.5454024" />
  <node id="4210974455" lon="-46.6404403" lat="-23.5454060" />
  <node id="4210974456" lon="-46.6405246" lat="-23.5454068" />
  <node id="4210974457" lon="-46.6407826" lat="-23.5454078" />
  <node id="4210974460" lon="-46.6406896" lat="-23.5454105" />
  <node id="4210974461" lon="-46.6407879" lat="-23.5454112" />
  <node id="4210974462" lon="-46.6402009" lat="-23.5454132" />
  <node id="4210974463" lon="-46.6409883" lat="-23.5454153" />
  <node id="4210974464" lon="-46.6401985" lat="-23.5454155" />
  <node id="4210974465" lon="-46.6403768" lat="-23.5454155" />
  <node id="4210974467" lon="-46.6404007" lat="-23.5454171" />
  <node id="4210974468" lon="-46.6390760" lat="-23.5454172" />
  <node id="4210974469" lon="-46.6403946" lat="-23.5454174" />
  <node id="4210974470" lon="-46.6404054" lat="-23.5454176" />
  <node id="4210974471" lon="-46.6403896" lat="-23.5454189" />
  <node id="4210974472" lon="-46.6395296" lat="-23.5454196" />
  <node id="4210974473" lon="-46.6404098" lat="-23.5454199" />
  <node id="4210974478" lon="-46.6403863" lat="-23.5454224" />
  <node id="4210974480" lon="-46.6400236" lat="-23.5454234" />
  <node id="4210974481" lon="-46.6400261" lat="-23.5454266" />
  <node id="4210974482" lon="-46.6397763" lat="-23.5454280" />
  <node id="4210974483" lon="-46.6404219" lat="-23.5454283" />
  <node id="4210974484" lon="-46.6404731" lat="-23.5454289" />
  <node id="4210974485" lon="-46.6400272" lat="-23.5454307" />
  <node id="4210974487" lon="-46.6400262" lat="-23.5454354" />
  <node id="4210974589" lon="-46.6400122" lat="-23.5454381" />
  <node id="4210974590" lon="-46.6397892" lat="-23.5454401" />
  <node id="4210974592" lon="-46.6400140" lat="-23.5454421" />
  <node id="4210974593" lon="-46.6404968" lat="-23.5454446" />
  <node id="4210974594" lon="-46.6406657" lat="-23.5454446" />
  <node id="4210974595" lon="-46.6400145" lat="-23.5454455" />
  <node id="4210974596" lon="-46.6390330" lat="-23.5454459" />
  <node id="4210974597" lon="-46.6410359" lat="-23.5454459" />
  <node id="4210974599" lon="-46.6399087" lat="-23.5454481" />
  <node id="4210974600" lon="-46.6400135" lat="-23.5454493" />
  <node id="4210974601" lon="-46.6407566" lat="-23.5454531" />
  <node id="4210974602" lon="-46.6398995" lat="-23.5454552" />
  <node id="4210974603" lon="-46.6399204" lat="-23.5454557" />
  <node id="4210974605" lon="-46.6410566" lat="-23.5454590" />
  <node id="4210974606" lon="-46.6399031" lat="-23.5454591" />
  <node id="4210974607" lon="-46.6405178" lat="-23.5454596" />
  <node id="4210974610" lon="-46.6397383" lat="-23.5454604" />
  <node id="4210974611" lon="-46.6399201" lat="-23.5454613" />
  <node id="4210974612" lon="-46.6397365" lat="-23.5454617" />
  <node id="4210974613" lon="-46.6399219" lat="-23.5454664" />
  <node id="4210974614" lon="-46.6396694" lat="-23.5454682" />
  <node id="4210974615" lon="-46.6399252" lat="-23.5454709" />
  <node id="4210974617" lon="-46.6400785" lat="-23.5454734" />
  <node id="4210974618" lon="-46.6399309" lat="-23.5454749" />
  <node id="4210974619" lon="-46.6399476" lat="-23.5454760" />
  <node id="4210974620" lon="-46.6399367" lat="-23.5454772" />
  <node id="4210974621" lon="-46.6404008" lat="-23.5454787" />
  <node id="4210974624" lon="-46.6399610" lat="-23.5454820" />
  <node id="4210974625" lon="-46.6390011" lat="-23.5454822" />
  <node id="4210974626" lon="-46.6399594" lat="-23.5454840" />
  <node id="4210974627" lon="-46.6407314" lat="-23.5454857" />
  <node id="4210974628" lon="-46.6400652" lat="-23.5454863" />
  <node id="4210974630" lon="-46.6390072" lat="-23.5454898" />
  <node id="4210974631" lon="-46.6399724" lat="-23.5454899" />
  <node id="4210974632" lon="-46.6403916" lat="-23.5454899" />
  <node id="4210974634" lon="-46.6396981" lat="-23.5454908" />
  <node id="4210974636" lon="-46.6404207" lat="-23.5454926" />
  <node id="4210974637" lon="-46.6404903" lat="-23.5454930" />
  <node id="4210974638" lon="-46.6398591" lat="-23.5454935" />
  <node id="4210974639" lon="-46.6399557" lat="-23.5454960" />
  <node id="4210974641" lon="-46.6390010" lat="-23.5455004" />
  <node id="4210974642" lon="-46.6394265" lat="-23.5455012" />
  <node id="4210974643" lon="-46.6399629" lat="-23.5455014" />
  <node id="4210974644" lon="-46.6405784" lat="-23.5455026" />
  <node id="4210974645" lon="-46.6404115" lat="-23.5455038" />
  <node id="4210974647" lon="-46.6390074" lat="-23.5455083" />
  <node id="4210974648" lon="-46.6408779" lat="-23.5455084" />
  <node id="4210974649" lon="-46.6408831" lat="-23.5455118" />
  <node id="4210974657" lon="-46.6396599" lat="-23.5455197" />
  <node id="4210974658" lon="-46.6385768" lat="-23.5455206" />
  <node id="4210974660" lon="-46.6406077" lat="-23.5455235" />
  <node id="4210974661" lon="-46.6385696" lat="-23.5455253" />
  <node id="4210974663" lon="-46.6411638" lat="-23.5455272" />
  <node id="4210974665" lon="-46.6403906" lat="-23.5455293" />
  <node id="4210974666" lon="-46.6389763" lat="-23.5455302" />
  <node id="4210974668" lon="-46.6389793" lat="-23.5455338" />
  <node id="4210974669" lon="-46.6406226" lat="-23.5455341" />
  <node id="4210974670" lon="-46.6405512" lat="-23.5455357" />
  <node id="4210974672" lon="-46.6396350" lat="-23.5455396" />
  <node id="4210974673" lon="-46.6399195" lat="-23.5455396" />
  <node id="4210974676" lon="-46.6403794" lat="-23.5455429" />
  <node id="4210974677" lon="-46.6389374" lat="-23.5455439" />
  <node id="4210974680" lon="-46.6396216" lat="-23.5455486" />
  <node id="4210974681" lon="-46.6396249" lat="-23.5455508" />
  <node id="4210974684" lon="-46.6398974" lat="-23.5455545" />
  <node id="4210974685" lon="-46.6406519" lat="-23.5455549" />
  <node id="4210974686" lon="-46.6409549" lat="-23.5455557" />
  <node id="4210974687" lon="-46.6389471" lat="-23.5455559" />
  <node id="4210974791" lon="-46.6399060" lat="-23.5455611" />
  <node id="4210974792" lon="-46.6396411" lat="-23.5455630" />
  <node id="4210974793" lon="-46.6406707" lat="-23.5455684" />
  <node id="4210974794" lon="-46.6408312" lat="-23.5455690" />
  <node id="4210974795" lon="-46.6398815" lat="-23.5455720" />
  <node id="4210974796" lon="-46.6408364" lat="-23.5455725" />
  <node id="4210974797" lon="-46.6405904" lat="-23.5455731" />
  <node id="4210974799" lon="-46.6404281" lat="-23.5455772" />
  <node id="4210974800" lon="-46.6398903" lat="-23.5455785" />
  <node id="4210974801" lon="-46.6399723" lat="-23.5455800" />
  <node id="4210974802" lon="-46.6404242" lat="-23.5455818" />
  <node id="4210974803" lon="-46.6395776" lat="-23.5455844" />
  <node id="4210974805" lon="-46.6400611" lat="-23.5455869" />
  <node id="4210974806" lon="-46.6406986" lat="-23.5455875" />
  <node id="4210974807" lon="-46.6406196" lat="-23.5455936" />
  <node id="4210974808" lon="-46.6395694" lat="-23.5455956" />
  <node id="4210974809" lon="-46.6395967" lat="-23.5455961" />
  <node id="4210974810" lon="-46.6406407" lat="-23.5455967" />
  <node id="4210974811" lon="-46.6406467" lat="-23.5455972" />
  <node id="4210974812" lon="-46.6395717" lat="-23.5455982" />
  <node id="4210974813" lon="-46.6406354" lat="-23.5455988" />
  <node id="4210974814" lon="-46.6406524" lat="-23.5455996" />
  <node id="4210974815" lon="-46.6395934" lat="-23.5455998" />
  <node id="4210974816" lon="-46.6406311" lat="-23.5456018" />
  <node id="4210974817" lon="-46.6402561" lat="-23.5456026" />
  <node id="4210974818" lon="-46.6406568" lat="-23.5456042" />
  <node id="4210974819" lon="-46.6395675" lat="-23.5456052" />
  <node id="4210974820" lon="-46.6407271" lat="-23.5456072" />
  <node id="4210974821" lon="-46.6395862" lat="-23.5456090" />
  <node id="4210974822" lon="-46.6406576" lat="-23.5456101" />
  <node id="4210974823" lon="-46.6401096" lat="-23.5456108" />
  <node id="4210974824" lon="-46.6395645" lat="-23.5456142" />
  <node id="4210974825" lon="-46.6404799" lat="-23.5456142" />
  <node id="4210974826" lon="-46.6402430" lat="-23.5456156" />
  <node id="4210974827" lon="-46.6406551" lat="-23.5456185" />
  <node id="4210974828" lon="-46.6401025" lat="-23.5456187" />
  <node id="4210974829" lon="-46.6409091" lat="-23.5456187" />
  <node id="4210974830" lon="-46.6404760" lat="-23.5456188" />
  <node id="4210974831" lon="-46.6400247" lat="-23.5456201" />
  <node id="4210974832" lon="-46.6395625" lat="-23.5456228" />
  <node id="4210974834" lon="-46.6400285" lat="-23.5456231" />
  <node id="4210974835" lon="-46.6388166" lat="-23.5456269" />
  <node id="4210974836" lon="-46.6406655" lat="-23.5456272" />
  <node id="4210974838" lon="-46.6401336" lat="-23.5456290" />
  <node id="4210974839" lon="-46.6395620" lat="-23.5456322" />
  <node id="4210974840" lon="-46.6407649" lat="-23.5456333" />
  <node id="4210974841" lon="-46.6388232" lat="-23.5456350" />
  <node id="4210974842" lon="-46.6405390" lat="-23.5456355" />
  <node id="4210974843" lon="-46.6403230" lat="-23.5456398" />
  <node id="4210974845" lon="-46.6395629" lat="-23.5456414" />
  <node id="4210974847" lon="-46.6407821" lat="-23.5456451" />
  <node id="4210974848" lon="-46.6403169" lat="-23.5456468" />
  <node id="4210974849" lon="-46.6406941" lat="-23.5456472" />
  <node id="4210974850" lon="-46.6397542" lat="-23.5456480" />
  <node id="4210974851" lon="-46.6405278" lat="-23.5456484" />
  <node id="4210974852" lon="-46.6395641" lat="-23.5456490" />
  <node id="4210974855" lon="-46.6399921" lat="-23.5456563" />
  <node id="4210974856" lon="-46.6395669" lat="-23.5456567" />
  <node id="4210974857" lon="-46.6386075" lat="-23.5456586" />
  <node id="4210974858" lon="-46.6400421" lat="-23.5456650" />
  <node id="4210974859" lon="-46.6395725" lat="-23.5456658" />
  <node id="4210974860" lon="-46.6387437" lat="-23.5456678" />
  <node id="4210974861" lon="-46.6400495" lat="-23.5456707" />
  <node id="4210974862" lon="-46.6386931" lat="-23.5456720" />
  <node id="4210974863" lon="-46.6406734" lat="-23.5456723" />
  <node id="4210974864" lon="-46.6398592" lat="-23.5456726" />
  <node id="4210974865" lon="-46.6400938" lat="-23.5456731" />
  <node id="4210974866" lon="-46.6387659" lat="-23.5456743" />
  <node id="4210974867" lon="-46.6408230" lat="-23.5456758" />
  <node id="4210974868" lon="-46.6397279" lat="-23.5456778" />
  <node id="4210974869" lon="-46.6398668" lat="-23.5456787" />
  <node id="4210974870" lon="-46.6397978" lat="-23.5456809" />
  <node id="4210974871" lon="-46.6400263" lat="-23.5456824" />
  <node id="4210974872" lon="-46.6387028" lat="-23.5456840" />
  <node id="4210974873" lon="-46.6403874" lat="-23.5456855" />
  <node id="4210974874" lon="-46.6400339" lat="-23.5456880" />
  <node id="4210974875" lon="-46.6398427" lat="-23.5456913" />
  <node id="4210974876" lon="-46.6403806" lat="-23.5456935" />
  <node id="4210974877" lon="-46.6408058" lat="-23.5456954" />
  <node id="4210974878" lon="-46.6401230" lat="-23.5456955" />
  <node id="4210974879" lon="-46.6408511" lat="-23.5456969" />
  <node id="4210974880" lon="-46.6398505" lat="-23.5456971" />
  <node id="4210974881" lon="-46.6407118" lat="-23.5456988" />
  <node id="4210974882" lon="-46.6398953" lat="-23.5457008" />
  <node id="4210974883" lon="-46.6386449" lat="-23.5457050" />
  <node id="4210974884" lon="-46.6406430" lat="-23.5457092" />
  <node id="4210974885" lon="-46.6410287" lat="-23.5457104" />
  <node id="4210974886" lon="-46.6397716" lat="-23.5457106" />
  <node id="4210974887" lon="-46.6401467" lat="-23.5457137" />
  <node id="4210974888" lon="-46.6409291" lat="-23.5457138" />
  <node id="4210974889" lon="-46.6408339" lat="-23.5457164" />
  <node id="4210974890" lon="-46.6394049" lat="-23.5457174" />
  <node id="4210974891" lon="-46.6394551" lat="-23.5457209" />
  <node id="4210974892" lon="-46.6406315" lat="-23.5457223" />
  <node id="4210974893" lon="-46.6409475" lat="-23.5457257" />
  <node id="4210974894" lon="-46.6400914" lat="-23.5457312" />
  <node id="4210974895" lon="-46.6394268" lat="-23.5457315" />
  <node id="4210974896" lon="-46.6398666" lat="-23.5457326" />
  <node id="4210974897" lon="-46.6398008" lat="-23.5457350" />
  <node id="4210974898" lon="-46.6409064" lat="-23.5457397" />
  <node id="4210974899" lon="-46.6404488" lat="-23.5457409" />
  <node id="4210974900" lon="-46.6409085" lat="-23.5457413" />
  <node id="4210974901" lon="-46.6397578" lat="-23.5457441" />
  <node id="4210974902" lon="-46.6401093" lat="-23.5457446" />
  <node id="4210974903" lon="-46.6398871" lat="-23.5457481" />
  <node id="4210974904" lon="-46.6401094" lat="-23.5457493" />
  <node id="4210974905" lon="-46.6401956" lat="-23.5457506" />
  <node id="4210974906" lon="-46.6409258" lat="-23.5457547" />
  <node id="4210974907" lon="-46.6402593" lat="-23.5457551" />
  <node id="4210974908" lon="-46.6411016" lat="-23.5457562" />
  <node id="4210974909" lon="-46.6397780" lat="-23.5457582" />
  <node id="4210974910" lon="-46.6408889" lat="-23.5457590" />
  <node id="4210974911" lon="-46.6411086" lat="-23.5457606" />
  <node id="4210974912" lon="-46.6408925" lat="-23.5457618" />
  <node id="4210974913" lon="-46.6409892" lat="-23.5457633" />
  <node id="4210974914" lon="-46.6398395" lat="-23.5457634" />
  <node id="4210974915" lon="-46.6403529" lat="-23.5457662" />
  <node id="4210974916" lon="-46.6402791" lat="-23.5457695" />
  <node id="4210974917" lon="-46.6399172" lat="-23.5457707" />
  <node id="4210974918" lon="-46.6409473" lat="-23.5457714" />
  <node id="4210974919" lon="-46.6401460" lat="-23.5457729" />
  <node id="4210974920" lon="-46.6401410" lat="-23.5457732" />
  <node id="4210974921" lon="-46.6399897" lat="-23.5457737" />
  <node id="4210974922" lon="-46.6408603" lat="-23.5457756" />
  <node id="4210974923" lon="-46.6398049" lat="-23.5457770" />
  <node id="4210974924" lon="-46.6398603" lat="-23.5457790" />
  <node id="4210974925" lon="-46.6402366" lat="-23.5457817" />
  <node id="4210974926" lon="-46.6400089" lat="-23.5457822" />
  <node id="4210974927" lon="-46.6400030" lat="-23.5457836" />
  <node id="4210974928" lon="-46.6408718" lat="-23.5457845" />
  <node id="4210974929" lon="-46.6401631" lat="-23.5457862" />
  <node id="4210974930" lon="-46.6398188" lat="-23.5457867" />
  <node id="4210974931" lon="-46.6396998" lat="-23.5457877" />
  <node id="4210974932" lon="-46.6409701" lat="-23.5457891" />
  <node id="4210974933" lon="-46.6409778" lat="-23.5457949" />
  <node id="4210974934" lon="-46.6408426" lat="-23.5457951" />
  <node id="4210974935" lon="-46.6398313" lat="-23.5457955" />
  <node id="4210974936" lon="-46.6403964" lat="-23.5457963" />
  <node id="4210974937" lon="-46.6402560" lat="-23.5457964" />
  <node id="4210974938" lon="-46.6408785" lat="-23.5458016" />
  <node id="4210974939" lon="-46.6398405" lat="-23.5458019" />
  <node id="4210974940" lon="-46.6396773" lat="-23.5458037" />
  <node id="4210974941" lon="-46.6399614" lat="-23.5458058" />
  <node id="4210974942" lon="-46.6398198" lat="-23.5458064" />
  <node id="4210974943" lon="-46.6397757" lat="-23.5458093" />
  <node id="4210974945" lon="-46.6410648" lat="-23.5458114" />
  <node id="4210974946" lon="-46.6400469" lat="-23.5458123" />
  <node id="4210974947" lon="-46.6410685" lat="-23.5458137" />
  <node id="4210974948" lon="-46.6408671" lat="-23.5458141" />
  <node id="4210974950" lon="-46.6400463" lat="-23.5458171" />
  <node id="4210974951" lon="-46.6409014" lat="-23.5458194" />
  <node id="4210974952" lon="-46.6397989" lat="-23.5458230" />
  <node id="4210974953" lon="-46.6398697" lat="-23.5458262" />
  <node id="4210974954" lon="-46.6408942" lat="-23.5458269" />
  <node id="4210974955" lon="-46.6397938" lat="-23.5458271" />
  <node id="4210974956" lon="-46.6400613" lat="-23.5458285" />
  <node id="4210974958" lon="-46.6395140" lat="-23.5458297" />
  <node id="4210974959" lon="-46.6403006" lat="-23.5458301" />
  <node id="4210974960" lon="-46.6392932" lat="-23.5458309" />
  <node id="4210974961" lon="-46.6398742" lat="-23.5458318" />
  <node id="4210974962" lon="-46.6410306" lat="-23.5458341" />
  <node id="4210974964" lon="-46.6398095" lat="-23.5458344" />
  <node id="4210974965" lon="-46.6392964" lat="-23.5458346" />
  <node id="4210974966" lon="-46.6392715" lat="-23.5458375" />
  <node id="4210974968" lon="-46.6397781" lat="-23.5458395" />
  <node id="4210974969" lon="-46.6403544" lat="-23.5458407" />
  <node id="4210974970" lon="-46.6400063" lat="-23.5458413" />
  <node id="4210974972" lon="-46.6398523" lat="-23.5458469" />
  <node id="4210974988" lon="-46.6389040" lat="-23.5471336" />
  <node id="4210974989" lon="-46.6391932" lat="-23.5458994" />
  <node id="4210974991" lon="-46.6399755" lat="-23.5459029" />
  <node id="4210974993" lon="-46.6406277" lat="-23.5459059" />
  <node id="4210974998" lon="-46.6399910" lat="-23.5459150" />
  <node id="4210974999" lon="-46.6391833" lat="-23.5459165" />
  <node id="4210975000" lon="-46.6401055" lat="-23.5459168" />
  <node id="4210975002" lon="-46.6399104" lat="-23.5459189" />
  <node id="4210975004" lon="-46.6391870" lat="-23.5459206" />
  <node id="4210975006" lon="-46.6404744" lat="-23.5459242" />
  <node id="4210975008" lon="-46.6400101" lat="-23.5459279" />
  <node id="4210975009" lon="-46.6406085" lat="-23.5459292" />
  <node id="4210975011" lon="-46.6400877" lat="-23.5459375" />
  <node id="4210975013" lon="-46.6394641" lat="-23.5459407" />
  <node id="4210975014" lon="-46.6406249" lat="-23.5459409" />
  <node id="4210975015" lon="-46.6409776" lat="-23.5459430" />
  <node id="4210975017" lon="-46.6406049" lat="-23.5459475" />
  <node id="4210975018" lon="-46.6404523" lat="-23.5459482" />
  <node id="4210975020" lon="-46.6393619" lat="-23.5459488" />
  <node id="4210975021" lon="-46.6405907" lat="-23.5459507" />
  <node id="4210975022" lon="-46.6405142" lat="-23.5459519" />
  <node id="4210975023" lon="-46.6400458" lat="-23.5459536" />
  <node id="4210975024" lon="-46.6406140" lat="-23.5459539" />
  <node id="4210975025" lon="-46.6401579" lat="-23.5459551" />
  <node id="4210975026" lon="-46.6404613" lat="-23.5459552" />
  <node id="4210975027" lon="-46.6405979" lat="-23.5459558" />
  <node id="4210975028" lon="-46.6399067" lat="-23.5459568" />
  <node id="4210975029" lon="-46.6400409" lat="-23.5459569" />
  <node id="4210975030" lon="-46.6400370" lat="-23.5459580" />
  <node id="4210975031" lon="-46.6409637" lat="-23.5459592" />
  <node id="4210975032" lon="-46.6400326" lat="-23.5459610" />
  <node id="4210975033" lon="-46.6407633" lat="-23.5459617" />
  <node id="4210975036" lon="-46.6401253" lat="-23.5459651" />
  <node id="4210975038" lon="-46.6400294" lat="-23.5459654" />
  <node id="4210975041" lon="-46.6399150" lat="-23.5459671" />
  <node id="4210975042" lon="-46.6394884" lat="-23.5459682" />
  <node id="4210975043" lon="-46.6393803" lat="-23.5459697" />
  <node id="4210975045" lon="-46.6404483" lat="-23.5459698" />
  <node id="4210975046" lon="-46.6398861" lat="-23.5459709" />
  <node id="4210975047" lon="-46.6400287" lat="-23.5459709" />
  <node id="4210975048" lon="-46.6399598" lat="-23.5459713" />
  <node id="4210975049" lon="-46.6393743" lat="-23.5459742" />
  <node id="4210975050" lon="-46.6396548" lat="-23.5459751" />
  <node id="4210975051" lon="-46.6401398" lat="-23.5459758" />
  <node id="4210975053" lon="-46.6404571" lat="-23.5459765" />
  <node id="4210975054" lon="-46.6404913" lat="-23.5459778" />
  <node id="4210975056" lon="-46.6398966" lat="-23.5459839" />
  <node id="4210975058" lon="-46.6405621" lat="-23.5459852" />
  <node id="4210975059" lon="-46.6393592" lat="-23.5459866" />
  <node id="4210975060" lon="-46.6400922" lat="-23.5459872" />
  <node id="4210975061" lon="-46.6407419" lat="-23.5459874" />
  <node id="4210975063" lon="-46.6407071" lat="-23.5459914" />
  <node id="4210975064" lon="-46.6405883" lat="-23.5459926" />
  <node id="4210975065" lon="-46.6393925" lat="-23.5459947" />
  <node id="4210975067" lon="-46.6396272" lat="-23.5459952" />
  <node id="4210975068" lon="-46.6408268" lat="-23.5459959" />
  <node id="4210975069" lon="-46.6392987" lat="-23.5459963" />
  <node id="4210975070" lon="-46.6404388" lat="-23.5459969" />
  <node id="4210975073" lon="-46.6400726" lat="-23.5460002" />
  <node id="4210975074" lon="-46.6399838" lat="-23.5460013" />
  <node id="4210975080" lon="-46.6408213" lat="-23.5460030" />
  <node id="4210975083" lon="-46.6407269" lat="-23.5460054" />
  <node id="4210975084" lon="-46.6390436" lat="-23.5460060" />
  <node id="4210975086" lon="-46.6398347" lat="-23.5460062" />
  <node id="4210975087" lon="-46.6393768" lat="-23.5460066" />
  <node id="4210975091" lon="-46.6406912" lat="-23.5460105" />
  <node id="4210975094" lon="-46.6405388" lat="-23.5460134" />
  <node id="4210975097" lon="-46.6393178" lat="-23.5460178" />
  <node id="4210975098" lon="-46.6395331" lat="-23.5460183" />
  <node id="4210975099" lon="-46.6398451" lat="-23.5460191" />
  <node id="4210975100" lon="-46.6407043" lat="-23.5460198" />
  <node id="4210975103" lon="-46.6394168" lat="-23.5460221" />
  <node id="4210975104" lon="-46.6390609" lat="-23.5460232" />
  <node id="4210975105" lon="-46.6407105" lat="-23.5460250" />
  <node id="4210975107" lon="-46.6401077" lat="-23.5460265" />
  <node id="4210975109" lon="-46.6406984" lat="-23.5460268" />
  <node id="4210975110" lon="-46.6396219" lat="-23.5460271" />
  <node id="4210975112" lon="-46.6405585" lat="-23.5460282" />
  <node id="4210975113" lon="-46.6400271" lat="-23.5460305" />
  <node id="4210975116" lon="-46.6407050" lat="-23.5460316" />
  <node id="4210975117" lon="-46.6400987" lat="-23.5460327" />
  <node id="4210975120" lon="-46.6408807" lat="-23.5460331" />
  <node id="4210975121" lon="-46.6402651" lat="-23.5460333" />
  <node id="4210975122" lon="-46.6403316" lat="-23.5460335" />
  <node id="4210975126" lon="-46.6408749" lat="-23.5460413" />
  <node id="4210975127" lon="-46.6406610" lat="-23.5460445" />
  <node id="4210975129" lon="-46.6395603" lat="-23.5460468" />
  <node id="4210975130" lon="-46.6398693" lat="-23.5460492" />
  <node id="4210975131" lon="-46.6390844" lat="-23.5460497" />
  <node id="4210975132" lon="-46.6390399" lat="-23.5460503" />
  <node id="4210975133" lon="-46.6400441" lat="-23.5460521" />
  <node id="4210975135" lon="-46.6401858" lat="-23.5460560" />
  <node id="4210975136" lon="-46.6403635" lat="-23.5460562" />
  <node id="4210975137" lon="-46.6390754" lat="-23.5460565" />
  <node id="4210975138" lon="-46.6402976" lat="-23.5460570" />
  <node id="4210975140" lon="-46.6403049" lat="-23.5460623" />
  <node id="4210975141" lon="-46.6407660" lat="-23.5460643" />
  <node id="4210975142" lon="-46.6399712" lat="-23.5460677" />
  <node id="4210975144" lon="-46.6394701" lat="-23.5460695" />
  <node id="4210975145" lon="-46.6400426" lat="-23.5460700" />
  <node id="4210975146" lon="-46.6407433" lat="-23.5460768" />
  <node id="4210975148" lon="-46.6391895" lat="-23.5460787" />
  <node id="4210975149" lon="-46.6402787" lat="-23.5460789" />
  <node id="4210975150" lon="-46.6402206" lat="-23.5460811" />
  <node id="4210975151" lon="-46.6409311" lat="-23.5460812" />
  <node id="4210975152" lon="-46.6406297" lat="-23.5460817" />
  <node id="4210975153" lon="-46.6407510" lat="-23.5460824" />
  <node id="4210975155" lon="-46.6391947" lat="-23.5460844" />
  <node id="4210975156" lon="-46.6402152" lat="-23.5460850" />
  <node id="4210975157" lon="-46.6392695" lat="-23.5460874" />
  <node id="4210975159" lon="-46.6399883" lat="-23.5460894" />
  <node id="4210975160" lon="-46.6402969" lat="-23.5460923" />
  <node id="4210975161" lon="-46.6406450" lat="-23.5460932" />
  <node id="4210975162" lon="-46.6400075" lat="-23.5460936" />
  <node id="4210975163" lon="-46.6403656" lat="-23.5460945" />
  <node id="4210975164" lon="-46.6406503" lat="-23.5460972" />
  <node id="4210975165" lon="-46.6394975" lat="-23.5460980" />
  <node id="4210975166" lon="-46.6394923" lat="-23.5461022" />
  <node id="4210975167" lon="-46.6399147" lat="-23.5461054" />
  <node id="4210975168" lon="-46.6408269" lat="-23.5461073" />
  <node id="4210975169" lon="-46.6401761" lat="-23.5461116" />
  <node id="4210975170" lon="-46.6401728" lat="-23.5461138" />
  <node id="4210975171" lon="-46.6391323" lat="-23.5461143" />
  <node id="4210975172" lon="-46.6395043" lat="-23.5461158" />
  <node id="4210975173" lon="-46.6391455" lat="-23.5461159" />
  <node id="4210975174" lon="-46.6391290" lat="-23.5461168" />
  <node id="4210975175" lon="-46.6402729" lat="-23.5461188" />
  <node id="4210975176" lon="-46.6391485" lat="-23.5461192" />
  <node id="4210975177" lon="-46.6402714" lat="-23.5461198" />
  <node id="4210975178" lon="-46.6409865" lat="-23.5461204" />
  <node id="4210975179" lon="-46.6391384" lat="-23.5461213" />
  <node id="4210975180" lon="-46.6400876" lat="-23.5461222" />
  <node id="4210975181" lon="-46.6408122" lat="-23.5461249" />
  <node id="4210975182" lon="-46.6409924" lat="-23.5461254" />
  <node id="4210975183" lon="-46.6401040" lat="-23.5461263" />
  <node id="4210975184" lon="-46.6393048" lat="-23.5461273" />
  <node id="4210975185" lon="-46.6408958" lat="-23.5461284" />
  <node id="4210975186" lon="-46.6406122" lat="-23.5461296" />
  <node id="4210975187" lon="-46.6408204" lat="-23.5461307" />
  <node id="4210975188" lon="-46.6397798" lat="-23.5461314" />
  <node id="4210975189" lon="-46.6409963" lat="-23.5461321" />
  <node id="4210975190" lon="-46.6402528" lat="-23.5461322" />
  <node id="4210975191" lon="-46.6406971" lat="-23.5461322" />
  <node id="4210975192" lon="-46.6407001" lat="-23.5461344" />
  <node id="4210975193" lon="-46.6409968" lat="-23.5461387" />
  <node id="4210975195" lon="-46.6409172" lat="-23.5461420" />
  <node id="4210975196" lon="-46.6399443" lat="-23.5461424" />
  <node id="4210975197" lon="-46.6403064" lat="-23.5461438" />
  <node id="4210975199" lon="-46.6402924" lat="-23.5461464" />
  <node id="4210975200" lon="-46.6408818" lat="-23.5461470" />
  <node id="4210975201" lon="-46.6409968" lat="-23.5461475" />
  <node id="4210975202" lon="-46.6397289" lat="-23.5461476" />
  <node id="4210975203" lon="-46.6399361" lat="-23.5461481" />
  <node id="4210975204" lon="-46.6401213" lat="-23.5461483" />
  <node id="4210975205" lon="-46.6400481" lat="-23.5461486" />
  <node id="4210975207" lon="-46.6409951" lat="-23.5461541" />
  <node id="4210975209" lon="-46.6401081" lat="-23.5461571" />
  <node id="4210975210" lon="-46.6408944" lat="-23.5461599" />
  <node id="4210975211" lon="-46.6409915" lat="-23.5461607" />
  <node id="4210975212" lon="-46.6402099" lat="-23.5461609" />
  <node id="4210975213" lon="-46.6391176" lat="-23.5461637" />
  <node id="4210975215" lon="-46.6409008" lat="-23.5461639" />
  <node id="4210975216" lon="-46.6400455" lat="-23.5461641" />
  <node id="4210975217" lon="-46.6392574" lat="-23.5461667" />
  <node id="4210975218" lon="-46.6394020" lat="-23.5461696" />
  <node id="4210975220" lon="-46.6406668" lat="-23.5461714" />
  <node id="4210975221" lon="-46.6408858" lat="-23.5461715" />
  <node id="4210975223" lon="-46.6400787" lat="-23.5461768" />
  <node id="4210975224" lon="-46.6402451" lat="-23.5461782" />
  <node id="4210975225" lon="-46.6408862" lat="-23.5461797" />
  <node id="4210975226" lon="-46.6392548" lat="-23.5461805" />
  <node id="4210975228" lon="-46.6402483" lat="-23.5461823" />
  <node id="4210975235" lon="-46.6400635" lat="-23.5461870" />
  <node id="4210975236" lon="-46.6407733" lat="-23.5461871" />
  <node id="4210975239" lon="-46.6394192" lat="-23.5461880" />
  <node id="4210975243" lon="-46.6399836" lat="-23.5461913" />
  <node id="4210975245" lon="-46.6401352" lat="-23.5461915" />
  <node id="4210975246" lon="-46.6391367" lat="-23.5461919" />
  <node id="4210975247" lon="-46.6402333" lat="-23.5461923" />
  <node id="4210975248" lon="-46.6398317" lat="-23.5461962" />
  <node id="4210975250" lon="-46.6393660" lat="-23.5461966" />
  <node id="4210975251" lon="-46.6399754" lat="-23.5461969" />
  <node id="4210975252" lon="-46.6405502" lat="-23.5461995" />
  <node id="4210975253" lon="-46.6405095" lat="-23.5462025" />
  <node id="4210975255" lon="-46.6408025" lat="-23.5462081" />
  <node id="4210975257" lon="-46.6401057" lat="-23.5462113" />
  <node id="4210975258" lon="-46.6400248" lat="-23.5462129" />
  <node id="4210975259" lon="-46.6393434" lat="-23.5462134" />
  <node id="4210975260" lon="-46.6388143" lat="-23.5462149" />
  <node id="4210975262" lon="-46.6404056" lat="-23.5462171" />
  <node id="4210975263" lon="-46.6392869" lat="-23.5462193" />
  <node id="4210975265" lon="-46.6392825" lat="-23.5462226" />
  <node id="4210975266" lon="-46.6388221" lat="-23.5462234" />
  <node id="4210975267" lon="-46.6400097" lat="-23.5462234" />
  <node id="4210975268" lon="-46.6388769" lat="-23.5462242" />
  <node id="4210975270" lon="-46.6392713" lat="-23.5462268" />
  <node id="4210975271" lon="-46.6402618" lat="-23.5462288" />
  <node id="4210975272" lon="-46.6405895" lat="-23.5462288" />
  <node id="4210975273" lon="-46.6393239" lat="-23.5462303" />
  <node id="4210975274" lon="-46.6388662" lat="-23.5462307" />
  <node id="4210975275" lon="-46.6405071" lat="-23.5462307" />
  <node id="4210975277" lon="-46.6393637" lat="-23.5462320" />
  <node id="4210975278" lon="-46.6393072" lat="-23.5462324" />
  <node id="4210975279" lon="-46.6392975" lat="-23.5462353" />
  <node id="4210975280" lon="-46.6396118" lat="-23.5462360" />
  <node id="4210975281" lon="-46.6401663" lat="-23.5462368" />
  <node id="4210975282" lon="-46.6408431" lat="-23.5462373" />
  <node id="4210975283" lon="-46.6392994" lat="-23.5462383" />
  <node id="4210975284" lon="-46.6407657" lat="-23.5462383" />
  <node id="4210975285" lon="-46.6393128" lat="-23.5462387" />
  <node id="4210975286" lon="-46.6407714" lat="-23.5462426" />
  <node id="4210975287" lon="-46.6407610" lat="-23.5462435" />
  <node id="4210975288" lon="-46.6392816" lat="-23.5462438" />
  <node id="4210975289" lon="-46.6404428" lat="-23.5462446" />
  <node id="4210975290" lon="-46.6387675" lat="-23.5462469" />
  <node id="4210975291" lon="-46.6396236" lat="-23.5462493" />
  <node id="4210975292" lon="-46.6387704" lat="-23.5462502" />
  <node id="4210975293" lon="-46.6402292" lat="-23.5462504" />
  <node id="4210975294" lon="-46.6404569" lat="-23.5462550" />
  <node id="4210975295" lon="-46.6396149" lat="-23.5462559" />
  <node id="4210975297" lon="-46.6392135" lat="-23.5462593" />
  <node id="4210975298" lon="-46.6405473" lat="-23.5462605" />
  <node id="4210975301" lon="-46.6404739" lat="-23.5462687" />
  <node id="4210975302" lon="-46.6405366" lat="-23.5462728" />
  <node id="4210975303" lon="-46.6401948" lat="-23.5462733" />
  <node id="4210975304" lon="-46.6405437" lat="-23.5462796" />
  <node id="4210975305" lon="-46.6409023" lat="-23.5462798" />
  <node id="4210975306" lon="-46.6394099" lat="-23.5462849" />
  <node id="4210975307" lon="-46.6400879" lat="-23.5462890" />
  <node id="4210975308" lon="-46.6400863" lat="-23.5462900" />
  <node id="4210975309" lon="-46.6396565" lat="-23.5462905" />
  <node id="4210975311" lon="-46.6401676" lat="-23.5462913" />
  <node id="4210975312" lon="-46.6395685" lat="-23.5462915" />
  <node id="4210975314" lon="-46.6396522" lat="-23.5462942" />
  <node id="4210975322" lon="-46.6399150" lat="-23.5462997" />
  <node id="4210975323" lon="-46.6405127" lat="-23.5463000" />
  <node id="4210975324" lon="-46.6400712" lat="-23.5463001" />
  <node id="4210975325" lon="-46.6395139" lat="-23.5463022" />
  <node id="4210975327" lon="-46.6393731" lat="-23.5463053" />
  <node id="4210975328" lon="-46.6402723" lat="-23.5463056" />
  <node id="4210975330" lon="-46.6393567" lat="-23.5463135" />
  <node id="4210975331" lon="-46.6396770" lat="-23.5463142" />
  <node id="4210975333" lon="-46.6395309" lat="-23.5463203" />
  <node id="4210975334" lon="-46.6393542" lat="-23.5463237" />
  <node id="4210975338" lon="-46.6400942" lat="-23.5463289" />
  <node id="4210975340" lon="-46.6386622" lat="-23.5463313" />
  <node id="4210975341" lon="-46.6394506" lat="-23.5463315" />
  <node id="4210975342" lon="-46.6395167" lat="-23.5463316" />
  <node id="4210975343" lon="-46.6400898" lat="-23.5463319" />
  <node id="4210975344" lon="-46.6402324" lat="-23.5463322" />
  <node id="4210975347" lon="-46.6386653" lat="-23.5463345" />
  <node id="4210975351" lon="-46.6405596" lat="-23.5463396" />
  <node id="4210975352" lon="-46.6394614" lat="-23.5463439" />
  <node id="4210975354" lon="-46.6399537" lat="-23.5463480" />
  <node id="4210975355" lon="-46.6396265" lat="-23.5463526" />
  <node id="4210975357" lon="-46.6404646" lat="-23.5463560" />
  <node id="4210975358" lon="-46.6408448" lat="-23.5463568" />
  <node id="4210975359" lon="-46.6393752" lat="-23.5463572" />
  <node id="4210975361" lon="-46.6394792" lat="-23.5463614" />
  <node id="4210975362" lon="-46.6403018" lat="-23.5463616" />
  <node id="4210975363" lon="-46.6402589" lat="-23.5463661" />
  <node id="4210975365" lon="-46.6393967" lat="-23.5463720" />
  <node id="4210975366" lon="-46.6406564" lat="-23.5463724" />
  <node id="4210975367" lon="-46.6393848" lat="-23.5463725" />
  <node id="4210975369" lon="-46.6403540" lat="-23.5463765" />
  <node id="4210975370" lon="-46.6393287" lat="-23.5463773" />
  <node id="4210975371" lon="-46.6404989" lat="-23.5463776" />
  <node id="4210975372" lon="-46.6394957" lat="-23.5463786" />
  <node id="4210975373" lon="-46.6405027" lat="-23.5463800" />
  <node id="4210975374" lon="-46.6402372" lat="-23.5463804" />
  <node id="4210975375" lon="-46.6403306" lat="-23.5463805" />
  <node id="4210975376" lon="-46.6393321" lat="-23.5463811" />
  <node id="4210975377" lon="-46.6403169" lat="-23.5463811" />
  <node id="4210975378" lon="-46.6405071" lat="-23.5463831" />
  <node id="4210975379" lon="-46.6403372" lat="-23.5463883" />
  <node id="4210975381" lon="-46.6393001" lat="-23.5463928" />
  <node id="4210975382" lon="-46.6406367" lat="-23.5463928" />
  <node id="4210975383" lon="-46.6395736" lat="-23.5463929" />
  <node id="4210975384" lon="-46.6394703" lat="-23.5463987" />
  <node id="4210975385" lon="-46.6408126" lat="-23.5463999" />
  <node id="4210975387" lon="-46.6402863" lat="-23.5464013" />
  <node id="4210975388" lon="-46.6394815" lat="-23.5464107" />
  <node id="4210975389" lon="-46.6395504" lat="-23.5464107" />
  <node id="4210975390" lon="-46.6406591" lat="-23.5464113" />
  <node id="4210975391" lon="-46.6403838" lat="-23.5464125" />
  <node id="4210975392" lon="-46.6401871" lat="-23.5464134" />
  <node id="4210975393" lon="-46.6394094" lat="-23.5464136" />
  <node id="4210975394" lon="-46.6394560" lat="-23.5464191" />
  <node id="4210975395" lon="-46.6406512" lat="-23.5464192" />
  <node id="4210975397" lon="-46.6403724" lat="-23.5464206" />
  <node id="4210975398" lon="-46.6394624" lat="-23.5464259" />
  <node id="4210975400" lon="-46.6401663" lat="-23.5464267" />
  <node id="4210975401" lon="-46.6394462" lat="-23.5464268" />
  <node id="4210975402" lon="-46.6395261" lat="-23.5464293" />
  <node id="4210975403" lon="-46.6390110" lat="-23.5464315" />
  <node id="4210975404" lon="-46.6394518" lat="-23.5464328" />
  <node id="4210975405" lon="-46.6399167" lat="-23.5464340" />
  <node id="4210975407" lon="-46.6390022" lat="-23.5464359" />
  <node id="4210975408" lon="-46.6407330" lat="-23.5464362" />
  <node id="4210975409" lon="-46.6403904" lat="-23.5464404" />
  <node id="4210975410" lon="-46.6398273" lat="-23.5464421" />
  <node id="4210975411" lon="-46.6405894" lat="-23.5464425" />
  <node id="4210975412" lon="-46.6394377" lat="-23.5464440" />
  <node id="4210975413" lon="-46.6403778" lat="-23.5464475" />
  <node id="4210975415" lon="-46.6403308" lat="-23.5464526" />
  <node id="4210975418" lon="-46.6400401" lat="-23.5464588" />
  <node id="4210975419" lon="-46.6398045" lat="-23.5464591" />
  <node id="4210975421" lon="-46.6407643" lat="-23.5464647" />
  <node id="4210975422" lon="-46.6399486" lat="-23.5464654" />
  <node id="4210975423" lon="-46.6403437" lat="-23.5464668" />
  <node id="4210975424" lon="-46.6403097" lat="-23.5464675" />
  <node id="4210975427" lon="-46.6400236" lat="-23.5464732" />
  <node id="4210975428" lon="-46.6406330" lat="-23.5464738" />
  <node id="4210975431" lon="-46.6398580" lat="-23.5464775" />
  <node id="4210975432" lon="-46.6394629" lat="-23.5464776" />
  <node id="4210975433" lon="-46.6393230" lat="-23.5464782" />
  <node id="4210975434" lon="-46.6396763" lat="-23.5464787" />
  <node id="4210975435" lon="-46.6404142" lat="-23.5464804" />
  <node id="4210975436" lon="-46.6393220" lat="-23.5464829" />
  <node id="4210975437" lon="-46.6399262" lat="-23.5464848" />
  <node id="4210975438" lon="-46.6404211" lat="-23.5464866" />
  <node id="4210975440" lon="-46.6407423" lat="-23.5464942" />
  <node id="4210975441" lon="-46.6398351" lat="-23.5464945" />
  <node id="4210975443" lon="-46.6393385" lat="-23.5464988" />
  <node id="4210975444" lon="-46.6396477" lat="-23.5465002" />
  <node id="4210975445" lon="-46.6399461" lat="-23.5465043" />
  <node id="4210975446" lon="-46.6403843" lat="-23.5465053" />
  <node id="4210975447" lon="-46.6393375" lat="-23.5465060" />
  <node id="4210975450" lon="-46.6406817" lat="-23.5465089" />
  <node id="4210975451" lon="-46.6403340" lat="-23.5465097" />
  <node id="4210975452" lon="-46.6402336" lat="-23.5465102" />
  <node id="4210975453" lon="-46.6399342" lat="-23.5465145" />
  <node id="4210975454" lon="-46.6403255" lat="-23.5465152" />
  <node id="4210975455" lon="-46.6403277" lat="-23.5465181" />
  <node id="4210975456" lon="-46.6402459" lat="-23.5465194" />
  <node id="4210975457" lon="-46.6393534" lat="-23.5465212" />
  <node id="4210975458" lon="-46.6402431" lat="-23.5465213" />
  <node id="4210975459" lon="-46.6397180" lat="-23.5465235" />
  <node id="4210975460" lon="-46.6405120" lat="-23.5465253" />
  <node id="4210975461" lon="-46.6403495" lat="-23.5465289" />
  <node id="4210975462" lon="-46.6405174" lat="-23.5465291" />
  <node id="4210975463" lon="-46.6393516" lat="-23.5465298" />
  <node id="4210975465" lon="-46.6402849" lat="-23.5465311" />
  <node id="4210975466" lon="-46.6407140" lat="-23.5465322" />
  <node id="4210975467" lon="-46.6399512" lat="-23.5465342" />
  <node id="4210975468" lon="-46.6404148" lat="-23.5465343" />
  <node id="4210975470" lon="-46.6395894" lat="-23.5465429" />
  <node id="4210975471" lon="-46.6399408" lat="-23.5465430" />
  <node id="4210975472" lon="-46.6402902" lat="-23.5465438" />
  <node id="4210975473" lon="-46.6403766" lat="-23.5465441" />
  <node id="4210975474" lon="-46.6396869" lat="-23.5465453" />
  <node id="4210975475" lon="-46.6383922" lat="-23.5465474" />
  <node id="4210975476" lon="-46.6393702" lat="-23.5465492" />
  <node id="4210975477" lon="-46.6402855" lat="-23.5465492" />
  <node id="4210975478" lon="-46.6404913" lat="-23.5465493" />
  <node id="4210975479" lon="-46.6402703" lat="-23.5465496" />
  <node id="4210975480" lon="-46.6383957" lat="-23.5465510" />
  <node id="4210975481" lon="-46.6404945" lat="-23.5465521" />
  <node id="4210975482" lon="-46.6398850" lat="-23.5465522" />
  <node id="4210975483" lon="-46.6406980" lat="-23.5465536" />
  <node id="4210975484" lon="-46.6403843" lat="-23.5465538" />
  <node id="4210975485" lon="-46.6402839" lat="-23.5465545" />
  <node id="4210975487" lon="-46.6401164" lat="-23.5465567" />
  <node id="4210975488" lon="-46.6405627" lat="-23.5465579" />
  <node id="4210975489" lon="-46.6407002" lat="-23.5465582" />
  <node id="4210975490" lon="-46.6402841" lat="-23.5465610" />
  <node id="4210975492" lon="-46.6407005" lat="-23.5465634" />
  <node id="4210975493" lon="-46.6390993" lat="-23.5465658" />
  <node id="4210975494" lon="-46.6399653" lat="-23.5465676" />
  <node id="4210975495" lon="-46.6402854" lat="-23.5465683" />
  <node id="4210975496" lon="-46.6406995" lat="-23.5465686" />
  <node id="4210975497" lon="-46.6400982" lat="-23.5465688" />
  <node id="4210975498" lon="-46.6390925" lat="-23.5465694" />
  <node id="4210975499" lon="-46.6403353" lat="-23.5465704" />
  <node id="4210975501" lon="-46.6406975" lat="-23.5465738" />
  <node id="4210975502" lon="-46.6399039" lat="-23.5465741" />
  <node id="4210975503" lon="-46.6406934" lat="-23.5465783" />
  <node id="4210975505" lon="-46.6406877" lat="-23.5465819" />
  <node id="4210975506" lon="-46.6398935" lat="-23.5465829" />
  <node id="4210975507" lon="-46.6406755" lat="-23.5465838" />
  <node id="4210975508" lon="-46.6406818" lat="-23.5465839" />
  <node id="4210975511" lon="-46.6395209" lat="-23.5465928" />
  <node id="4210975513" lon="-46.6403533" lat="-23.5465944" />
  <node id="4210975515" lon="-46.6403470" lat="-23.5465985" />
  <node id="4210975516" lon="-46.6406630" lat="-23.5466004" />
  <node id="4210975517" lon="-46.6399997" lat="-23.5466021" />
  <node id="4210975518" lon="-46.6405547" lat="-23.5466022" />
  <node id="4210975519" lon="-46.6397036" lat="-23.5466055" />
  <node id="4210975520" lon="-46.6406651" lat="-23.5466058" />
  <node id="4210975521" lon="-46.6399180" lat="-23.5466075" />
  <node id="4210975524" lon="-46.6394966" lat="-23.5466105" />
  <node id="4210975525" lon="-46.6406652" lat="-23.5466115" />
  <node id="4210975526" lon="-46.6390260" lat="-23.5466135" />
  <node id="4210975527" lon="-46.6406637" lat="-23.5466174" />
  <node id="4210975528" lon="-46.6403253" lat="-23.5466176" />
  <node id="4210975529" lon="-46.6400401" lat="-23.5466181" />
  <node id="4210975530" lon="-46.6403210" lat="-23.5466208" />
  <node id="4210975531" lon="-46.6405822" lat="-23.5466210" />
  <node id="4210975533" lon="-46.6403650" lat="-23.5466225" />
  <node id="4210975534" lon="-46.6406605" lat="-23.5466228" />
  <node id="4210975535" lon="-46.6406564" lat="-23.5466263" />
  <node id="4210975536" lon="-46.6405923" lat="-23.5466286" />
  <node id="4210975537" lon="-46.6406512" lat="-23.5466293" />
  <node id="4210975538" lon="-46.6400267" lat="-23.5466294" />
  <node id="4210975539" lon="-46.6406404" lat="-23.5466306" />
  <node id="4210975540" lon="-46.6406455" lat="-23.5466307" />
  <node id="4210975541" lon="-46.6405231" lat="-23.5466325" />
  <node id="4210975542" lon="-46.6403483" lat="-23.5466331" />
  <node id="4210975543" lon="-46.6389930" lat="-23.5466353" />
  <node id="4210975544" lon="-46.6382817" lat="-23.5466361" />
  <node id="4210975545" lon="-46.6396625" lat="-23.5466361" />
  <node id="4210975548" lon="-46.6405293" lat="-23.5466377" />
  <node id="4210975549" lon="-46.6382850" lat="-23.5466397" />
  <node id="4210975550" lon="-46.6399523" lat="-23.5466421" />
  <node id="4210975551" lon="-46.6398226" lat="-23.5466427" />
  <node id="4210975552" lon="-46.6403405" lat="-23.5466435" />
  <node id="4210975553" lon="-46.6395657" lat="-23.5466449" />
  <node id="4210975554" lon="-46.6403365" lat="-23.5466471" />
  <node id="4210975555" lon="-46.6398149" lat="-23.5466492" />
  <node id="4210975556" lon="-46.6394395" lat="-23.5466521" />
  <node id="4210975557" lon="-46.6406238" lat="-23.5466524" />
  <node id="4210975558" lon="-46.6391504" lat="-23.5466531" />
  <node id="4210975559" lon="-46.6394419" lat="-23.5466557" />
  <node id="4210975561" lon="-46.6401265" lat="-23.5466589" />
  <node id="4210975562" lon="-46.6394351" lat="-23.5466605" />
  <node id="4210975563" lon="-46.6401986" lat="-23.5466620" />
  <node id="4210975564" lon="-46.6395412" lat="-23.5466627" />
  <node id="4210975565" lon="-46.6390645" lat="-23.5466630" />
  <node id="4210975567" lon="-46.6394340" lat="-23.5466642" />
  <node id="4210975568" lon="-46.6404721" lat="-23.5466648" />
  <node id="4210975569" lon="-46.6397509" lat="-23.5466660" />
  <node id="4210975570" lon="-46.6394346" lat="-23.5466679" />
  <node id="4210975571" lon="-46.6399794" lat="-23.5466694" />
  <node id="4210975572" lon="-46.6397915" lat="-23.5466696" />
  <node id="4210975573" lon="-46.6400842" lat="-23.5466697" />
  <node id="4210975574" lon="-46.6404767" lat="-23.5466710" />
  <node id="4210975575" lon="-46.6382461" lat="-23.5466713" />
  <node id="4210975577" lon="-46.6389268" lat="-23.5466791" />
  <node id="4210975579" lon="-46.6400960" lat="-23.5466826" />
  <node id="4210975580" lon="-46.6405844" lat="-23.5466829" />
  <node id="4210975581" lon="-46.6390315" lat="-23.5466848" />
  <node id="4210975582" lon="-46.6399602" lat="-23.5466857" />
  <node id="4210975584" lon="-46.6400606" lat="-23.5466888" />
  <node id="4210975585" lon="-46.6405755" lat="-23.5466903" />
  <node id="4210975586" lon="-46.6405939" lat="-23.5466907" />
  <node id="4210975587" lon="-46.6397657" lat="-23.5466930" />
  <node id="4210975588" lon="-46.6401580" lat="-23.5466934" />
  <node id="4210975589" lon="-46.6405797" lat="-23.5466940" />
  <node id="4210975590" lon="-46.6403811" lat="-23.5466944" />
  <node id="4210975591" lon="-46.6403778" lat="-23.5466966" />
  <node id="4210975592" lon="-46.6404627" lat="-23.5467038" />
  <node id="4210975593" lon="-46.6405829" lat="-23.5467052" />
  <node id="4210975594" lon="-46.6398751" lat="-23.5467065" />
  <node id="4210975595" lon="-46.6388798" lat="-23.5467102" />
  <node id="4210975596" lon="-46.6405705" lat="-23.5467127" />
  <node id="4210975597" lon="-46.6405748" lat="-23.5467163" />
  <node id="4210975598" lon="-46.6404061" lat="-23.5467168" />
  <node id="4210975599" lon="-46.6405733" lat="-23.5467186" />
  <node id="4210975600" lon="-46.6396416" lat="-23.5467208" />
  <node id="4210975601" lon="-46.6404024" lat="-23.5467212" />
  <node id="4210975602" lon="-46.6392007" lat="-23.5467271" />
  <node id="4210975603" lon="-46.6389651" lat="-23.5467284" />
  <node id="4210975604" lon="-46.6404212" lat="-23.5467302" />
  <node id="4210975605" lon="-46.6397502" lat="-23.5467332" />
  <node id="4210975606" lon="-46.6399037" lat="-23.5467336" />
  <node id="4210975607" lon="-46.6400042" lat="-23.5467345" />
  <node id="4210975608" lon="-46.6401034" lat="-23.5467357" />
  <node id="4210975609" lon="-46.6396546" lat="-23.5467361" />
  <node id="4210975610" lon="-46.6398973" lat="-23.5467391" />
  <node id="4210975611" lon="-46.6396105" lat="-23.5467435" />
  <node id="4210975612" lon="-46.6400922" lat="-23.5467444" />
  <node id="4210975613" lon="-46.6388171" lat="-23.5467516" />
  <node id="4210975614" lon="-46.6398223" lat="-23.5467520" />
  <node id="4210975615" lon="-46.6394885" lat="-23.5467524" />
  <node id="4210975616" lon="-46.6404994" lat="-23.5467527" />
  <node id="4210975617" lon="-46.6394914" lat="-23.5467557" />
  <node id="4210975618" lon="-46.6404445" lat="-23.5467557" />
  <node id="4210975619" lon="-46.6394944" lat="-23.5467572" />
  <node id="4210975620" lon="-46.6404389" lat="-23.5467577" />
  <node id="4210975621" lon="-46.6394981" lat="-23.5467583" />
  <node id="4210975622" lon="-46.6389181" lat="-23.5467594" />
  <node id="4210975623" lon="-46.6405139" lat="-23.5467616" />
  <node id="4210975624" lon="-46.6405179" lat="-23.5467657" />
  <node id="4210975625" lon="-46.6404530" lat="-23.5467668" />
  <node id="4210975626" lon="-46.6405017" lat="-23.5467726" />
  <node id="4210975627" lon="-46.6387842" lat="-23.5467734" />
  <node id="4210975628" lon="-46.6398494" lat="-23.5467803" />
  <node id="4210975630" lon="-46.6400430" lat="-23.5467841" />
  <node id="4210975631" lon="-46.6387643" lat="-23.5467865" />
  <node id="4210975632" lon="-46.6396669" lat="-23.5467877" />
  <node id="4210975633" lon="-46.6389427" lat="-23.5467911" />
  <node id="4210975634" lon="-46.6396702" lat="-23.5467914" />
  <node id="4210975635" lon="-46.6390927" lat="-23.5467985" />
  <node id="4210975636" lon="-46.6396473" lat="-23.5468020" />
  <node id="4210975637" lon="-46.6392512" lat="-23.5468060" />
  <node id="4210975638" lon="-46.6401441" lat="-23.5468080" />
  <node id="4210975639" lon="-46.6400125" lat="-23.5468088" />
  <node id="4210975640" lon="-46.6389545" lat="-23.5468091" />
  <node id="4210975641" lon="-46.6401358" lat="-23.5468137" />
  <node id="4210975642" lon="-46.6388674" lat="-23.5468162" />
  <node id="4210975643" lon="-46.6387164" lat="-23.5468183" />
  <node id="4210975644" lon="-46.6402263" lat="-23.5468295" />
  <node id="4210975645" lon="-46.6399820" lat="-23.5468335" />
  <node id="4210975646" lon="-46.6388344" lat="-23.5468380" />
  <node id="4210975647" lon="-46.6391237" lat="-23.5468384" />
  <node id="4210975648" lon="-46.6391125" lat="-23.5468402" />
  <node id="4210975649" lon="-46.6386827" lat="-23.5468406" />
  <node id="4210975650" lon="-46.6391153" lat="-23.5468439" />
  <node id="4210975651" lon="-46.6402383" lat="-23.5468442" />
  <node id="4210975653" lon="-46.6390202" lat="-23.5468463" />
  <node id="4210975654" lon="-46.6403599" lat="-23.5468594" />
  <node id="4210975655" lon="-46.6401766" lat="-23.5468638" />
  <node id="4210975656" lon="-46.6399353" lat="-23.5468699" />
  <node id="4210975657" lon="-46.6392941" lat="-23.5468752" />
  <node id="4210975658" lon="-46.6398670" lat="-23.5468760" />
  <node id="4210975659" lon="-46.6390569" lat="-23.5468769" />
  <node id="4210975660" lon="-46.6390589" lat="-23.5468795" />
  <node id="4210975661" lon="-46.6388375" lat="-23.5468832" />
  <node id="4210975662" lon="-46.6390503" lat="-23.5468852" />
  <node id="4210975663" lon="-46.6399547" lat="-23.5468901" />
  <node id="4210975664" lon="-46.6403548" lat="-23.5468917" />
  <node id="4210975665" lon="-46.6401327" lat="-23.5468945" />
  <node id="4210975666" lon="-46.6392435" lat="-23.5469064" />
  <node id="4210975667" lon="-46.6389290" lat="-23.5469065" />
  <node id="4210975668" lon="-46.6398131" lat="-23.5469090" />
  <node id="4210975669" lon="-46.6401448" lat="-23.5469094" />
  <node id="4210975670" lon="-46.6387925" lat="-23.5469126" />
  <node id="4210975671" lon="-46.6399781" lat="-23.5469166" />
  <node id="4210975672" lon="-46.6398126" lat="-23.5469183" />
  <node id="4210975673" lon="-46.6390782" lat="-23.5469199" />
  <node id="4210975674" lon="-46.6399926" lat="-23.5469331" />
  <node id="4210975675" lon="-46.6387588" lat="-23.5469348" />
  <node id="4210975676" lon="-46.6397544" lat="-23.5469355" />
  <node id="4210975677" lon="-46.6397598" lat="-23.5469373" />
  <node id="4210975678" lon="-46.6388818" lat="-23.5469379" />
  <node id="4210975679" lon="-46.6397559" lat="-23.5469387" />
  <node id="4210975682" lon="-46.6391877" lat="-23.5469444" />
  <node id="4210975683" lon="-46.6391033" lat="-23.5469523" />
  <node id="4210975684" lon="-46.6390197" lat="-23.5469583" />
  <node id="4210975685" lon="-46.6399580" lat="-23.5469599" />
  <node id="4210975686" lon="-46.6392066" lat="-23.5469693" />
  <node id="4210975687" lon="-46.6391484" lat="-23.5469712" />
  <node id="4210975688" lon="-46.6389089" lat="-23.5469713" />
  <node id="4210975689" lon="-46.6398355" lat="-23.5469743" />
  <node id="4210975690" lon="-46.6397963" lat="-23.5469776" />
  <node id="4210975691" lon="-46.6393582" lat="-23.5469800" />
  <node id="4210975692" lon="-46.6389865" lat="-23.5469802" />
  <node id="4210975693" lon="-46.6397882" lat="-23.5469819" />
  <node id="4210975694" lon="-46.6398100" lat="-23.5469823" />
  <node id="4210975695" lon="-46.6400379" lat="-23.5469842" />
  <node id="4210975696" lon="-46.6398126" lat="-23.5469865" />
  <node id="4210975697" lon="-46.6390449" lat="-23.5469907" />
  <node id="4210975698" lon="-46.6396802" lat="-23.5469910" />
  <node id="4210975701" lon="-46.6391667" lat="-23.5469952" />
  <node id="4210975702" lon="-46.6389614" lat="-23.5469971" />
  <node id="4210975703" lon="-46.6397828" lat="-23.5469982" />
  <node id="4210975704" lon="-46.6402167" lat="-23.5469983" />
  <node id="4210975705" lon="-46.6398557" lat="-23.5470066" />
  <node id="4210975706" lon="-46.6396586" lat="-23.5470077" />
  <node id="4210975707" lon="-46.6400022" lat="-23.5470084" />
  <node id="4210975708" lon="-46.6396555" lat="-23.5470103" />
  <node id="4210975709" lon="-46.6397462" lat="-23.5470177" />
  <node id="4210975710" lon="-46.6400695" lat="-23.5470190" />
  <node id="4210975711" lon="-46.6390746" lat="-23.5470193" />
  <node id="4210975712" lon="-46.6392428" lat="-23.5470193" />
  <node id="4210975713" lon="-46.6389233" lat="-23.5470228" />
  <node id="4210975714" lon="-46.6401841" lat="-23.5470238" />
  <node id="4210975718" lon="-46.6398167" lat="-23.5470274" />
  <node id="4210975721" lon="-46.6400816" lat="-23.5470323" />
  <node id="4210975722" lon="-46.6388190" lat="-23.5470337" />
  <node id="4210975725" lon="-46.6392719" lat="-23.5470389" />
  <node id="4210975726" lon="-46.6389949" lat="-23.5470395" />
  <node id="4210975727" lon="-46.6388249" lat="-23.5470410" />
  <node id="4210975729" lon="-46.6392063" lat="-23.5470442" />
  <node id="4210975731" lon="-46.6392631" lat="-23.5470449" />
  <node id="4210975734" lon="-46.6401532" lat="-23.5470479" />
  <node id="4210975736" lon="-46.6397684" lat="-23.5470531" />
  <node id="4210975737" lon="-46.6389713" lat="-23.5470554" />
  <node id="4210975740" lon="-46.6389569" lat="-23.5470651" />
  <node id="4210975742" lon="-46.6392266" lat="-23.5470696" />
  <node id="4210975743" lon="-46.6388538" lat="-23.5470697" />
  <node id="4210975746" lon="-46.6401196" lat="-23.5470741" />
  <node id="4210975748" lon="-46.6389867" lat="-23.5470782" />
  <node id="4210975752" lon="-46.6391857" lat="-23.5470973" />
  <node id="4210975757" lon="-46.6387018" lat="-23.5471172" />
  <node id="4210975758" lon="-46.6391519" lat="-23.5471202" />
  <node id="4210975760" lon="-46.6387066" lat="-23.5471232" />
  <node id="4210975799" lon="-46.6386489" lat="-23.5471540" />
  <node id="4249854784" lon="-46.6372518" lat="-23.5469566" />
  <node id="4249854814" lon="-46.6371018" lat="-23.5468388" />
  <node id="4249854815" lon="-46.6371072" lat="-23.5468394" />
  <node id="4249854816" lon="-46.6370967" lat="-23.5468398" />
  <node id="4249854818" lon="-46.6371129" lat="-23.5468415" />
  <node id="4249854822" lon="-46.6371173" lat="-23.5468452" />
  <node id="4249854843" lon="-46.6370466" lat="-23.5468774" />
  <node id="4249854846" lon="-46.6370436" lat="-23.5468817" />
  <node id="4249854852" lon="-46.6370422" lat="-23.5468875" />
  <node id="4249854861" lon="-46.6370424" lat="-23.5468924" />
  <node id="4249854865" lon="-46.6370446" lat="-23.5468977" />
  <node id="4249854989" lon="-46.6372184" lat="-23.5469592" />
  <node id="4249854993" lon="-46.6371031" lat="-23.5469640" />
  <node id="4249855000" lon="-46.6371128" lat="-23.5469728" />
  <node id="4249855002" lon="-46.6371233" lat="-23.5469730" />
  <node id="4249855008" lon="-46.6371175" lat="-23.5469772" />
  <node id="4249855033" lon="-46.6371520" lat="-23.5470087" />
  <node id="4249855060" lon="-46.6371264" lat="-23.5470431" />
  <node id="4251881389" lon="-46.6382262" lat="-23.5467033" />
  <node id="4251881391" lon="-46.6380458" lat="-23.5469244" />
  <node id="4251881401" lon="-46.6381501" lat="-23.5469490" />
  <node id="4251881402" lon="-46.6384333" lat="-23.5469721" />
  <node id="4251881419" lon="-46.6389430" lat="-23.5476546" />
  <node id="4251881699" lon="-46.6381703" lat="-23.5467939" />
  <node id="4321097189" lon="-46.6410570" lat="-23.5446224" />
  <node id="4465711963" lon="-46.6380586" lat="-23.5436902" />
  <node id="4503281373" lon="-46.6360355" lat="-23.5438181" />
  <node id="4503331661" lon="-46.6365358" lat="-23.5459286" />
  <node id="4503349333" lon="-46.6377768" lat="-23.5466741" />
  <node id="4503375506" lon="-46.6388257" lat="-23.5459893" />
  <node id="4503375510" lon="-46.6402274" lat="-23.5470862" />
  <node id="4503375511" lon="-46.6406160" lat="-23.5467711" />
  <node id="4503375512" lon="-46.6405681" lat="-23.5468222" />
  <node id="4503375513" lon="-46.6406824" lat="-23.5466829" />
  <node id="4503375514" lon="-46.6410304" lat="-23.5462142" />
  <node id="4503375525" lon="-46.6410354" lat="-23.5460915" />
  <node id="4503377573" lon="-46.6386015" lat="-23.5447963" />
  <node id="4503377577" lon="-46.6381698" lat="-23.5450840" />
  <node id="4503377579" lon="-46.6386879" lat="-23.5457714" />
  <node id="4503377583" lon="-46.6391301" lat="-23.5454627" />
  <node id="4503381772" lon="-46.6379276" lat="-23.5435056" />
  <node id="4503381773" lon="-46.6382152" lat="-23.5433596" />
  <node id="4503381774" lon="-46.6383607" lat="-23.5432769" />
  <node id="4503381775" lon="-46.6384102" lat="-23.5432488" />
  <node id="4503381776" lon="-46.6385341" lat="-23.5431789" />
  <node id="4503381777" lon="-46.6386270" lat="-23.5431265" />
  <node id="4503381778" lon="-46.6386388" lat="-23.5431198" />
  <node id="4503381779" lon="-46.6386558" lat="-23.5431095" />
  <node id="4503381780" lon="-46.6386595" lat="-23.5431071" />
  <node id="4503381781" lon="-46.6386727" lat="-23.5430941" />
  <node id="4503381782" lon="-46.6386764" lat="-23.5430896" />
  <node id="4503381783" lon="-46.6386793" lat="-23.5430857" />
  <node id="4503381784" lon="-46.6386818" lat="-23.5430820" />
  <node id="4503381785" lon="-46.6386839" lat="-23.5430781" />
  <node id="4503381786" lon="-46.6386858" lat="-23.5430741" />
  <node id="4503381787" lon="-46.6386875" lat="-23.5430700" />
  <node id="4503381788" lon="-46.6386888" lat="-23.5430658" />
  <node id="4503381789" lon="-46.6386898" lat="-23.5430616" />
  <node id="4503381790" lon="-46.6386910" lat="-23.5430529" />
  <node id="4503381791" lon="-46.6386911" lat="-23.5430482" />
  <node id="4503381792" lon="-46.6386908" lat="-23.5430368" />
  <node id="4503381793" lon="-46.6386904" lat="-23.5430325" />
  <node id="4503381794" lon="-46.6386897" lat="-23.5430281" />
  <node id="4503381795" lon="-46.6386887" lat="-23.5430237" />
  <node id="4503381796" lon="-46.6386874" lat="-23.5430194" />
  <node id="4503381797" lon="-46.6386859" lat="-23.5430152" />
  <node id="4503381798" lon="-46.6386840" lat="-23.5430111" />
  <node id="4503381799" lon="-46.6386819" lat="-23.5430072" />
  <node id="4503381800" lon="-46.6386768" lat="-23.5429996" />
  <node id="4503381801" lon="-46.6386739" lat="-23.5429961" />
  <node id="4503381802" lon="-46.6386708" lat="-23.5429927" />
  <node id="4503381803" lon="-46.6386674" lat="-23.5429895" />
  <node id="4503381804" lon="-46.6386639" lat="-23.5429865" />
  <node id="4503381805" lon="-46.6386606" lat="-23.5429841" />
  <node id="4503381806" lon="-46.6384801" lat="-23.5428749" />
  <node id="4503381807" lon="-46.6383769" lat="-23.5428126" />
  <node id="4503381808" lon="-46.6383040" lat="-23.5427686" />
  <node id="4503381809" lon="-46.6381521" lat="-23.5426771" />
  <node id="4503381810" lon="-46.6380791" lat="-23.5426332" />
  <node id="4503381811" lon="-46.6380426" lat="-23.5426112" />
  <node id="4503381812" lon="-46.6380252" lat="-23.5426007" />
  <node id="4503381813" lon="-46.6380211" lat="-23.5425985" />
  <node id="4503381814" lon="-46.6380172" lat="-23.5425968" />
  <node id="4503381815" lon="-46.6380130" lat="-23.5425952" />
  <node id="4503381816" lon="-46.6380087" lat="-23.5425939" />
  <node id="4503381817" lon="-46.6380043" lat="-23.5425929" />
  <node id="4503381818" lon="-46.6379999" lat="-23.5425922" />
  <node id="4503381819" lon="-46.6379954" lat="-23.5425918" />
  <node id="4503381820" lon="-46.6379912" lat="-23.5425916" />
  <node id="4503381821" lon="-46.6379867" lat="-23.5425919" />
  <node id="4503381822" lon="-46.6379817" lat="-23.5425923" />
  <node id="4503381823" lon="-46.6379769" lat="-23.5425931" />
  <node id="4503381824" lon="-46.6379721" lat="-23.5425941" />
  <node id="4503381825" lon="-46.6379673" lat="-23.5425954" />
  <node id="4503381826" lon="-46.6379627" lat="-23.5425969" />
  <node id="4503381827" lon="-46.6379581" lat="-23.5425987" />
  <node id="4503381828" lon="-46.6379537" lat="-23.5426008" />
  <node id="4503381829" lon="-46.6379495" lat="-23.5426030" />
  <node id="4503381830" lon="-46.6379415" lat="-23.5426082" />
  <node id="4503381831" lon="-46.6379378" lat="-23.5426111" />
  <node id="4503381832" lon="-46.6379343" lat="-23.5426142" />
  <node id="4503381833" lon="-46.6379310" lat="-23.5426174" />
  <node id="4503381834" lon="-46.6379279" lat="-23.5426208" />
  <node id="4503381835" lon="-46.6379257" lat="-23.5426237" />
  <node id="4503381836" lon="-46.6378837" lat="-23.5426916" />
  <node id="4503381837" lon="-46.6378586" lat="-23.5427322" />
  <node id="4503381838" lon="-46.6378445" lat="-23.5427552" />
  <node id="4503381839" lon="-46.6377717" lat="-23.5428780" />
  <node id="4503381840" lon="-46.6377335" lat="-23.5429425" />
  <node id="4503381841" lon="-46.6377127" lat="-23.5429777" />
  <node id="4503381842" lon="-46.6377025" lat="-23.5429950" />
  <node id="4503381843" lon="-46.6376999" lat="-23.5429995" />
  <node id="4503381844" lon="-46.6376982" lat="-23.5430031" />
  <node id="4503381845" lon="-46.6376976" lat="-23.5430049" />
  <node id="4503381846" lon="-46.6376971" lat="-23.5430075" />
  <node id="4503381847" lon="-46.6376958" lat="-23.5430182" />
  <node id="4503381848" lon="-46.6376958" lat="-23.5430283" />
  <node id="4503381849" lon="-46.6376962" lat="-23.5430329" />
  <node id="4503381850" lon="-46.6376975" lat="-23.5430441" />
  <node id="4503381851" lon="-46.6376999" lat="-23.5430558" />
  <node id="4503381852" lon="-46.6377011" lat="-23.5430616" />
  <node id="4503381853" lon="-46.6377020" lat="-23.5430653" />
  <node id="4503381854" lon="-46.6377061" lat="-23.5430753" />
  <node id="4503381855" lon="-46.6377168" lat="-23.5430958" />
  <node id="4503381856" lon="-46.6377230" lat="-23.5431068" />
  <node id="4503381857" lon="-46.6377406" lat="-23.5431349" />
  <node id="4503381858" lon="-46.6377474" lat="-23.5431458" />
  <node id="4503381859" lon="-46.6378480" lat="-23.5432923" />
  <node id="4503381860" lon="-46.6379023" lat="-23.5433715" />
  <node id="4503381861" lon="-46.6379411" lat="-23.5434281" />
  <node id="4503381862" lon="-46.6379450" lat="-23.5434336" />
  <node id="4503381864" lon="-46.6379471" lat="-23.5434355" />
  <node id="4503381865" lon="-46.6379530" lat="-23.5434383" />
  <node id="4503381866" lon="-46.6379767" lat="-23.5434459" />
  <node id="4503381867" lon="-46.6379970" lat="-23.5434519" />
  <node id="4503381868" lon="-46.6380018" lat="-23.5434533" />
  <node id="4503381869" lon="-46.6380059" lat="-23.5434541" />
  <node id="4503381870" lon="-46.6380215" lat="-23.5434561" />
  <node id="4503381871" lon="-46.6380316" lat="-23.5434559" />
  <node id="4503381872" lon="-46.6380347" lat="-23.5434554" />
  <node id="4503381873" lon="-46.6380441" lat="-23.5434533" />
  <node id="4503381874" lon="-46.6380547" lat="-23.5434493" />
  <node id="4503381875" lon="-46.6380877" lat="-23.5434320" />
  <node id="4503381876" lon="-46.6380936" lat="-23.5434288" />
  <node id="4503381877" lon="-46.6394946" lat="-23.5456847" />
  <node id="4510951821" lon="-46.6364241" lat="-23.5429869" />
  <node id="4511006052" lon="-46.6393020" lat="-23.5480532" />
  <node id="4511006070" lon="-46.6369611" lat="-23.5451497" />
  <node id="4511006071" lon="-46.6367733" lat="-23.5449020" />
  <node id="4511006073" lon="-46.6387824" lat="-23.5473994" />
  <node id="4511006074" lon="-46.6388540" lat="-23.5475251" />
  <node id="4511006075" lon="-46.6388712" lat="-23.5475630" />
  <node id="4511006076" lon="-46.6388992" lat="-23.5476028" />
  <node id="4511007497" lon="-46.6380929" lat="-23.5468743" />
  <node id="4524594713" lon="-46.6395459" lat="-23.5471333" />
  <node id="4524594714" lon="-46.6396943" lat="-23.5473566" />
  <node id="4526413323" lon="-46.6405048" lat="-23.5467698" />
  <node id="4526413324" lon="-46.6401714" lat="-23.5470337" />
  <node id="4526413325" lon="-46.6402063" lat="-23.5470065" />
  <node id="4526413326" lon="-46.6401430" lat="-23.5470558" />
  <node id="4526413328" lon="-46.6406359" lat="-23.5466366" />
  <node id="4526413329" lon="-46.6406640" lat="-23.5465991" />
  <node id="4526413330" lon="-46.6407004" lat="-23.5465616" />
  <node id="4526413331" lon="-46.6407264" lat="-23.5465155" />
  <node id="4526413332" lon="-46.6407531" lat="-23.5464798" />
  <node id="4526413333" lon="-46.6407836" lat="-23.5464388" />
  <node id="4526413336" lon="-46.6409132" lat="-23.5462653" />
  <node id="4526413337" lon="-46.6409527" lat="-23.5462125" />
  <node id="4526413338" lon="-46.6409909" lat="-23.5461614" />
  <node id="4594153461" lon="-46.6380201" lat="-23.5450267" />
  <node id="4648524305" lon="-46.6413693" lat="-23.5470089" />
  <node id="4648524306" lon="-46.6413677" lat="-23.5468989" />
  <node id="4648524313" lon="-46.6408801" lat="-23.5465191" />
  <node id="4648524314" lon="-46.6408069" lat="-23.5466179" />
  <node id="4648524315" lon="-46.6407483" lat="-23.5466969" />
  <node id="4648524316" lon="-46.6406886" lat="-23.5467798" />
  <node id="4648524317" lon="-46.6406615" lat="-23.5468198" />
  <node id="4648524320" lon="-46.6406050" lat="-23.5468766" />
  <node id="4648524321" lon="-46.6405743" lat="-23.5469011" />
  <node id="4660442223" lon="-46.6389834" lat="-23.5463888" />
  <node id="4660442224" lon="-46.6390124" lat="-23.5464510" />
  <node id="4660442225" lon="-46.6390639" lat="-23.5465271" />
  <node id="4660442226" lon="-46.6391142" lat="-23.5465912" />
  <node id="4660442227" lon="-46.6391335" lat="-23.5466242" />
  <node id="4660442228" lon="-46.6391747" lat="-23.5466888" />
  <node id="4660442229" lon="-46.6392355" lat="-23.5467815" />
  <node id="4660442230" lon="-46.6392643" lat="-23.5468271" />
  <node id="4660442231" lon="-46.6392846" lat="-23.5468599" />
  <node id="4660442232" lon="-46.6393051" lat="-23.5468932" />
  <node id="4660442233" lon="-46.6393229" lat="-23.5469222" />
  <node id="4660442234" lon="-46.6393397" lat="-23.5469497" />
  <node id="4678304998" lon="-46.6409344" lat="-23.5445235" />
  <node id="4679217029" lon="-46.6396068" lat="-23.5469323" />
  <node id="4679217030" lon="-46.6395794" lat="-23.5468884" />
  <node id="4679217031" lon="-46.6395513" lat="-23.5468434" />
  <node id="4679217032" lon="-46.6395291" lat="-23.5468080" />
  <node id="4679217033" lon="-46.6396368" lat="-23.5469803" />
  <node id="4679217034" lon="-46.6394759" lat="-23.5467327" />
  <node id="4679217035" lon="-46.6394480" lat="-23.5466889" />
  <node id="4679217037" lon="-46.6393585" lat="-23.5465370" />
  <node id="4679217038" lon="-46.6393318" lat="-23.5464923" />
  <node id="4679217039" lon="-46.6393026" lat="-23.5464469" />
  <node id="4679217040" lon="-46.6392818" lat="-23.5464149" />
  <node id="4679217041" lon="-46.6392590" lat="-23.5463798" />
  <node id="4679217042" lon="-46.6392406" lat="-23.5463516" />
  <node id="4679217043" lon="-46.6392173" lat="-23.5463158" />
  <node id="4679217044" lon="-46.6391861" lat="-23.5462679" />
  <node id="4679217045" lon="-46.6391669" lat="-23.5462383" />
  <node id="4679217046" lon="-46.6391514" lat="-23.5462145" />
  <node id="4679217047" lon="-46.6392003" lat="-23.5462896" />
  <node id="4679217048" lon="-46.6391048" lat="-23.5461450" />
  <node id="4679218334" lon="-46.6393360" lat="-23.5457724" />
  <node id="4680420400" lon="-46.6394718" lat="-23.5457425" />
  <node id="4680420401" lon="-46.6395237" lat="-23.5458095" />
  <node id="4680420402" lon="-46.6396123" lat="-23.5459220" />
  <node id="4680420403" lon="-46.6396868" lat="-23.5460151" />
  <node id="4680420404" lon="-46.6397211" lat="-23.5460581" />
  <node id="4680420405" lon="-46.6397539" lat="-23.5460990" />
  <node id="4680420406" lon="-46.6397968" lat="-23.5461527" />
  <node id="4680420407" lon="-46.6398176" lat="-23.5461785" />
  <node id="4680420411" lon="-46.6399289" lat="-23.5463170" />
  <node id="4680420412" lon="-46.6399433" lat="-23.5463350" />
  <node id="4680420413" lon="-46.6399735" lat="-23.5463734" />
  <node id="4680420414" lon="-46.6400091" lat="-23.5464190" />
  <node id="4680420415" lon="-46.6403069" lat="-23.5467945" />
  <node id="4680420416" lon="-46.6402555" lat="-23.5467316" />
  <node id="4680420417" lon="-46.6402281" lat="-23.5466982" />
  <node id="4680420418" lon="-46.6402815" lat="-23.5467635" />
  <node id="4680420419" lon="-46.6401857" lat="-23.5466454" />
  <node id="4680420420" lon="-46.6401557" lat="-23.5466070" />
  <node id="4680420421" lon="-46.6401322" lat="-23.5465770" />
  <node id="4680420422" lon="-46.6400980" lat="-23.5465331" />
  <node id="4680420423" lon="-46.6400638" lat="-23.5464892" />
  <node id="4680455186" lon="-46.6408741" lat="-23.5446291" />
  <node id="4680455187" lon="-46.6409191" lat="-23.5446650" />
  <node id="4680455188" lon="-46.6409565" lat="-23.5446949" />
  <node id="4680455389" lon="-46.6409908" lat="-23.5447223" />
  <node id="4680455390" lon="-46.6410379" lat="-23.5447600" />
  <node id="4680455391" lon="-46.6410797" lat="-23.5447933" />
  <node id="4680455392" lon="-46.6411191" lat="-23.5448248" />
  <node id="4680455393" lon="-46.6411578" lat="-23.5448557" />
  <node id="4680455394" lon="-46.6412016" lat="-23.5448907" />
  <node id="4680455395" lon="-46.6407947" lat="-23.5446050" />
  <node id="4680455405" lon="-46.6407742" lat="-23.5446233" />
  <node id="4680455406" lon="-46.6407547" lat="-23.5446408" />
  <node id="4680455407" lon="-46.6407292" lat="-23.5446637" />
  <node id="4680455408" lon="-46.6407077" lat="-23.5446829" />
  <node id="4680455409" lon="-46.6406832" lat="-23.5447049" />
  <node id="4680455410" lon="-46.6406602" lat="-23.5447255" />
  <node id="4680455411" lon="-46.6406478" lat="-23.5447964" />
  <node id="4680455412" lon="-46.6406067" lat="-23.5448302" />
  <node id="4680455414" lon="-46.6404112" lat="-23.5449265" />
  <node id="4680455416" lon="-46.6403119" lat="-23.5450046" />
  <node id="4680455418" lon="-46.6402185" lat="-23.5450782" />
  <node id="4680455419" lon="-46.6401896" lat="-23.5451011" />
  <node id="4680455420" lon="-46.6401463" lat="-23.5451356" />
  <node id="4680455423" lon="-46.6400210" lat="-23.5452351" />
  <node id="4681674551" lon="-46.6399237" lat="-23.5453620" />
  <node id="4681674552" lon="-46.6400399" lat="-23.5454453" />
  <node id="4681674553" lon="-46.6399640" lat="-23.5453813" />
  <node id="4681674554" lon="-46.6399867" lat="-23.5453973" />
  <node id="4681674555" lon="-46.6400109" lat="-23.5454144" />
  <node id="4681674556" lon="-46.6400624" lat="-23.5454617" />
  <node id="4681674557" lon="-46.6401003" lat="-23.5454893" />
  <node id="4681674558" lon="-46.6401386" lat="-23.5455171" />
  <node id="4681674559" lon="-46.6401770" lat="-23.5455450" />
  <node id="4681674560" lon="-46.6402189" lat="-23.5455756" />
  <node id="4681674561" lon="-46.6402980" lat="-23.5456330" />
  <node id="4681674562" lon="-46.6403635" lat="-23.5456685" />
  <node id="4681674563" lon="-46.6404738" lat="-23.5457583" />
  <node id="4681674564" lon="-46.6404991" lat="-23.5457759" />
  <node id="4681674565" lon="-46.6405279" lat="-23.5457959" />
  <node id="4681674566" lon="-46.6405581" lat="-23.5458169" />
  <node id="4681674567" lon="-46.6405856" lat="-23.5458361" />
  <node id="4681674568" lon="-46.6406162" lat="-23.5458574" />
  <node id="4681674569" lon="-46.6406689" lat="-23.5458944" />
  <node id="4681674570" lon="-46.6407016" lat="-23.5459177" />
  <node id="4681674571" lon="-46.6407399" lat="-23.5459450" />
  <node id="4681674572" lon="-46.6407852" lat="-23.5459773" />
  <node id="4681674573" lon="-46.6408495" lat="-23.5460116" />
  <node id="4681674574" lon="-46.6408970" lat="-23.5460570" />
  <node id="4681674575" lon="-46.6409610" lat="-23.5461024" />
  <node id="4681674576" lon="-46.6398110" lat="-23.5454009" />
  <node id="4681674577" lon="-46.6397585" lat="-23.5454432" />
  <node id="4681674579" lon="-46.6396432" lat="-23.5455331" />
  <node id="4681674580" lon="-46.6395905" lat="-23.5455739" />
  <node id="4681674581" lon="-46.6396140" lat="-23.5457205" />
  <node id="4681674582" lon="-46.6396669" lat="-23.5457900" />
  <node id="4681674583" lon="-46.6396896" lat="-23.5458206" />
  <node id="4681674584" lon="-46.6397135" lat="-23.5458535" />
  <node id="4681674585" lon="-46.6398133" lat="-23.5459797" />
  <node id="4681674586" lon="-46.6398994" lat="-23.5460865" />
  <node id="4681674587" lon="-46.6398803" lat="-23.5460628" />
  <node id="4681674589" lon="-46.6399323" lat="-23.5461274" />
  <node id="4681674590" lon="-46.6399578" lat="-23.5461750" />
  <node id="4681674591" lon="-46.6399976" lat="-23.5462085" />
  <node id="4681674592" lon="-46.6400313" lat="-23.5462503" />
  <node id="4681674593" lon="-46.6400575" lat="-23.5462830" />
  <node id="4681674594" lon="-46.6400960" lat="-23.5463396" />
  <node id="4681674595" lon="-46.6401218" lat="-23.5463716" />
  <node id="4681674596" lon="-46.6401473" lat="-23.5464032" />
  <node id="4681674597" lon="-46.6401846" lat="-23.5464494" />
  <node id="4681674598" lon="-46.6402137" lat="-23.5464855" />
  <node id="4681674599" lon="-46.6402382" lat="-23.5465155" />
  <node id="4681674600" lon="-46.6403302" lat="-23.5466315" />
  <node id="4681674601" lon="-46.6403680" lat="-23.5466848" />
  <node id="4681674602" lon="-46.6404282" lat="-23.5467443" />
  <node id="4681688935" lon="-46.6409413" lat="-23.5459432" />
  <node id="4681688936" lon="-46.6409053" lat="-23.5459175" />
  <node id="4681688937" lon="-46.6408713" lat="-23.5458934" />
  <node id="4681688938" lon="-46.6408203" lat="-23.5458570" />
  <node id="4681688939" lon="-46.6407284" lat="-23.5457914" />
  <node id="4681688940" lon="-46.6406783" lat="-23.5457557" />
  <node id="4681688941" lon="-46.6406097" lat="-23.5457068" />
  <node id="4681688942" lon="-46.6405810" lat="-23.5456863" />
  <node id="4681688943" lon="-46.6405547" lat="-23.5456675" />
  <node id="4681688944" lon="-46.6405062" lat="-23.5456330" />
  <node id="4681688945" lon="-46.6404664" lat="-23.5456120" />
  <node id="4681688946" lon="-46.6404329" lat="-23.5455880" />
  <node id="4681688947" lon="-46.6404043" lat="-23.5455604" />
  <node id="4681688948" lon="-46.6403480" lat="-23.5455208" />
  <node id="4681688949" lon="-46.6402839" lat="-23.5454756" />
  <node id="4681688950" lon="-46.6402390" lat="-23.5454440" />
  <node id="4681688951" lon="-46.6401887" lat="-23.5453817" />
  <node id="4681688952" lon="-46.6401105" lat="-23.5453489" />
  <node id="4681688953" lon="-46.6400441" lat="-23.5453017" />
  <node id="4685441908" lon="-46.6397127" lat="-23.5428307" />
  <node id="4685441909" lon="-46.6396858" lat="-23.5428449" />
  <node id="4685441910" lon="-46.6396379" lat="-23.5428721" />
  <node id="4685441911" lon="-46.6396019" lat="-23.5428925" />
  <node id="4685441912" lon="-46.6394920" lat="-23.5429540" />
  <node id="4685441921" lon="-46.6395092" lat="-23.5434006" />
  <node id="4685441922" lon="-46.6395368" lat="-23.5434223" />
  <node id="4685441923" lon="-46.6395651" lat="-23.5434444" />
  <node id="4685441924" lon="-46.6396272" lat="-23.5434933" />
  <node id="4685441925" lon="-46.6396661" lat="-23.5435240" />
  <node id="4685441926" lon="-46.6396976" lat="-23.5435488" />
  <node id="4685441927" lon="-46.6397330" lat="-23.5435768" />
  <node id="4685441928" lon="-46.6397737" lat="-23.5436089" />
  <node id="4685441929" lon="-46.6398033" lat="-23.5436323" />
  <node id="4685441930" lon="-46.6398406" lat="-23.5436617" />
  <node id="4685441931" lon="-46.6398667" lat="-23.5436823" />
  <node id="4685441932" lon="-46.6399076" lat="-23.5437147" />
  <node id="4685441933" lon="-46.6399220" lat="-23.5437262" />
  <node id="4685441934" lon="-46.6399366" lat="-23.5437378" />
  <node id="4685441935" lon="-46.6399530" lat="-23.5437507" />
  <node id="4685441936" lon="-46.6399700" lat="-23.5437643" />
  <node id="4685441937" lon="-46.6400262" lat="-23.5438106" />
  <node id="4685441938" lon="-46.6400062" lat="-23.5437837" />
  <node id="4685475419" lon="-46.6408992" lat="-23.5430416" />
  <node id="4685475420" lon="-46.6408269" lat="-23.5430221" />
  <node id="4685475421" lon="-46.6407757" lat="-23.5429476" />
  <node id="4685475428" lon="-46.6408058" lat="-23.5430062" />
  <node id="4685475429" lon="-46.6401990" lat="-23.5437109" />
  <node id="4685475430" lon="-46.6402684" lat="-23.5436546" />
  <node id="4685475431" lon="-46.6403178" lat="-23.5436135" />
  <node id="4685475438" lon="-46.6407355" lat="-23.5432847" />
  <node id="4685475439" lon="-46.6407896" lat="-23.5432441" />
  <node id="4685475440" lon="-46.6408711" lat="-23.5431827" />
  <node id="4685687578" lon="-46.6393150" lat="-23.5455352" />
  <node id="4685687579" lon="-46.6393985" lat="-23.5454647" />
  <node id="4685687580" lon="-46.6392497" lat="-23.5452775" />
  <node id="4685687581" lon="-46.6392099" lat="-23.5452259" />
  <node id="4685687583" lon="-46.6391136" lat="-23.5451062" />
  <node id="4685687584" lon="-46.6390802" lat="-23.5450631" />
  <node id="4685687585" lon="-46.6390508" lat="-23.5450251" />
  <node id="4685687586" lon="-46.6390168" lat="-23.5449811" />
  <node id="4685687587" lon="-46.6389955" lat="-23.5449537" />
  <node id="4685687588" lon="-46.6389750" lat="-23.5449272" />
  <node id="4685688589" lon="-46.6389485" lat="-23.5448929" />
  <node id="4685688590" lon="-46.6394703" lat="-23.5454665" />
  <node id="4685688591" lon="-46.6396698" lat="-23.5453160" />
  <node id="4685688592" lon="-46.6397109" lat="-23.5452844" />
  <node id="4685688593" lon="-46.6397629" lat="-23.5452441" />
  <node id="4685688594" lon="-46.6397935" lat="-23.5452202" />
  <node id="4685688595" lon="-46.6398199" lat="-23.5451995" />
  <node id="4685688596" lon="-46.6398667" lat="-23.5451630" />
  <node id="4685688597" lon="-46.6399265" lat="-23.5451059" />
  <node id="4685688598" lon="-46.6399655" lat="-23.5450749" />
  <node id="4685688599" lon="-46.6400185" lat="-23.5450417" />
  <node id="4685688600" lon="-46.6400774" lat="-23.5449951" />
  <node id="4685688601" lon="-46.6401245" lat="-23.5449489" />
  <node id="4685688602" lon="-46.6401944" lat="-23.5448937" />
  <node id="4685688603" lon="-46.6402333" lat="-23.5448628" />
  <node id="4685688604" lon="-46.6402639" lat="-23.5448386" />
  <node id="4685688605" lon="-46.6403067" lat="-23.5448047" />
  <node id="4685688606" lon="-46.6403321" lat="-23.5447847" />
  <node id="4685688607" lon="-46.6403765" lat="-23.5447495" />
  <node id="4685688608" lon="-46.6404118" lat="-23.5447216" />
  <node id="4685688609" lon="-46.6404615" lat="-23.5446822" />
  <node id="4685688610" lon="-46.6404883" lat="-23.5446610" />
  <node id="4685688611" lon="-46.6405149" lat="-23.5446399" />
  <node id="4685688612" lon="-46.6405564" lat="-23.5446070" />
  <node id="4685688613" lon="-46.6405920" lat="-23.5445899" />
  <node id="4685688614" lon="-46.6406176" lat="-23.5445586" />
  <node id="4685688615" lon="-46.6406523" lat="-23.5445423" />
  <node id="4685688616" lon="-46.6406608" lat="-23.5444577" />
  <node id="4685688617" lon="-46.6406283" lat="-23.5444323" />
  <node id="4685688618" lon="-46.6405938" lat="-23.5444054" />
  <node id="4685688619" lon="-46.6405699" lat="-23.5443866" />
  <node id="4685688620" lon="-46.6405325" lat="-23.5443573" />
  <node id="4685688621" lon="-46.6405046" lat="-23.5443262" />
  <node id="4685688622" lon="-46.6404669" lat="-23.5443050" />
  <node id="4685688623" lon="-46.6404375" lat="-23.5442726" />
  <node id="4685688624" lon="-46.6404038" lat="-23.5442545" />
  <node id="4685688625" lon="-46.6403626" lat="-23.5442214" />
  <node id="4685688626" lon="-46.6402546" lat="-23.5441350" />
  <node id="4685688627" lon="-46.6401844" lat="-23.5440789" />
  <node id="4685688628" lon="-46.6401260" lat="-23.5440323" />
  <node id="4686945530" lon="-46.6389532" lat="-23.5448442" />
  <node id="4686945531" lon="-46.6389816" lat="-23.5448233" />
  <node id="4686945532" lon="-46.6390120" lat="-23.5448009" />
  <node id="4686945533" lon="-46.6390444" lat="-23.5447770" />
  <node id="4686945534" lon="-46.6390732" lat="-23.5447558" />
  <node id="4686945535" lon="-46.6391004" lat="-23.5447358" />
  <node id="4686945536" lon="-46.6391321" lat="-23.5447124" />
  <node id="4686945537" lon="-46.6391599" lat="-23.5446920" />
  <node id="4686945538" lon="-46.6392399" lat="-23.5446297" />
  <node id="4686945539" lon="-46.6392820" lat="-23.5445953" />
  <node id="4686945540" lon="-46.6392945" lat="-23.5445845" />
  <node id="4686945541" lon="-46.6394657" lat="-23.5444479" />
  <node id="4686945542" lon="-46.6396343" lat="-23.5443133" />
  <node id="4686945543" lon="-46.6396733" lat="-23.5442825" />
  <node id="4686945544" lon="-46.6399327" lat="-23.5440733" />
  <node id="4686945545" lon="-46.6391088" lat="-23.5445752" />
  <node id="4686945547" lon="-46.6390437" lat="-23.5446262" />
  <node id="4686945548" lon="-46.6390632" lat="-23.5446109" />
  <node id="4686945549" lon="-46.6391668" lat="-23.5445298" />
  <node id="4686945551" lon="-46.6394492" lat="-23.5443011" />
  <node id="4686945552" lon="-46.6395025" lat="-23.5442578" />
  <node id="4686945553" lon="-46.6396525" lat="-23.5441410" />
  <node id="4686945554" lon="-46.6396203" lat="-23.5441661" />
  <node id="4686945555" lon="-46.6395593" lat="-23.5442136" />
  <node id="4686945556" lon="-46.6397790" lat="-23.5440438" />
  <node id="4686945557" lon="-46.6387957" lat="-23.5446831" />
  <node id="4686945558" lon="-46.6387192" lat="-23.5445874" />
  <node id="4686945559" lon="-46.6386863" lat="-23.5445469" />
  <node id="4686945560" lon="-46.6386478" lat="-23.5444986" />
  <node id="4686945561" lon="-46.6386279" lat="-23.5444727" />
  <node id="4686945562" lon="-46.6386042" lat="-23.5444418" />
  <node id="4686945563" lon="-46.6385841" lat="-23.5444155" />
  <node id="4686945566" lon="-46.6385194" lat="-23.5443303" />
  <node id="4686945567" lon="-46.6384963" lat="-23.5442978" />
  <node id="4686945568" lon="-46.6384696" lat="-23.5442587" />
  <node id="4686945569" lon="-46.6384521" lat="-23.5442323" />
  <node id="4686945570" lon="-46.6384322" lat="-23.5442022" />
  <node id="4686945571" lon="-46.6384104" lat="-23.5441694" />
  <node id="4686945572" lon="-46.6383726" lat="-23.5441123" />
  <node id="4686945573" lon="-46.6383570" lat="-23.5440889" />
  <node id="4686945574" lon="-46.6383383" lat="-23.5440607" />
  <node id="4686945575" lon="-46.6383199" lat="-23.5440330" />
  <node id="4686945576" lon="-46.6383047" lat="-23.5440101" />
  <node id="4686945577" lon="-46.6382724" lat="-23.5439607" />
  <node id="4686945578" lon="-46.6382217" lat="-23.5438823" />
  <node id="4686945579" lon="-46.6382532" lat="-23.5439310" />
  <node id="4686945580" lon="-46.6381996" lat="-23.5438483" />
  <node id="4686945581" lon="-46.6381516" lat="-23.5437135" />
  <node id="4686945582" lon="-46.6381939" lat="-23.5436910" />
  <node id="4686945583" lon="-46.6382393" lat="-23.5436676" />
  <node id="4686945584" lon="-46.6382887" lat="-23.5436430" />
  <node id="4686945585" lon="-46.6384017" lat="-23.5435831" />
  <node id="4686945587" lon="-46.6386909" lat="-23.5434149" />
  <node id="4686945588" lon="-46.6387762" lat="-23.5433643" />
  <node id="4686945789" lon="-46.6388500" lat="-23.5433207" />
  <node id="4686945790" lon="-46.6389123" lat="-23.5432838" />
  <node id="4686945791" lon="-46.6389830" lat="-23.5432420" />
  <node id="4686945792" lon="-46.6398814" lat="-23.5438304" />
  <node id="4686945793" lon="-46.6397856" lat="-23.5437549" />
  <node id="4686945794" lon="-46.6397009" lat="-23.5436895" />
  <node id="4686945795" lon="-46.6396303" lat="-23.5436381" />
  <node id="4686945796" lon="-46.6396106" lat="-23.5436226" />
  <node id="4686945800" lon="-46.6393916" lat="-23.5434439" />
  <node id="4686945801" lon="-46.6393611" lat="-23.5434191" />
  <node id="4686945802" lon="-46.6393251" lat="-23.5433899" />
  <node id="4686945803" lon="-46.6392728" lat="-23.5433474" />
  <node id="4686945804" lon="-46.6392518" lat="-23.5433303" />
  <node id="4686945805" lon="-46.6392139" lat="-23.5432988" />
  <node id="4686945806" lon="-46.6391925" lat="-23.5432836" />
  <node id="4686945807" lon="-46.6391675" lat="-23.5432632" />
  <node id="4686945808" lon="-46.6391423" lat="-23.5432439" />
  <node id="4686945809" lon="-46.6392941" lat="-23.5433647" />
  <node id="4687061423" lon="-46.6384671" lat="-23.5447298" />
  <node id="4687061424" lon="-46.6376264" lat="-23.5452930" />
  <node id="4687061425" lon="-46.6375735" lat="-23.5453285" />
  <node id="4687061426" lon="-46.6371530" lat="-23.5453357" />
  <node id="4687061427" lon="-46.6370778" lat="-23.5452418" />
  <node id="4687061428" lon="-46.6370511" lat="-23.5452096" />
  <node id="4687061443" lon="-46.6384362" lat="-23.5445293" />
  <node id="4687061447" lon="-46.6381072" lat="-23.5440426" />
  <node id="4687061448" lon="-46.6380790" lat="-23.5439994" />
  <node id="4687061449" lon="-46.6380362" lat="-23.5439299" />
  <node id="4687061450" lon="-46.6380027" lat="-23.5438785" />
  <node id="4687106503" lon="-46.6379119" lat="-23.5438544" />
  <node id="4687106504" lon="-46.6378820" lat="-23.5438717" />
  <node id="4687106505" lon="-46.6378519" lat="-23.5438891" />
  <node id="4687106506" lon="-46.6378004" lat="-23.5439204" />
  <node id="4687106507" lon="-46.6377708" lat="-23.5439375" />
  <node id="4687106508" lon="-46.6377196" lat="-23.5439671" />
  <node id="4687106509" lon="-46.6376895" lat="-23.5439845" />
  <node id="4687106510" lon="-46.6376349" lat="-23.5440160" />
  <node id="4687106511" lon="-46.6375847" lat="-23.5440451" />
  <node id="4687106512" lon="-46.6375375" lat="-23.5440723" />
  <node id="4687106513" lon="-46.6375019" lat="-23.5440930" />
  <node id="4687106514" lon="-46.6374152" lat="-23.5441432" />
  <node id="4687106515" lon="-46.6373452" lat="-23.5441837" />
  <node id="4687106516" lon="-46.6373205" lat="-23.5441980" />
  <node id="4687106517" lon="-46.6372917" lat="-23.5442147" />
  <node id="4687106518" lon="-46.6372590" lat="-23.5442337" />
  <node id="4687106519" lon="-46.6372349" lat="-23.5442476" />
  <node id="4687106520" lon="-46.6372154" lat="-23.5442589" />
  <node id="4687106521" lon="-46.6371375" lat="-23.5443031" />
  <node id="4687106522" lon="-46.6370433" lat="-23.5443561" />
  <node id="4687106523" lon="-46.6369980" lat="-23.5443816" />
  <node id="4687106524" lon="-46.6369650" lat="-23.5444001" />
  <node id="4688603327" lon="-46.6372531" lat="-23.5436165" />
  <node id="4688603328" lon="-46.6373147" lat="-23.5435871" />
  <node id="4688603329" lon="-46.6373924" lat="-23.5435501" />
  <node id="4688603330" lon="-46.6374851" lat="-23.5435124" />
  <node id="4688603331" lon="-46.6375705" lat="-23.5434706" />
  <node id="4688603332" lon="-46.6376031" lat="-23.5434546" />
  <node id="4688603333" lon="-46.6376753" lat="-23.5434192" />
  <node id="4688603337" lon="-46.6370235" lat="-23.5436424" />
  <node id="4688603343" lon="-46.6373798" lat="-23.5438426" />
  <node id="4688603344" lon="-46.6378036" lat="-23.5436030" />
  <node id="4688603345" lon="-46.6376873" lat="-23.5436687" />
  <node id="4688603346" lon="-46.6376498" lat="-23.5436899" />
  <node id="4688603347" lon="-46.6376059" lat="-23.5437147" />
  <node id="4688603348" lon="-46.6377261" lat="-23.5436468" />
  <node id="4688603349" lon="-46.6375281" lat="-23.5437587" />
  <node id="4688603350" lon="-46.6374912" lat="-23.5437796" />
  <node id="4688603351" lon="-46.6374188" lat="-23.5438205" />
  <node id="4688603352" lon="-46.6374560" lat="-23.5437995" />
  <node id="4688603358" lon="-46.6377647" lat="-23.5436250" />
  <node id="4688839483" lon="-46.6370704" lat="-23.5430757" />
  <node id="4688839484" lon="-46.6370362" lat="-23.5430719" />
  <node id="4688839485" lon="-46.6369950" lat="-23.5430681" />
  <node id="4688839486" lon="-46.6371063" lat="-23.5430793" />
  <node id="4688839487" lon="-46.6371349" lat="-23.5430826" />
  <node id="4688839488" lon="-46.6371628" lat="-23.5430858" />
  <node id="4688840289" lon="-46.6372005" lat="-23.5430901" />
  <node id="4688840290" lon="-46.6372280" lat="-23.5430932" />
  <node id="4688840291" lon="-46.6374528" lat="-23.5431058" />
  <node id="4688840292" lon="-46.6373832" lat="-23.5430988" />
  <node id="4688840293" lon="-46.6373324" lat="-23.5430937" />
  <node id="4688840294" lon="-46.6372651" lat="-23.5430973" />
  <node id="4688936054" lon="-46.6377507" lat="-23.5434041" />
  <node id="4688936055" lon="-46.6377603" lat="-23.5434186" />
  <node id="4688936056" lon="-46.6377684" lat="-23.5434308" />
  <node id="4688936057" lon="-46.6377764" lat="-23.5434428" />
  <node id="4688936058" lon="-46.6377844" lat="-23.5434549" />
  <node id="4694044377" lon="-46.6411160" lat="-23.5432268" />
  <node id="4694044378" lon="-46.6410840" lat="-23.5432000" />
  <node id="4694044795" lon="-46.6410110" lat="-23.5442472" />
  <node id="4694044796" lon="-46.6409912" lat="-23.5442627" />
  <node id="4694044797" lon="-46.6409653" lat="-23.5442830" />
  <node id="4694044798" lon="-46.6408987" lat="-23.5443345" />
  <node id="4694044799" lon="-46.6409301" lat="-23.5443104" />
  <node id="4694044800" lon="-46.6408536" lat="-23.5443699" />
  <node id="4694044801" lon="-46.6408222" lat="-23.5443949" />
  <node id="4694044802" lon="-46.6408051" lat="-23.5444086" />
  <node id="4694044803" lon="-46.6407499" lat="-23.5443771" />
  <node id="4694044804" lon="-46.6407143" lat="-23.5443478" />
  <node id="4694044805" lon="-46.6406947" lat="-23.5443317" />
  <node id="4694044806" lon="-46.6406784" lat="-23.5443183" />
  <node id="4694044807" lon="-46.6406593" lat="-23.5443026" />
  <node id="4694044808" lon="-46.6406384" lat="-23.5442855" />
  <node id="4694044809" lon="-46.6407301" lat="-23.5443608" />
  <node id="4694044810" lon="-46.6406003" lat="-23.5442542" />
  <node id="4695484872" lon="-46.6410044" lat="-23.5432132" />
  <node id="4695484873" lon="-46.6409686" lat="-23.5432422" />
  <node id="4695484874" lon="-46.6409347" lat="-23.5432696" />
  <node id="4695484875" lon="-46.6409059" lat="-23.5432929" />
  <node id="4695484876" lon="-46.6408719" lat="-23.5433204" />
  <node id="4695484877" lon="-46.6408089" lat="-23.5433714" />
  <node id="4695484878" lon="-46.6407679" lat="-23.5434037" />
  <node id="4695484879" lon="-46.6407442" lat="-23.5434216" />
  <node id="4695484880" lon="-46.6407111" lat="-23.5434473" />
  <node id="4695484881" lon="-46.6406872" lat="-23.5434668" />
  <node id="4695484882" lon="-46.6406490" lat="-23.5434979" />
  <node id="4695484883" lon="-46.6406303" lat="-23.5435132" />
  <node id="4695485589" lon="-46.6404391" lat="-23.5436646" />
  <node id="4695485590" lon="-46.6404024" lat="-23.5436930" />
  <node id="4695485591" lon="-46.6403835" lat="-23.5437083" />
  <node id="4695485592" lon="-46.6403337" lat="-23.5437480" />
  <node id="4695485593" lon="-46.6402896" lat="-23.5437829" />
  <node id="4695485594" lon="-46.6402236" lat="-23.5438352" />
  <node id="4698295394" lon="-46.6387598" lat="-23.5431786" />
  <node id="4698295395" lon="-46.6389615" lat="-23.5434222" />
  <node id="4698295396" lon="-46.6392474" lat="-23.5432427" />
  <node id="4959191056" lon="-46.6388803" lat="-23.5460525" />
  <node id="4985184715" lon="-46.6385439" lat="-23.5459344" />
  <node id="4985184717" lon="-46.6380769" lat="-23.5463175" />
  <node id="4985184718" lon="-46.6379771" lat="-23.5463113" />
  <node id="4985184719" lon="-46.6374628" lat="-23.5456685" />
  <node id="4985184720" lon="-46.6374487" lat="-23.5455666" />
  <node id="4985185122" lon="-46.6379962" lat="-23.5452146" />
  <node id="4985185124" lon="-46.6383230" lat="-23.5458421" />
  <node id="4985185150" lon="-46.6383971" lat="-23.5458392" />
  <node id="4985185151" lon="-46.6383736" lat="-23.5460385" />
  <node id="4985185152" lon="-46.6380011" lat="-23.5456125" />
  <node id="4985185153" lon="-46.6383516" lat="-23.5460639" />
  <node id="4985185154" lon="-46.6383141" lat="-23.5460958" />
  <node id="4985185155" lon="-46.6382218" lat="-23.5461540" />
  <node id="4985185156" lon="-46.6381903" lat="-23.5461616" />
  <node id="4985185157" lon="-46.6381100" lat="-23.5461570" />
  <node id="4985185158" lon="-46.6380255" lat="-23.5461213" />
  <node id="4985185159" lon="-46.6378740" lat="-23.5460396" />
  <node id="4985185160" lon="-46.6378115" lat="-23.5460074" />
  <node id="4985185161" lon="-46.6377581" lat="-23.5458919" />
  <node id="4985185162" lon="-46.6377442" lat="-23.5458490" />
  <node id="4985185163" lon="-46.6377491" lat="-23.5457429" />
  <node id="4985185164" lon="-46.6377675" lat="-23.5456875" />
  <node id="4985185165" lon="-46.6378240" lat="-23.5455953" />
  <node id="4985185166" lon="-46.6379446" lat="-23.5455375" />
  <node id="4985185167" lon="-46.6380773" lat="-23.5457281" />
  <node id="4985185168" lon="-46.6382484" lat="-23.5459443" />
  <node id="4985185169" lon="-46.6379394" lat="-23.5460802" />
  <node id="4985185170" lon="-46.6381706" lat="-23.5457380" />
  <node id="4985185172" lon="-46.6377307" lat="-23.5460720" />
  <node id="4985185173" lon="-46.6375029" lat="-23.5455312" />
  <node id="4985185174" lon="-46.6378321" lat="-23.5453165" />
  <node id="4985185175" lon="-46.6381424" lat="-23.5455109" />
  <node id="5008665682" lon="-46.6379105" lat="-23.5464468" />
  <node id="5008665683" lon="-46.6379288" lat="-23.5464706" />
  <node id="5008665684" lon="-46.6378933" lat="-23.5464934" />
  <node id="5008665685" lon="-46.6378751" lat="-23.5464696" />
  <node id="5008665686" lon="-46.6373918" lat="-23.5468537" />
  <node id="5008665687" lon="-46.6374100" lat="-23.5468776" />
  <node id="5008665688" lon="-46.6373746" lat="-23.5469004" />
  <node id="5008665689" lon="-46.6373563" lat="-23.5468766" />
  <node id="5079238887" lon="-46.6360065" lat="-23.5448150" />
  <node id="5079238888" lon="-46.6370294" lat="-23.5469050" />
  <node id="5079238889" lon="-46.6368063" lat="-23.5465337" />
  <node id="5086350018" lon="-46.6414294" lat="-23.5439990" />
  <node id="5218620745" lon="-46.6358535" lat="-23.5434366" />
  <node id="5222153399" lon="-46.6365982" lat="-23.5429319" />
  <node id="5222153400" lon="-46.6367346" lat="-23.5429453" />
  <node id="6153240475" lon="-46.6378133" lat="-23.5471322" />
  <node id="6202562248" lon="-46.6410483" lat="-23.5430208" />
  <node id="6202562249" lon="-46.6411459" lat="-23.5429354" />
  <node id="6202562251" lon="-46.6409833" lat="-23.5431646" />
  <node id="6202562252" lon="-46.6409868" lat="-23.5432275" />
  <node id="6355183503" lon="-46.6371701" lat="-23.5445377" />
  <node id="6355183504" lon="-46.6372070" lat="-23.5445397" />
  <node id="6360767468" lon="-46.6369678" lat="-23.5452169" />
  <node id="6360767469" lon="-46.6369198" lat="-23.5451589" />
  <node id="6360767732" lon="-46.6373501" lat="-23.5458140" />
  <node id="6360767733" lon="-46.6374087" lat="-23.5458967" />
  <node id="6360767734" lon="-46.6374651" lat="-23.5459763" />
  <node id="6360767740" lon="-46.6365352" lat="-23.5445370" />
  <node id="6585598365" lon="-46.6369594" lat="-23.5464645" />
  <node id="6585598366" lon="-46.6372536" lat="-23.5463276" />
  <node id="6886525653" lon="-46.6415127" lat="-23.5478189" />
  <node id="6886525654" lon="-46.6412837" lat="-23.5477847" />
  <node id="7017272756" lon="-46.6400101" lat="-23.5424834" />
  <node id="7128603055" lon="-46.6395816" lat="-23.5453816" />
  <node id="7279843958" lon="-46.6370427" lat="-23.5472255" />
  <node id="7279843959" lon="-46.6376662" lat="-23.5468675" />
  <node id="7280460893" lon="-46.6380629" lat="-23.5436328" />
  <node id="7284727145" lon="-46.6362928" lat="-23.5449045" />
  <node id="7284727146" lon="-46.6370381" lat="-23.5459948" />
  <node id="8676784228" lon="-46.6378742" lat="-23.5470938" />
  <node id="8731821499" lon="-46.6393200" lat="-23.5481025" />
  <node id="8865679761" lon="-46.6382403" lat="-23.5466102" />
  <node id="9025376420" lon="-46.6396714" lat="-23.5426713" />
  <node id="9025376421" lon="-46.6381452" lat="-23.5439230" />
  <node id="9025376422" lon="-46.6383603" lat="-23.5454334" />
  <node id="9025376423" lon="-46.6391292" lat="-23.5464218" />
  <node id="9025376424" lon="-46.6393371" lat="-23.5467767" />
  <node id="9115214732" lon="-46.6376911" lat="-23.5431930" />
  <node id="9122777925" lon="-46.6372621" lat="-23.5463232" />
  <node id="9229259749" lon="-46.6408272" lat="-23.5465905" />
  <node id="9242151373" lon="-46.6400981" lat="-23.5451739" />
  <node id="9776658787" lon="-46.6396643" lat="-23.5473116" />
  <node id="9933943448" lon="-46.6377733" lat="-23.5466100" />
  <node id="9946488924" lon="-46.6400437" lat="-23.5450218" />
  <node id="9946488925" lon="-46.6399218" lat="-23.5448954" />
  <node id="9946488926" lon="-46.6398842" lat="-23.5449242" />
  <node id="9946488927" lon="-46.6394463" lat="-23.5444634" />
  <node id="9946488928" lon="-46.6399533" lat="-23.5448666" />
  <node id="9946488929" lon="-46.6395170" lat="-23.5444068" />
  <node id="9946494410" lon="-46.6406782" lat="-23.5467951" />
  <node id="9948640494" lon="-46.6393724" lat="-23.5443640" />
  <node id="9948640495" lon="-46.6402405" lat="-23.5439733" />
  <node id="9955159975" lon="-46.6378411" lat="-23.5467140" />
  <node id="9955427758" lon="-46.6375609" lat="-23.5467294" />
  <node id="9960978676" lon="-46.6387930" lat="-23.5461595" />
  <node id="9960978677" lon="-46.6390415" lat="-23.5459411" />
  <node id="9960978678" lon="-46.6387162" lat="-23.5462194" />
  <node id="9960978679" lon="-46.6390973" lat="-23.5458981" />
  <node id="9965294099" lon="-46.6384340" lat="-23.5458899" />
  <node id="9965294100" lon="-46.6384267" lat="-23.5459306" />
  <node id="9965294101" lon="-46.6384137" lat="-23.5459647" />
  <node id="9965294102" lon="-46.6381507" lat="-23.5456733" />
  <node id="9965294103" lon="-46.6380935" lat="-23.5455070" />
  <node id="9965294104" lon="-46.6380212" lat="-23.5455147" />
  <node id="9965294105" lon="-46.6380711" lat="-23.5452610" />
  <node id="9965294106" lon="-46.6378726" lat="-23.5454756" />
  <node id="9965294107" lon="-46.6378190" lat="-23.5454598" />
  <node id="9965294108" lon="-46.6377573" lat="-23.5454669" />
  <node id="9965294109" lon="-46.6376454" lat="-23.5455195" />
  <node id="9965294110" lon="-46.6376343" lat="-23.5456234" />
  <node id="9965294111" lon="-46.6376710" lat="-23.5457385" />
  <node id="9965294112" lon="-46.6377410" lat="-23.5457998" />
  <node id="9965301285" lon="-46.6368854" lat="-23.5464764" />
  <node id="9965301288" lon="-46.6372906" lat="-23.5455449" />
  <node id="9965307400" lon="-46.6378078" lat="-23.5456162" />
  <node id="9965333945" lon="-46.6379351" lat="-23.5463435" />
  <node id="9982950361" lon="-46.6381616" lat="-23.5466259" />
  <node id="9982950362" lon="-46.6380958" lat="-23.5467682" />
  <node id="9982950363" lon="-46.6379168" lat="-23.5468981" />
  <node id="9982950364" lon="-46.6376970" lat="-23.5470181" />
  <node id="9982950365" lon="-46.6375118" lat="-23.5471612" />
  <node id="9982950366" lon="-46.6370035" lat="-23.5468607" />
  <node id="10082018886" lon="-46.6372612" lat="-23.5454691" />
  <node id="10691957422" lon="-46.6424623" lat="-23.5479593" />
  <node id="10699552385" lon="-46.6401891" lat="-23.5476063" />
  <node id="10699552386" lon="-46.6400912" lat="-23.5475860" />
  <node id="10699552388" lon="-46.6414224" lat="-23.5478049" />
  <node id="10699552401" lon="-46.6397600" lat="-23.5474735" />
  <node id="10699552402" lon="-46.6397285" lat="-23.5474624" />
  <node id="10699552403" lon="-46.6396874" lat="-23.5474213" />
  <node id="10699552404" lon="-46.6396386" lat="-23.5473661" />
  <node id="10699582105" lon="-46.6388705" lat="-23.5461471" />
  <node id="10699582106" lon="-46.6388125" lat="-23.5460931" />
  <node id="10699582107" lon="-46.6387715" lat="-23.5460745" />
  <node id="10699582108" lon="-46.6387161" lat="-23.5460728" />
  <node id="10699582109" lon="-46.6386504" lat="-23.5461237" />
  <node id="10699582110" lon="-46.6389291" lat="-23.5462026" />
  <node id="10699582112" lon="-46.6398960" lat="-23.5475194" />
  <node id="10699582113" lon="-46.6396185" lat="-23.5473342" />
  <node id="10699582114" lon="-46.6383241" lat="-23.5463626" />
  <node id="10699582118" lon="-46.6397517" lat="-23.5472694" />
  <node id="10699582119" lon="-46.6394001" lat="-23.5467211" />
  <node id="10699582120" lon="-46.6389478" lat="-23.5460104" />
  <node id="10699582121" lon="-46.6389523" lat="-23.5459690" />
  <node id="10699582122" lon="-46.6390002" lat="-23.5458971" />
  <node id="10699582124" lon="-46.6392716" lat="-23.5457092" />
  <node id="10699582125" lon="-46.6391989" lat="-23.5456178" />
  <node id="10699582127" lon="-46.6391850" lat="-23.5456003" />
  <node id="10699582128" lon="-46.6390304" lat="-23.5461401" />
  <node id="10699582131" lon="-46.6397951" lat="-23.5473073" />
  <node id="10699582132" lon="-46.6398649" lat="-23.5473479" />
  <node id="11059733688" lon="-46.6392236" lat="-23.5433063" />
  <node id="11059733689" lon="-46.6391924" lat="-23.5432824" />
  <node id="11059733690" lon="-46.6388666" lat="-23.5433109" />
  <node id="11059733691" lon="-46.6387593" lat="-23.5433743" />
  <node id="11059733692" lon="-46.6388535" lat="-23.5435176" />
  <node id="11059733693" lon="-46.6389518" lat="-23.5434615" />
  <node id="11059733694" lon="-46.6389641" lat="-23.5434799" />
  <node id="11059733695" lon="-46.6391112" lat="-23.5433958" />
  <node id="11059733696" lon="-46.6391499" lat="-23.5433737" />
  <node id="11059733697" lon="-46.6391376" lat="-23.5433553" />
  <node id="11072326078" lon="-46.6382331" lat="-23.5466219" />
  <node id="11481207505" lon="-46.6403678" lat="-23.5450094" />
  <node id="11481207506" lon="-46.6402940" lat="-23.5450807" />
  <node id="11481207507" lon="-46.6402778" lat="-23.5450313" />
  <node id="11481207509" lon="-46.6403670" lat="-23.5449612" />
  <node id="11481207510" lon="-46.6403613" lat="-23.5449657" />
  <node id="11481207511" lon="-46.6404597" lat="-23.5449298" />
  <node id="11481207512" lon="-46.6405138" lat="-23.5448449" />
  <node id="11481207513" lon="-46.6405584" lat="-23.5448534" />
  <node id="11490963258" lon="-46.6392509" lat="-23.5432455" />
  <node id="11509018688" lon="-46.6380389" lat="-23.5425762" />
  <node id="11509018689" lon="-46.6380120" lat="-23.5425688" />
  <node id="11509018690" lon="-46.6379906" lat="-23.5425688" />
  <node id="11509018691" lon="-46.6379584" lat="-23.5425725" />
  <node id="11509018692" lon="-46.6379276" lat="-23.5425811" />
  <node id="11509018693" lon="-46.6379061" lat="-23.5426118" />
  <node id="11509018694" lon="-46.6376768" lat="-23.5429881" />
  <node id="11509018695" lon="-46.6376701" lat="-23.5430114" />
  <node id="11509018696" lon="-46.6376714" lat="-23.5430471" />
  <node id="11509018697" lon="-46.6376821" lat="-23.5430877" />
  <node id="11509018698" lon="-46.6379248" lat="-23.5434436" />
  <node id="11509018699" lon="-46.6379369" lat="-23.5434540" />
  <node id="11509018700" lon="-46.6379597" lat="-23.5434688" />
  <node id="11509018701" lon="-46.6379879" lat="-23.5434737" />
  <node id="11509018702" lon="-46.6380187" lat="-23.5434762" />
  <node id="11509018703" lon="-46.6380469" lat="-23.5434737" />
  <node id="11509018704" lon="-46.6386839" lat="-23.5431073" />
  <node id="11509018705" lon="-46.6386947" lat="-23.5430975" />
  <node id="11509018706" lon="-46.6387014" lat="-23.5430778" />
  <node id="11509018707" lon="-46.6387081" lat="-23.5430532" />
  <node id="11509018708" lon="-46.6387067" lat="-23.5430299" />
  <node id="11509018709" lon="-46.6386973" lat="-23.5430016" />
  <node id="11509018710" lon="-46.6386866" lat="-23.5429868" />
  <node id="11509018711" lon="-46.6388499" lat="-23.5429490" />
  <node id="11509018712" lon="-46.6379041" lat="-23.5436605" />
  <node id="11509018713" lon="-46.6386568" lat="-23.5431229" />
  <node id="11509018714" lon="-46.6388022" lat="-23.5433011" />
  <node id="11509018715" lon="-46.6388238" lat="-23.5432891" />
  <node id="11509018716" lon="-46.6387200" lat="-23.5432012" />
  <node id="11509018717" lon="-46.6401981" lat="-23.5425151" />
  <node id="11509018718" lon="-46.6388578" lat="-23.5432703" />
  <node id="11509018719" lon="-46.6381210" lat="-23.5436771" />
  <node id="11509018720" lon="-46.6381048" lat="-23.5436994" />
  <node id="11509018721" lon="-46.6381048" lat="-23.5437309" />
  <node id="11509018722" lon="-46.6381240" lat="-23.5437651" />
  <node id="11509018723" lon="-46.6384050" lat="-23.5441932" />
  <node id="11509018724" lon="-46.6385637" lat="-23.5444147" />
  <node id="11509018725" lon="-46.6388225" lat="-23.5447455" />
  <node id="11509018726" lon="-46.6388487" lat="-23.5447622" />
  <node id="11509018727" lon="-46.6388740" lat="-23.5447677" />
  <node id="11509018728" lon="-46.6389003" lat="-23.5447668" />
  <node id="11509018729" lon="-46.6400236" lat="-23.5438659" />
  <node id="11509018730" lon="-46.6405266" lat="-23.5434816" />
  <node id="11509018731" lon="-46.6409471" lat="-23.5431462" />
  <node id="11509018732" lon="-46.6409602" lat="-23.5431276" />
  <node id="11509018733" lon="-46.6409602" lat="-23.5430980" />
  <node id="11509018734" lon="-46.6409481" lat="-23.5430739" />
  <node id="11509018735" lon="-46.6409369" lat="-23.5430544" />
  <node id="11509018736" lon="-46.6409258" lat="-23.5430415" />
  <node id="11509018737" lon="-46.6402840" lat="-23.5425235" />
  <node id="11509018738" lon="-46.6402628" lat="-23.5425179" />
  <node id="11509018739" lon="-46.6402234" lat="-23.5425142" />
  <node id="11509018740" lon="-46.6409422" lat="-23.5430636" />
  <node id="11509018741" lon="-46.6403092" lat="-23.5425438" />
  <node id="11509018742" lon="-46.6391070" lat="-23.5431300" />
  <node id="11509018743" lon="-46.6409946" lat="-23.5431557" />
  <node id="11509018744" lon="-46.6409520" lat="-23.5431392" />
  <node id="11509018745" lon="-46.6389280" lat="-23.5448387" />
  <node id="11509018746" lon="-46.6388673" lat="-23.5448354" />
  <node id="11509018747" lon="-46.6386546" lat="-23.5448459" />
  <node id="11509018748" lon="-46.6385772" lat="-23.5434788" />
  <node id="11509018749" lon="-46.6385729" lat="-23.5434715" />
  <node id="11509018750" lon="-46.6388479" lat="-23.5433124" />
  <node id="11509018751" lon="-46.6392051" lat="-23.5432754" />
  <node id="11509018752" lon="-46.6392613" lat="-23.5444542" />
  <node id="11509018753" lon="-46.6392657" lat="-23.5444579" />
  <node id="11509018754" lon="-46.6392285" lat="-23.5430615" />
  <node id="11509018755" lon="-46.6390679" lat="-23.5429168" />
  <node id="11509018756" lon="-46.6391293" lat="-23.5429721" />
  <node id="11509018757" lon="-46.6375941" lat="-23.5431132" />
  <node id="11509018758" lon="-46.6376312" lat="-23.5431024" />
  <node id="11509018759" lon="-46.6380682" lat="-23.5425948" />
  <node id="12064457061" lon="-46.6395006" lat="-23.5438635" />
  <node id="12106413806" lon="-46.6410060" lat="-23.5431853" />
  <node id="12106413807" lon="-46.6393758" lat="-23.5455315" />
  <node id="12106413808" lon="-46.6388798" lat="-23.5449043" />
  <node id="12106413809" lon="-46.6388828" lat="-23.5448732" />
  <node id="12106413810" lon="-46.6389186" lat="-23.5448431" />
  <node id="12106413811" lon="-46.6397789" lat="-23.5441732" />
  <node id="12106413812" lon="-46.6401467" lat="-23.5438662" />
  <node id="12106413813" lon="-46.6410140" lat="-23.5431790" />
  <node id="12106413814" lon="-46.6410369" lat="-23.5431726" />
  <node id="12106413815" lon="-46.6410668" lat="-23.5431698" />
  <node id="12106413816" lon="-46.6410838" lat="-23.5431735" />
  <node id="12106413817" lon="-46.6417827" lat="-23.5437140" />
  <node id="12106413818" lon="-46.6425268" lat="-23.5443368" />
  <node id="12106413819" lon="-46.6425326" lat="-23.5443698" />
  <node id="12106413820" lon="-46.6425172" lat="-23.5443944" />
  <node id="12106413821" lon="-46.6423916" lat="-23.5445178" />
  <node id="12106413823" lon="-46.6400865" lat="-23.5439164" />
  <node id="12106413825" lon="-46.6425023" lat="-23.5443059" />
  <node id="12106413827" lon="-46.6425278" lat="-23.5443833" />
  <node id="12106413830" lon="-46.6411101" lat="-23.5431811" />
  <node id="12106413831" lon="-46.6392318" lat="-23.5453495" />
  <node id="12106413832" lon="-46.6391174" lat="-23.5454263" />
  <node id="12106413833" lon="-46.6391871" lat="-23.5453800" />
  <node id="12106413834" lon="-46.6391203" lat="-23.5454801" />
  <node id="12106413835" lon="-46.6391323" lat="-23.5454440" />
  <node id="12106413836" lon="-46.6386073" lat="-23.5457487" />
  <node id="12106413837" lon="-46.6390994" lat="-23.5454942" />
  <node id="12106413838" lon="-46.6388322" lat="-23.5456735" />
  <node id="12106413839" lon="-46.6382030" lat="-23.5450523" />
  <node id="12106413840" lon="-46.6381782" lat="-23.5451206" />
  <node id="12106413841" lon="-46.6381838" lat="-23.5450650" />
  <node id="12106413842" lon="-46.6381705" lat="-23.5451031" />
  <node id="12106413843" lon="-46.6385692" lat="-23.5448075" />
  <node id="12106413844" lon="-46.6386275" lat="-23.5448119" />
  <node id="12106413845" lon="-46.6385101" lat="-23.5447323" />
  <node id="12106413846" lon="-46.6385397" lat="-23.5447700" />
  <node id="12106413847" lon="-46.6384899" lat="-23.5458719" />
  <node id="12106413848" lon="-46.6385536" lat="-23.5459583" />
  <node id="12106413849" lon="-46.6382533" lat="-23.5462339" />
  <node id="12106413850" lon="-46.6386006" lat="-23.5459438" />
  <node id="12106413851" lon="-46.6386009" lat="-23.5459134" />
  <node id="12106413852" lon="-46.6385864" lat="-23.5458889" />
  <node id="12106413853" lon="-46.6384063" lat="-23.5457029" />
  <node id="12106413854" lon="-46.6380289" lat="-23.5451995" />
  <node id="12106413855" lon="-46.6380166" lat="-23.5451614" />
  <node id="12106413857" lon="-46.6373505" lat="-23.5456108" />
  <node id="12106413858" lon="-46.6379620" lat="-23.5450940" />
  <node id="12106413859" lon="-46.6379962" lat="-23.5451351" />
  <node id="12106413860" lon="-46.6381046" lat="-23.5451142" />
  <node id="12106413862" lon="-46.6383209" lat="-23.5455893" />
  <node id="12106413863" lon="-46.6382205" lat="-23.5451649" />
  <node id="12106413864" lon="-46.6381623" lat="-23.5451921" />
  <node id="12106413865" lon="-46.6386079" lat="-23.5459257" />
  <node id="12106413866" lon="-46.6387696" lat="-23.5457155" />
  <node id="12106413867" lon="-46.6385628" lat="-23.5458492" />
  <node id="12106413868" lon="-46.6389099" lat="-23.5457774" />
  <node id="12106522643" lon="-46.6411016" lat="-23.5429742" />
  <node id="12106976734" lon="-46.6414318" lat="-23.5439971" />
  <node id="12106976735" lon="-46.6413530" lat="-23.5440606" />
  <node id="12106976736" lon="-46.6412214" lat="-23.5448253" />
  <node id="12112762296" lon="-46.6365931" lat="-23.5429859" />
  <node id="12112762297" lon="-46.6361754" lat="-23.5430458" />
  <node id="12112768104" lon="-46.6366388" lat="-23.5429900" />
  <node id="12112768105" lon="-46.6365802" lat="-23.5429848" />
  <node id="12112768106" lon="-46.6364976" lat="-23.5429816" />
  <node id="12112768107" lon="-46.6363322" lat="-23.5430079" />
  <node id="12112768108" lon="-46.6362289" lat="-23.5430300" />
  <node id="12112768109" lon="-46.6361577" lat="-23.5430511" />
  <node id="12112768110" lon="-46.6361003" lat="-23.5430974" />
  <node id="12112768111" lon="-46.6359689" lat="-23.5432459" />
  <node id="12112768112" lon="-46.6360288" lat="-23.5431654" />
  <node id="12112768113" lon="-46.6374644" lat="-23.5430806" />
  <node id="12112768114" lon="-46.6375287" lat="-23.5430911" />
  <node id="12112768115" lon="-46.6378743" lat="-23.5435380" />
  <node id="12112768116" lon="-46.6377480" lat="-23.5433475" />
  <node id="12112768117" lon="-46.6378574" lat="-23.5435139" />
  <node id="12112768118" lon="-46.6378800" lat="-23.5435701" />
  <node id="12112768119" lon="-46.6379723" lat="-23.5437966" />
  <node id="12112768120" lon="-46.6385479" lat="-23.5446477" />
  <node id="12112768121" lon="-46.6385584" lat="-23.5446734" />
  <node id="12112768122" lon="-46.6385602" lat="-23.5446992" />
  <node id="12112768123" lon="-46.6378582" lat="-23.5451625" />
  <node id="12112768125" lon="-46.6385222" lat="-23.5446097" />
  <node id="12112768126" lon="-46.6386555" lat="-23.5445320" />
  <node id="12112768127" lon="-46.6385694" lat="-23.5445823" />
  <node id="12112768129" lon="-46.6375779" lat="-23.5454574" />
  <node id="12112869783" lon="-46.6372088" lat="-23.5470274" />
  <node id="12112869784" lon="-46.6378930" lat="-23.5465069" />
  <node id="12112869786" lon="-46.6374274" lat="-23.5468699" />
  <node id="12112869788" lon="-46.6382039" lat="-23.5464533" />
  <node id="12112869794" lon="-46.6372969" lat="-23.5471155" />
  <node id="12112936108" lon="-46.6372007" lat="-23.5468640" />
  <node id="12112936109" lon="-46.6371066" lat="-23.5468047" />
  <node id="12113388156" lon="-46.6391676" lat="-23.5478557" />
  <node id="12113391922" lon="-46.6390896" lat="-23.5477662" />
  <node id="12113391923" lon="-46.6390680" lat="-23.5477250" />
  <node id="12113391924" lon="-46.6390498" lat="-23.5476869" />
  <node id="12113391925" lon="-46.6388370" lat="-23.5474045" />
  <node id="12113391926" lon="-46.6386163" lat="-23.5471332" />
  <node id="12113391927" lon="-46.6382450" lat="-23.5466905" />
  <node id="12113391928" lon="-46.6381963" lat="-23.5466012" />
  <node id="12113391929" lon="-46.6382262" lat="-23.5466332" />
  <node id="12113799111" lon="-46.6390418" lat="-23.5460281" />
  <node id="12113811917" lon="-46.6387189" lat="-23.5458812" />
  <node id="12113811918" lon="-46.6387700" lat="-23.5458747" />
  <node id="12113813602" lon="-46.6385539" lat="-23.5459984" />
  <node id="12250686896" lon="-46.6398732" lat="-23.5438240" />
  <node id="12250686898" lon="-46.6399232" lat="-23.5439316" />
  <node id="12250687603" lon="-46.6408245" lat="-23.5430526" />
  <node id="12250687605" lon="-46.6407689" lat="-23.5430069" />
  <node id="12250687606" lon="-46.6407251" lat="-23.5429638" />
  <node id="12250687608" lon="-46.6401698" lat="-23.5425311" />
  <node id="12817372188" lon="-46.6375186" lat="-23.5430131" />
  <node id="12817372189" lon="-46.6375135" lat="-23.5429732" />
  <node id="13273683853" lon="-46.6389520" lat="-23.5459316" />
  <node id="13273683854" lon="-46.6387465" lat="-23.5460733" />
  <node id="13273683856" lon="-46.6390136" lat="-23.5458878" />
  <node id="13273706542" lon="-46.6390645" lat="-23.5458526" />
  <node id="13288689327" lon="-46.6388150" lat="-23.5461387" />
  <node id="13450354818" lon="-46.6405902" lat="-23.5467977" />
  <node id="13502863457" lon="-46.6382140" lat="-23.5462140" />
  <node id="13502863458" lon="-46.6381979" lat="-23.5461984" />
  <node id="13502863459" lon="-46.6383570" lat="-23.5460894" />
  <node id="13502863460" lon="-46.6383665" lat="-23.5460996" />
  <node id="13502869007" lon="-46.6377117" lat="-23.5470815" />
  <node id="13502869008" lon="-46.6377409" lat="-23.5470031" />
  <node id="13502869009" lon="-46.6378305" lat="-23.5469706" />
  <node id="13502869010" lon="-46.6379294" lat="-23.5469060" />
  <node id="13502869011" lon="-46.6381302" lat="-23.5467773" />
  <node id="13585921164" lon="-46.6354759" lat="-23.5436577" />
  <node id="13585921165" lon="-46.6357614" lat="-23.5435067" />
  <node id="13591157737" lon="-46.6373471" lat="-23.5470395" />
  <node id="13591157740" lon="-46.6379984" lat="-23.5436786" />
  <node id="13591157742" lon="-46.6382423" lat="-23.5466735" />
  <node id="13591157743" lon="-46.6382530" lat="-23.5466616" />
  <node id="13591157744" lon="-46.6381768" lat="-23.5465798" />
  <node id="13591157745" lon="-46.6381338" lat="-23.5467122" />
  <node id="13591157746" lon="-46.6377600" lat="-23.5469732" />
  <node id="13591157747" lon="-46.6379678" lat="-23.5463849" />
  <node id="13591157753" lon="-46.6386243" lat="-23.5460855" />
  <node id="13591157755" lon="-46.6385371" lat="-23.5446010" />
  <node id="13591157756" lon="-46.6386187" lat="-23.5447170" />
  <node id="13591157757" lon="-46.6387433" lat="-23.5432295" />
  <node id="13591157758" lon="-46.6386934" lat="-23.5448233" />
  <node id="13591157759" lon="-46.6387948" lat="-23.5429680" />
  <node id="13591157760" lon="-46.6388476" lat="-23.5431291" />
  <node id="13591157761" lon="-46.6387608" lat="-23.5459835" />
  <node id="13591157762" lon="-46.6382866" lat="-23.5456969" />
  <node id="13591157763" lon="-46.6387944" lat="-23.5459584" />
  <node id="13591157764" lon="-46.6388517" lat="-23.5459156" />
  <node id="13591157765" lon="-46.6389558" lat="-23.5458379" />
  <node id="13591157766" lon="-46.6391502" lat="-23.5454045" />
  <node id="13591157767" lon="-46.6392476" lat="-23.5455281" />
  <node id="13591157768" lon="-46.6392160" lat="-23.5456394" />
  <node id="13591157769" lon="-46.6392754" lat="-23.5455634" />
  <node id="13619247438" lon="-46.6368509" lat="-23.5464121" />
  <node id="13619247439" lon="-46.6369303" lat="-23.5463819" />
  <node id="13619247440" lon="-46.6372817" lat="-23.5462220" />
  <node id="13619247441" lon="-46.6378311" lat="-23.5469394" />
  <node id="13619247442" lon="-46.6356253" lat="-23.5436343" />
  <node id="13619247443" lon="-46.6362559" lat="-23.5446219" />
  <node id="13619247444" lon="-46.6369680" lat="-23.5457372" />
  <node id="13684111199" lon="-46.6392935" lat="-23.5480362" />
  <node id="13690843920" lon="-46.6376385" lat="-23.5456769" />
  <node id="13690843921" lon="-46.6377010" lat="-23.5454807" />
  <node id="13690843922" lon="-46.6376347" lat="-23.5455636" />
  <node id="13690843924" lon="-46.6376340" lat="-23.5455127" />
  <node id="13704676369" lon="-46.6383932" lat="-23.5429944" />
  <node id="13704676843" lon="-46.6380503" lat="-23.5426287" />
  <node id="13704676844" lon="-46.6379922" lat="-23.5432031" />
  <node id="13704676845" lon="-46.6383380" lat="-23.5432493" />
  <node id="13704676846" lon="-46.6383719" lat="-23.5428500" />
  <node id="13704676847" lon="-46.6382416" lat="-23.5427358" />
  <node id="13704676848" lon="-46.6379948" lat="-23.5431358" />
  <node id="13704676849" lon="-46.6380493" lat="-23.5432363" />
  <node id="13704676850" lon="-46.6384130" lat="-23.5431788" />
  <node id="13704676851" lon="-46.6383047" lat="-23.5432617" />
  <node id="13704676852" lon="-46.6383833" lat="-23.5432167" />
  <node id="13704676853" lon="-46.6378228" lat="-23.5431452" />
  <node id="13704676854" lon="-46.6377568" lat="-23.5430295" />
  <node id="13704676855" lon="-46.6380208" lat="-23.5428490" />
  <node id="13704676858" lon="-46.6380161" lat="-23.5429056" />
  <node id="13704676859" lon="-46.6382421" lat="-23.5429401" />
  <node id="13704676860" lon="-46.6382185" lat="-23.5432533" />
  <node id="13704676861" lon="-46.6382501" lat="-23.5429579" />
  <node id="13704676862" lon="-46.6382244" lat="-23.5429288" />
  <node id="13704676865" lon="-46.6380268" lat="-23.5427836" />
  <node id="13704676866" lon="-46.6381826" lat="-23.5427073" />
  <node id="13704676871" lon="-46.6383281" lat="-23.5428053" />
  <node id="13704676872" lon="-46.6377030" lat="-23.5429450" />
  <node id="13704676873" lon="-46.6377490" lat="-23.5428697" />
  <node id="13705161547" lon="-46.6383537" lat="-23.5428258" />
  <node id="13705161548" lon="-46.6383819" lat="-23.5428752" />
  <node id="13739953824" lon="-46.6381549" lat="-23.5455974" />
  <node id="13739953825" lon="-46.6383563" lat="-23.5458493" />
  <node id="13739953826" lon="-46.6377724" lat="-23.5459328" />
  <node id="13739953827" lon="-46.6377947" lat="-23.5459736" />
  <node id="13739953844" lon="-46.6377050" lat="-23.5457678" />
  <node id="13739953845" lon="-46.6382928" lat="-23.5459763" />
  <node id="13739953846" lon="-46.6383998" lat="-23.5459932" />
  <node id="13740011671" lon="-46.6379827" lat="-23.5453461" />
  <node id="13740011672" lon="-46.6379150" lat="-23.5454147" />
  <node id="13740011673" lon="-46.6378870" lat="-23.5455673" />
  <node id="13740011674" lon="-46.6378454" lat="-23.5455350" />
  <node id="13740011675" lon="-46.6378342" lat="-23.5455648" />
  <node id="13742771042" lon="-46.6383257" lat="-23.5457231" />
  <node id="13742771043" lon="-46.6383095" lat="-23.5457158" />
  <node id="13742771044" lon="-46.6382730" lat="-23.5456502" />
  <node id="13742771045" lon="-46.6382736" lat="-23.5456690" />
  <node id="13742771046" lon="-46.6382972" lat="-23.5457069" />
  <node id="13742771047" lon="-46.6382788" lat="-23.5456851" />
  <node id="13742858995" lon="-46.6389706" lat="-23.5482592" />
  <node id="13742858996" lon="-46.6391375" lat="-23.5481291" />
  <node id="13742858997" lon="-46.6382093" lat="-23.5468007" />
  <node id="13742858998" lon="-46.6382143" lat="-23.5469660" />
  <node id="13742858999" lon="-46.6384029" lat="-23.5472675" />
  <node id="13742859000" lon="-46.6385916" lat="-23.5476042" />
  <node id="13742867201" lon="-46.6386918" lat="-23.5478689" />
  <node id="13742869271" lon="-46.6381307" lat="-23.5467909" />
  <node id="13742869272" lon="-46.6380882" lat="-23.5468430" />
  <node id="13742869273" lon="-46.6380110" lat="-23.5469138" />
  <node id="13742869274" lon="-46.6379443" lat="-23.5469507" />
  <node id="13742869275" lon="-46.6379102" lat="-23.5469750" />
  <node id="13742869276" lon="-46.6378632" lat="-23.5469944" />
  <node id="13742869277" lon="-46.6378187" lat="-23.5470212" />
  <node id="13742869278" lon="-46.6377966" lat="-23.5470395" />
  <node id="13742869279" lon="-46.6377663" lat="-23.5470715" />
  <node id="13742869280" lon="-46.6377474" lat="-23.5470984" />
  <node id="13742869281" lon="-46.6377291" lat="-23.5471402" />
  <node id="13742869282" lon="-46.6377102" lat="-23.5471882" />
  <node id="13742869283" lon="-46.6377132" lat="-23.5472514" />
  <node id="13742869284" lon="-46.6377049" lat="-23.5472951" />
  <node id="13742869285" lon="-46.6376920" lat="-23.5473187" />
  <node id="13742869286" lon="-46.6376754" lat="-23.5473222" />
  <node id="13742869287" lon="-46.6376670" lat="-23.5473118" />
  <node id="13742869288" lon="-46.6376617" lat="-23.5473000" />
  <node id="13742869289" lon="-46.6376648" lat="-23.5472784" />
  <node id="13742869290" lon="-46.6376701" lat="-23.5472625" />
  <node id="13742869291" lon="-46.6376693" lat="-23.5472291" />
  <node id="13742869292" lon="-46.6376557" lat="-23.5472044" />
  <node id="13742869293" lon="-46.6376574" lat="-23.5471439" />
  <node id="13742869294" lon="-46.6377146" lat="-23.5470831" />
  <node id="13742869295" lon="-46.6377431" lat="-23.5470058" />
  <node id="13742869296" lon="-46.6378318" lat="-23.5469733" />
  <node id="13742869297" lon="-46.6379313" lat="-23.5469082" />
  <node id="13742869298" lon="-46.6381262" lat="-23.5467833" />
  <node id="13742869299" lon="-46.6381306" lat="-23.5467812" />
  <node id="13742869300" lon="-46.6381344" lat="-23.5467812" />
  <node id="13742900301" lon="-46.6381347" lat="-23.5467844" />
  <node id="13854149701" lon="-46.6356996" lat="-23.5439866" />
  <node id="13854149702" lon="-46.6356388" lat="-23.5438882" />
  <way id="8579208">
    <nd ref="60641488" />
    <nd ref="60641485" />
    <nd ref="617798751" />
    <tag k="highway" v="secondary" />
    <tag k="name" v="Viaduto do Chá" />
  </way>
  <way id="8579210">
    <nd ref="2635266857" />
    <nd ref="12106413859" />
    <tag k="highway" v="pedestrian" />
    <tag k="name" v="Praça Ramos de Azevedo" />
  </way>
  <way id="8579217">
    <nd ref="4685687578" />
    <nd ref="13591157769" />
    <nd ref="10699582125" />
    <nd ref="2453466173" />
    <nd ref="60641488" />
    <tag k="highway" v="tertiary" />
    <tag k="name" v="Praça Ramos de Azevedo" />
  </way>
  <way id="8579514">
    <nd ref="60685402" />
    <nd ref="4251881391" />
    <nd ref="4511007497" />
    <nd ref="1659499493" />
    <tag k="highway" v="residential" />
    <tag k="name" v="Parque Anhangabau" />
  </way>
  <way id="8579517">
    <nd ref="1659499493" />
    <nd ref="60685467" />
    <nd ref="4251881401" />
    <nd ref="60685404" />
    <tag k="highway" v="residential" />
    <tag k="name" v="Parque Anhangabau" />
  </way>
  <way id="8579541">
    <nd ref="60685603" />
    <nd ref="4503375525" />
    <nd ref="60685604" />
    <tag k="highway" v="pedestrian" />
    <tag k="name" v="Rua Marconi" />
  </way>
  <way id="8579542">
    <nd ref="4210974634" />
    <nd ref="4210974614" />
    <nd ref="60685605" />
    <tag k="highway" v="pedestrian" />
    <tag k="name" v="Rua Nova Barão" />
  </way>
  <way id="8579553">
    <nd ref="60685608" />
    <nd ref="6202562251" />
    <nd ref="11509018743" />
    <nd ref="60685763" />
    <tag k="highway" v="residential" />
    <tag k="name" v="Rua Vinte e Quatro de Maio" />
  </way>
  <way id="8579555">
    <nd ref="60641571" />
    <nd ref="2453466160" />
    <nd ref="60685613" />
    <nd ref="12106413833" />
    <nd ref="60641614" />
    <nd ref="2453466163" />
    <tag k="highway" v="tertiary" />
    <tag k="name" v="Praça Ramos de Azevedo" />
  </way>
  <way id="8579562">
    <nd ref="2634256030" />
    <nd ref="2396360206" />
    <nd ref="11509018712" />
    <nd ref="1477495382" />
    <tag k="highway" v="pedestrian" />
    <tag k="name" v="Avenida São João" />
  </way>
  <way id="8579565">
    <nd ref="2396360210" />
    <nd ref="2396360209" />
    <nd ref="2396360224" />
    <nd ref="2396360214" />
    <nd ref="60685622" />
    <tag k="highway" v="secondary" />
    <tag k="name" v="Largo do Paissandú" />
  </way>
  <way id="8579573">
    <nd ref="1477495376" />
    <nd ref="12817372188" />
    <nd ref="5222153400" />
    <nd ref="5222153399" />
    <nd ref="627981911" />
    <tag k="highway" v="secondary" />
    <tag k="name" v="Rua Capitão Salomão" />
  </way>
  <way id="34858246">
    <nd ref="60685762" />
    <nd ref="12106413817" />
    <nd ref="4210972253" />
    <nd ref="12106976734" />
    <nd ref="5086350018" />
    <nd ref="12106976735" />
    <nd ref="60685606" />
    <nd ref="60685604" />
    <nd ref="60685605" />
    <nd ref="60641645" />
    <tag k="highway" v="pedestrian" />
    <tag k="name" v="Rua Barão de Itapetininga" />
  </way>
  <way id="34858247">
    <nd ref="60685817" />
    <nd ref="12106976736" />
    <nd ref="60685606" />
    <tag k="highway" v="pedestrian" />
    <tag k="name" v="Rua Dom José de Barros" />
  </way>
  <way id="40790349">
    <nd ref="495926887" />
    <nd ref="4985184720" />
    <nd ref="4985185173" />
    <nd ref="4985185174" />
    <nd ref="495926888" />
    <nd ref="4985185122" />
    <nd ref="12106413847" />
    <nd ref="4985184715" />
    <nd ref="12106413848" />
    <nd ref="13502863460" />
    <nd ref="13502863459" />
    <nd ref="13502863458" />
    <nd ref="13502863457" />
    <nd ref="4985184717" />
    <nd ref="495926890" />
    <nd ref="4985184718" />
    <nd ref="4985184719" />
    <nd ref="495926887" />
    <tag k="leisure" v="park" />
    <tag k="name" v="Praça Ramos de Azevedo" />
  </way>
  <way id="46927931">
    <nd ref="599006040" />
    <nd ref="4210973781" />
    <nd ref="4210973792" />
    <nd ref="4210973922" />
    <nd ref="4210973912" />
    <nd ref="599006041" />
    <nd ref="4210974030" />
    <nd ref="4210974026" />
    <nd ref="4210974294" />
    <nd ref="4210974304" />
    <nd ref="4210974426" />
    <nd ref="4210974414" />
    <nd ref="4210974658" />
    <nd ref="4210974661" />
    <nd ref="599006036" />
    <nd ref="4210974857" />
    <nd ref="4210974883" />
    <nd ref="4210974862" />
    <nd ref="4210974872" />
    <nd ref="599006037" />
    <nd ref="4210974860" />
    <nd ref="599006034" />
    <nd ref="4210974866" />
    <nd ref="4210974841" />
    <nd ref="4210974835" />
    <nd ref="4210974677" />
    <nd ref="4210974687" />
    <nd ref="4210974668" />
    <nd ref="4210974666" />
    <nd ref="4210974647" />
    <nd ref="4210974641" />
    <nd ref="4210974630" />
    <nd ref="4210974625" />
    <nd ref="599006038" />
    <nd ref="4210974596" />
    <nd ref="4210974468" />
    <nd ref="599006039" />
    <nd ref="599006035" />
    <nd ref="4210974334" />
    <nd ref="4210974337" />
    <nd ref="4210974049" />
    <nd ref="4210974043" />
    <nd ref="4210973938" />
    <nd ref="4210973942" />
    <nd ref="4210973805" />
    <nd ref="4210973802" />
    <nd ref="599006040" />
    <tag k="amenity" v="theatre" />
    <tag k="building" v="public" />
    <tag k="name" v="Teatro Municipal de São Paulo" />
  </way>
  <way id="46929067">
    <nd ref="11509018749" />
    <nd ref="2396360229" />
    <nd ref="4210972896" />
    <nd ref="11509018753" />
    <tag k="highway" v="footway" />
    <tag k="name" v="Shopping Center Grandes Galleria" />
  </way>
  <way id="46932090">
    <nd ref="599043071" />
    <nd ref="12112768116" />
    <nd ref="599043055" />
    <tag k="highway" v="residential" />
    <tag k="name" v="Rua Abelardo Pinto Piolin" />
  </way>
  <way id="48508761">
    <nd ref="25928761" />
    <nd ref="25928776" />
    <nd ref="25928778" />
    <nd ref="9933943448" />
    <nd ref="9955159975" />
    <nd ref="617798749" />
    <tag k="highway" v="trunk" />
    <tag k="name" v="Túnel São João Paulo II" />
  </way>
  <way id="48511928">
    <nd ref="616346511" />
    <nd ref="4503281373" />
    <nd ref="616346515" />
    <nd ref="13585921165" />
    <nd ref="616346516" />
    <nd ref="616346518" />
    <nd ref="13585921164" />
    <nd ref="616346517" />
    <nd ref="616346519" />
    <nd ref="616346512" />
    <nd ref="598663317" />
    <nd ref="5079238887" />
    <nd ref="616346507" />
    <nd ref="616346502" />
    <nd ref="4503331661" />
    <nd ref="600160133" />
    <nd ref="616346496" />
    <nd ref="4249855060" />
    <nd ref="4249854784" />
    <nd ref="616346495" />
    <nd ref="617798747" />
    <nd ref="617798753" />
    <nd ref="13502869007" />
    <nd ref="13502869008" />
    <nd ref="13502869009" />
    <nd ref="13502869010" />
    <nd ref="13502869011" />
    <nd ref="616346498" />
    <nd ref="616346499" />
    <nd ref="6360767734" />
    <nd ref="6360767733" />
    <nd ref="6360767732" />
    <nd ref="60685643" />
    <nd ref="6360767468" />
    <nd ref="6360767469" />
    <nd ref="616346501" />
    <nd ref="616346508" />
    <nd ref="616346510" />
    <nd ref="2960108252" />
    <nd ref="616346511" />
    <tag k="leisure" v="park" />
    <tag k="name" v="Vale do Anhangabaú" />
  </way>
  <way id="48651838">
    <nd ref="7279843959" />
    <nd ref="9955427758" />
    <nd ref="9122777925" />
    <nd ref="7284727146" />
    <nd ref="7284727145" />
    <nd ref="3307972868" />
    <nd ref="13854149701" />
    <nd ref="13854149702" />
    <nd ref="25928756" />
    <tag k="highway" v="trunk" />
    <tag k="name" v="Túnel São João Paulo II" />
  </way>
  <way id="48651855">
    <nd ref="617798751" />
    <nd ref="4503349333" />
    <nd ref="7279843958" />
    <tag k="highway" v="secondary" />
    <tag k="name" v="Viaduto do Chá" />
  </way>
  <way id="49436727">
    <nd ref="60685617" />
    <nd ref="11509018756" />
    <nd ref="9025376420" />
    <nd ref="7017272756" />
    <nd ref="2453466151" />
    <nd ref="60685619" />
    <tag k="highway" v="secondary" />
    <tag k="name" v="Avenida São João" />
  </way>
  <way id="49436728">
    <nd ref="60641571" />
    <nd ref="12112768127" />
    <nd ref="9025376421" />
    <nd ref="2396360226" />
    <nd ref="2396360216" />
    <nd ref="4465711963" />
    <nd ref="7280460893" />
    <nd ref="1477495382" />
    <tag k="highway" v="secondary" />
    <tag k="name" v="Rua Conselheiro Crispiniano" />
  </way>
  <way id="49436729">
    <nd ref="60641511" />
    <nd ref="12106413846" />
    <nd ref="13591157756" />
    <nd ref="60641571" />
    <tag k="highway" v="secondary" />
    <tag k="name" v="Praça Ramos de Azevedo" />
  </way>
  <way id="49436730">
    <nd ref="60685613" />
    <nd ref="11509018746" />
    <nd ref="2453466161" />
    <nd ref="60685611" />
    <nd ref="60685608" />
    <tag k="highway" v="residential" />
    <tag k="name" v="Rua Vinte e Quatro de Maio" />
  </way>
  <way id="134363701">
    <nd ref="60641488" />
    <nd ref="12113811917" />
    <nd ref="2453466171" />
    <tag k="highway" v="secondary" />
    <tag k="name" v="Praça Ramos de Azevedo" />
  </way>
  <way id="134364406">
    <nd ref="9115214732" />
    <nd ref="599043071" />
    <nd ref="2396360204" />
    <nd ref="4503381772" />
    <nd ref="2396360225" />
    <nd ref="1477495382" />
    <tag k="highway" v="secondary" />
    <tag k="name" v="Largo do Paissandú" />
  </way>
  <way id="171849128">
    <nd ref="4251881389" />
    <nd ref="12113391929" />
    <nd ref="11072326078" />
    <nd ref="8865679761" />
    <nd ref="1828205674" />
    <tag k="highway" v="service" />
    <tag k="name" v="Parque Anhangabau" />
  </way>
  <way id="180588174">
    <nd ref="1910072433" />
    <nd ref="1910072484" />
    <nd ref="1910072470" />
    <nd ref="1910072582" />
    <nd ref="4210971770" />
    <nd ref="4210973415" />
    <nd ref="4210971738" />
    <nd ref="4210971749" />
    <nd ref="4210973699" />
    <nd ref="4685688605" />
    <nd ref="4685688606" />
    <nd ref="4210973459" />
    <nd ref="4210973571" />
    <nd ref="4210973538" />
    <nd ref="1910072433" />
    <tag k="building" v="yes" />
  </way>
  <way id="180588177">
    <nd ref="4210973853" />
    <nd ref="1910072475" />
    <nd ref="4210973974" />
    <nd ref="4210974000" />
    <nd ref="4210973909" />
    <nd ref="4210973272" />
    <nd ref="4210973839" />
    <nd ref="4210973853" />
    <tag k="building" v="yes" />
  </way>
  <way id="180588178">
    <nd ref="4210973017" />
    <nd ref="4685688626" />
    <nd ref="4685688627" />
    <nd ref="4685688628" />
    <nd ref="1910072584" />
    <nd ref="1910072586" />
    <nd ref="1910072514" />
    <nd ref="1910072430" />
    <nd ref="4210972719" />
    <nd ref="4210972722" />
    <nd ref="4210972725" />
    <nd ref="4210972729" />
    <nd ref="4210972735" />
    <nd ref="4686945544" />
    <nd ref="4210972960" />
    <nd ref="4210972968" />
    <nd ref="4210973005" />
    <nd ref="4210973048" />
    <nd ref="4210973020" />
    <nd ref="1910072487" />
    <nd ref="1910072435" />
    <nd ref="4210973001" />
    <nd ref="4210972974" />
    <nd ref="4210972967" />
    <nd ref="1910072588" />
    <nd ref="1910072459" />
    <nd ref="1910072477" />
    <nd ref="4210973021" />
    <nd ref="4210973079" />
    <nd ref="4210973103" />
    <nd ref="4210973114" />
    <nd ref="4210973127" />
    <nd ref="4210973130" />
    <nd ref="4210973137" />
    <nd ref="4210973143" />
    <nd ref="4210973147" />
    <nd ref="4210973151" />
    <nd ref="4210973148" />
    <nd ref="4210973134" />
    <nd ref="4210973146" />
    <nd ref="4210973017" />
    <tag k="building" v="yes" />
  </way>
  <way id="180588179">
    <nd ref="4210973818" />
    <nd ref="4210973757" />
    <nd ref="4210973731" />
    <nd ref="4210973580" />
    <nd ref="4210973463" />
    <nd ref="4210973474" />
    <nd ref="4210973707" />
    <nd ref="4210973825" />
    <nd ref="4210973907" />
    <nd ref="4210973818" />
    <tag k="building" v="yes" />
  </way>
  <way id="180588183">
    <nd ref="4210973812" />
    <nd ref="4210973780" />
    <nd ref="4210973582" />
    <nd ref="4210973733" />
    <nd ref="4210973484" />
    <nd ref="4210973696" />
    <nd ref="4210973760" />
    <nd ref="4210973813" />
    <nd ref="4210973997" />
    <nd ref="4210973812" />
    <tag k="building" v="yes" />
  </way>
  <way id="180588184">
    <nd ref="1910072439" />
    <nd ref="4210972486" />
    <nd ref="4210973214" />
    <nd ref="4210973166" />
    <nd ref="4210973096" />
    <nd ref="4686945543" />
    <nd ref="4686945542" />
    <nd ref="4210973209" />
    <nd ref="4210972476" />
    <nd ref="1910072524" />
    <nd ref="1910072480" />
    <nd ref="1910072516" />
    <nd ref="1910072452" />
    <nd ref="1910072468" />
    <nd ref="4210973333" />
    <nd ref="4210973406" />
    <nd ref="1910072439" />
    <tag k="building" v="yes" />
  </way>
  <way id="180588186">
    <nd ref="4210973415" />
    <nd ref="4210971770" />
    <nd ref="1910072431" />
    <nd ref="1910072545" />
    <nd ref="4210973538" />
    <nd ref="4210973571" />
    <nd ref="4210973517" />
    <nd ref="4210973316" />
    <nd ref="1910072482" />
    <nd ref="4210973415" />
    <tag k="building" v="yes" />
  </way>
  <way id="180588187">
    <nd ref="4210973895" />
    <nd ref="4210973822" />
    <nd ref="4210973817" />
    <nd ref="4210973811" />
    <nd ref="4210973770" />
    <nd ref="4210973471" />
    <nd ref="4680455411" />
    <nd ref="4680455412" />
    <nd ref="4210973751" />
    <nd ref="4210973776" />
    <nd ref="4210973827" />
    <nd ref="4210973732" />
    <nd ref="4210973779" />
    <nd ref="4210973269" />
    <nd ref="4210973944" />
    <nd ref="4210973895" />
    <tag k="building" v="yes" />
  </way>
  <way id="180588191">
    <nd ref="1910072568" />
    <nd ref="1910072546" />
    <nd ref="1910072488" />
    <nd ref="1910072458" />
    <nd ref="1910072568" />
    <tag k="building" v="yes" />
  </way>
  <way id="180588196">
    <nd ref="4210971628" />
    <nd ref="4210971629" />
    <nd ref="1910072449" />
    <nd ref="4210968772" />
    <nd ref="4210968773" />
    <nd ref="4210968776" />
    <nd ref="4210968780" />
    <nd ref="4210971793" />
    <nd ref="4210971801" />
    <nd ref="4210971810" />
    <nd ref="4210971819" />
    <nd ref="4210971892" />
    <nd ref="4210971925" />
    <nd ref="1910072463" />
    <nd ref="1910072444" />
    <nd ref="4210971884" />
    <nd ref="4210971881" />
    <nd ref="1910072471" />
    <nd ref="1910072505" />
    <nd ref="4210971820" />
    <nd ref="4210971799" />
    <nd ref="4210968779" />
    <nd ref="4210968771" />
    <nd ref="1910072526" />
    <nd ref="4210968762" />
    <nd ref="4210971694" />
    <nd ref="4210971686" />
    <nd ref="4210971681" />
    <nd ref="4210971678" />
    <nd ref="4210971675" />
    <nd ref="4210971662" />
    <nd ref="4210971668" />
    <nd ref="4210971667" />
    <nd ref="4210971665" />
    <nd ref="4210971663" />
    <nd ref="4210971653" />
    <nd ref="4210971644" />
    <nd ref="4210971621" />
    <nd ref="4210971602" />
    <nd ref="4210971595" />
    <nd ref="1910072580" />
    <nd ref="4210971606" />
    <nd ref="4210971598" />
    <nd ref="4210971590" />
    <nd ref="4210971589" />
    <nd ref="4210970488" />
    <nd ref="1910072566" />
    <nd ref="4210970480" />
    <nd ref="4210970476" />
    <nd ref="4210970474" />
    <nd ref="4210970472" />
    <nd ref="4210970470" />
    <nd ref="4210970471" />
    <nd ref="4210970463" />
    <nd ref="4210970467" />
    <nd ref="4210970482" />
    <nd ref="4210971604" />
    <nd ref="4210971600" />
    <nd ref="4210971611" />
    <nd ref="4210971612" />
    <nd ref="4210971616" />
    <nd ref="4210971619" />
    <nd ref="4210971661" />
    <nd ref="4210971631" />
    <nd ref="1910072567" />
    <nd ref="1910072490" />
    <nd ref="4210971627" />
    <nd ref="4210971628" />
    <tag k="building" v="yes" />
  </way>
  <way id="180588200">
    <nd ref="1910072445" />
    <nd ref="1910072451" />
    <nd ref="4210971712" />
    <nd ref="4210971731" />
    <nd ref="4210973503" />
    <nd ref="1910072485" />
    <nd ref="1910072453" />
    <nd ref="4210973540" />
    <nd ref="4210973455" />
    <nd ref="1910072465" />
    <nd ref="1910072551" />
    <nd ref="1910072486" />
    <nd ref="4210973717" />
    <nd ref="4210973809" />
    <nd ref="4685688602" />
    <nd ref="4685688603" />
    <nd ref="4685688604" />
    <nd ref="4210973699" />
    <nd ref="4210971749" />
    <nd ref="4210971738" />
    <nd ref="1910072445" />
    <tag k="building" v="yes" />
  </way>
  <way id="198591398">
    <nd ref="2087120719" />
    <nd ref="4210863503" />
    <nd ref="4210863505" />
    <nd ref="4210863504" />
    <nd ref="3362621914" />
    <nd ref="3362621913" />
    <nd ref="3362621918" />
    <nd ref="4210863514" />
    <nd ref="4210863521" />
    <nd ref="2087120721" />
    <nd ref="4210863553" />
    <nd ref="3362621923" />
    <nd ref="4210863566" />
    <nd ref="4210863567" />
    <nd ref="4210863582" />
    <nd ref="4210863586" />
    <nd ref="4210863572" />
    <nd ref="4210863575" />
    <nd ref="3362621924" />
    <nd ref="4210863559" />
    <nd ref="3362621919" />
    <nd ref="2087120722" />
    <nd ref="4210863518" />
    <nd ref="4210863516" />
    <nd ref="3362621916" />
    <nd ref="3362621915" />
    <nd ref="4210863508" />
    <nd ref="4210863507" />
    <nd ref="4210863506" />
    <nd ref="2087120720" />
    <nd ref="2087120719" />
    <tag k="amenity" v="place_of_worship" />
    <tag k="building" v="church" />
    <tag k="name" v="Igreja de Nossa Senhora do Rosário dos Homens Pretos" />
  </way>
  <way id="237455897">
    <nd ref="2453466163" />
    <nd ref="13591157767" />
    <nd ref="2453466166" />
    <nd ref="12106413868" />
    <nd ref="12113811918" />
    <nd ref="12113811917" />
    <tag k="highway" v="tertiary" />
    <tag k="name" v="Praça Ramos de Azevedo" />
  </way>
  <way id="246708359">
    <nd ref="4503381876" />
    <nd ref="4503381875" />
    <nd ref="2537137993" />
    <nd ref="4503381874" />
    <nd ref="4503381873" />
    <nd ref="4503381872" />
    <nd ref="4503381871" />
    <nd ref="4503381870" />
    <nd ref="2537137995" />
    <nd ref="4503381869" />
    <nd ref="4503381868" />
    <nd ref="4503381867" />
    <nd ref="4503381866" />
    <nd ref="4503381865" />
    <nd ref="2537137991" />
    <nd ref="4503381864" />
    <nd ref="4503381862" />
    <nd ref="4503381861" />
    <nd ref="2537137989" />
    <nd ref="4503381860" />
    <nd ref="4503381859" />
    <nd ref="4503381858" />
    <nd ref="4503381857" />
    <nd ref="4503381856" />
    <nd ref="4503381855" />
    <nd ref="2537137982" />
    <nd ref="4503381854" />
    <nd ref="4503381853" />
    <nd ref="4503381852" />
    <nd ref="4503381851" />
    <nd ref="4503381850" />
    <nd ref="4503381849" />
    <nd ref="4503381848" />
    <nd ref="4503381847" />
    <nd ref="4503381846" />
    <nd ref="4503381845" />
    <nd ref="4503381844" />
    <nd ref="4503381843" />
    <nd ref="4503381842" />
    <nd ref="4503381841" />
    <nd ref="4503381840" />
    <nd ref="4503381839" />
    <nd ref="4503381838" />
    <nd ref="4503381837" />
    <nd ref="4503381836" />
    <nd ref="4503381835" />
    <nd ref="4503381834" />
    <nd ref="4503381833" />
    <nd ref="4503381832" />
    <nd ref="4503381831" />
    <nd ref="4503381830" />
    <nd ref="2537137976" />
    <nd ref="4503381829" />
    <nd ref="4503381828" />
    <nd ref="4503381827" />
    <nd ref="4503381826" />
    <nd ref="4503381825" />
    <nd ref="4503381824" />
    <nd ref="4503381823" />
    <nd ref="4503381822" />
    <nd ref="4503381821" />
    <nd ref="4503381820" />
    <nd ref="4503381819" />
    <nd ref="4503381818" />
    <nd ref="4503381817" />
    <nd ref="4503381816" />
    <nd ref="4503381815" />
    <nd ref="4503381814" />
    <nd ref="4503381813" />
    <nd ref="4503381812" />
    <nd ref="4503381811" />
    <nd ref="4503381810" />
    <nd ref="4503381809" />
    <nd ref="4503381808" />
    <nd ref="4503381807" />
    <nd ref="4503381806" />
    <nd ref="4503381805" />
    <nd ref="4503381804" />
    <nd ref="4503381803" />
    <nd ref="4503381802" />
    <nd ref="4503381801" />
    <nd ref="4503381800" />
    <nd ref="2537137978" />
    <nd ref="4503381799" />
    <nd ref="4503381798" />
    <nd ref="4503381797" />
    <nd ref="4503381796" />
    <nd ref="4503381795" />
    <nd ref="4503381794" />
    <nd ref="4503381793" />
    <nd ref="4503381792" />
    <nd ref="4503381791" />
    <nd ref="4503381790" />
    <nd ref="2537137980" />
    <nd ref="4503381789" />
    <nd ref="4503381788" />
    <nd ref="4503381787" />
    <nd ref="4503381786" />
    <nd ref="4503381785" />
    <nd ref="4503381784" />
    <nd ref="4503381783" />
    <nd ref="4503381782" />
    <nd ref="4503381781" />
    <nd ref="2537137985" />
    <nd ref="4503381780" />
    <nd ref="4503381779" />
    <nd ref="4503381778" />
    <nd ref="4503381777" />
    <nd ref="2537137987" />
    <nd ref="4503381776" />
    <nd ref="4503381775" />
    <nd ref="4503381774" />
    <nd ref="4503381773" />
    <nd ref="4503381876" />
    <tag k="leisure" v="park" />
    <tag k="name" v="Largo do Paissandú" />
  </way>
  <way id="247274134">
    <nd ref="60685608" />
    <nd ref="11509018729" />
    <nd ref="11490963258" />
    <nd ref="4698295396" />
    <nd ref="11509018742" />
    <nd ref="60685617" />
    <tag k="highway" v="pedestrian" />
    <tag k="name" v="Rua Dom José de Barros" />
  </way>
  <way id="257989102">
    <nd ref="13591157747" />
    <nd ref="9965333945" />
    <nd ref="4985185172" />
    <nd ref="12106413857" />
    <nd ref="2635266857" />
    <nd ref="9965301288" />
    <nd ref="4511006070" />
    <nd ref="4511006071" />
    <nd ref="6360767740" />
    <nd ref="2634256030" />
    <tag k="highway" v="pedestrian" />
    <tag k="name" v="Rua Formosa" />
  </way>
  <way id="262460752">
    <nd ref="2396360210" />
    <nd ref="13591157760" />
    <nd ref="60685617" />
    <tag k="highway" v="secondary" />
    <tag k="name" v="Avenida São João" />
  </way>
  <way id="305092794">
    <nd ref="4210971883" />
    <nd ref="4210972711" />
    <nd ref="2396360229" />
    <nd ref="4210971440" />
    <nd ref="4210972628" />
    <nd ref="4210972247" />
    <nd ref="4210971666" />
    <nd ref="11509018748" />
    <nd ref="4210968768" />
    <nd ref="4210971846" />
    <nd ref="4210971883" />
    <tag k="building" v="commercial" />
    <tag k="name" v="Galeria do Rock" />
  </way>
  <way id="312216484">
    <nd ref="60641645" />
    <nd ref="4503381877" />
    <nd ref="60641662" />
    <tag k="highway" v="pedestrian" />
    <tag k="name" v="Rua Conselheiro Crispiniano" />
  </way>
  <way id="312280065">
    <nd ref="60685603" />
    <nd ref="4503375514" />
    <nd ref="60685602" />
    <nd ref="4503375513" />
    <nd ref="4503375511" />
    <nd ref="13450354818" />
    <nd ref="4503375512" />
    <nd ref="60641662" />
    <nd ref="4503375510" />
    <nd ref="10699582132" />
    <nd ref="60641664" />
    <tag k="highway" v="residential" />
    <tag k="name" v="Rua Sete de Abril" />
  </way>
  <way id="312281822">
    <nd ref="60685606" />
    <nd ref="12106413823" />
    <nd ref="60685608" />
    <tag k="highway" v="pedestrian" />
    <tag k="name" v="Rua Dom José de Barros" />
  </way>
  <way id="351523725">
    <nd ref="3573196309" />
    <nd ref="4210867641" />
    <nd ref="4210867622" />
    <nd ref="3573196316" />
    <nd ref="4688603329" />
    <nd ref="4688603328" />
    <nd ref="4688603327" />
    <nd ref="4210867652" />
    <nd ref="4210867661" />
    <nd ref="3573196317" />
    <nd ref="3573196314" />
    <nd ref="3573196315" />
    <nd ref="3573196313" />
    <nd ref="4210867671" />
    <nd ref="4210867683" />
    <nd ref="4688603343" />
    <nd ref="4688603351" />
    <nd ref="4688603352" />
    <nd ref="4688603350" />
    <nd ref="4688603349" />
    <nd ref="4210867662" />
    <nd ref="4210867656" />
    <nd ref="3573196310" />
    <nd ref="3573196318" />
    <nd ref="3573196309" />
    <tag k="building" v="yes" />
  </way>
  <way id="351525252">
    <nd ref="4210867537" />
    <nd ref="4210867554" />
    <nd ref="4210867559" />
    <nd ref="4210867570" />
    <nd ref="4210867571" />
    <nd ref="3573219305" />
    <nd ref="3573219304" />
    <nd ref="4210863558" />
    <nd ref="4210863555" />
    <nd ref="4210863554" />
    <nd ref="3573219306" />
    <nd ref="4210863551" />
    <nd ref="4210863550" />
    <nd ref="4210863548" />
    <nd ref="3573219303" />
    <nd ref="4210863545" />
    <nd ref="4210863544" />
    <nd ref="4210863542" />
    <nd ref="4210863541" />
    <nd ref="4210863540" />
    <nd ref="3573219307" />
    <nd ref="4688840291" />
    <nd ref="4688840292" />
    <nd ref="4688840293" />
    <nd ref="3573219302" />
    <nd ref="4210863536" />
    <nd ref="4210863539" />
    <nd ref="4210863538" />
    <nd ref="4210867496" />
    <nd ref="3573219308" />
    <nd ref="4210867504" />
    <nd ref="4210867508" />
    <nd ref="4210867510" />
    <nd ref="4210867503" />
    <nd ref="4210867509" />
    <nd ref="4210863588" />
    <nd ref="4210867492" />
    <nd ref="4210863561" />
    <nd ref="4210863563" />
    <nd ref="4210863565" />
    <nd ref="4210863568" />
    <nd ref="4210863569" />
    <nd ref="4210863574" />
    <nd ref="4210863577" />
    <nd ref="4210863581" />
    <nd ref="4210863584" />
    <nd ref="4210867491" />
    <nd ref="4210867499" />
    <nd ref="4210867511" />
    <nd ref="4210867518" />
    <nd ref="4210867537" />
    <tag k="building" v="yes" />
  </way>
  <way id="351525253">
    <nd ref="4210867559" />
    <nd ref="4210867536" />
    <nd ref="4210867531" />
    <nd ref="3573219310" />
    <nd ref="4210867519" />
    <nd ref="3573219309" />
    <nd ref="4210867510" />
    <nd ref="4210867508" />
    <nd ref="4210867538" />
    <nd ref="4210867540" />
    <nd ref="3573219311" />
    <nd ref="4210867546" />
    <nd ref="4210867548" />
    <nd ref="4210867535" />
    <nd ref="3573219312" />
    <nd ref="4210867522" />
    <nd ref="4210867520" />
    <nd ref="4210867521" />
    <nd ref="4210867526" />
    <nd ref="4210867529" />
    <nd ref="4210867532" />
    <nd ref="4210867541" />
    <nd ref="4210867543" />
    <nd ref="4210867549" />
    <nd ref="4210867567" />
    <nd ref="4210867634" />
    <nd ref="4210867570" />
    <nd ref="4210867559" />
    <tag k="building" v="yes" />
  </way>
  <way id="366254162">
    <nd ref="13591157744" />
    <nd ref="3702334527" />
    <tag k="highway" v="steps" />
  </way>
  <way id="369342972">
    <nd ref="3731407181" />
    <nd ref="3731407182" />
    <tag k="highway" v="steps" />
  </way>
  <way id="369342973">
    <nd ref="3731407183" />
    <nd ref="3731407184" />
    <tag k="highway" v="steps" />
  </way>
  <way id="369342974">
    <nd ref="3731407182" />
    <nd ref="4985185150" />
    <nd ref="13739953825" />
    <nd ref="4985185124" />
    <nd ref="3731407186" />
    <nd ref="3731407193" />
    <nd ref="4985185170" />
    <nd ref="9965294102" />
    <nd ref="3731407189" />
    <nd ref="13739953824" />
    <nd ref="3731407190" />
    <nd ref="3731407184" />
    <tag k="highway" v="footway" />
  </way>
  <way id="369342975">
    <nd ref="3731407193" />
    <nd ref="3731407194" />
    <tag k="highway" v="steps" />
  </way>
  <way id="370497536">
    <nd ref="4210974036" />
    <nd ref="4210974236" />
    <nd ref="4210974332" />
    <nd ref="4687061426" />
    <nd ref="2634267145" />
    <nd ref="10082018886" />
    <nd ref="3741933410" />
    <nd ref="4210974410" />
    <nd ref="4210974308" />
    <nd ref="3741933409" />
    <nd ref="3741933411" />
    <nd ref="4210974260" />
    <nd ref="4210974036" />
    <tag k="building" v="commercial" />
    <tag k="name" v="CBI Esplanada" />
  </way>
  <way id="419513797">
    <nd ref="1477495382" />
    <nd ref="60685616" />
    <nd ref="11509018716" />
    <nd ref="4698295394" />
    <nd ref="2396360210" />
    <tag k="highway" v="secondary" />
    <tag k="name" v="Avenida São João" />
  </way>
  <way id="421222970">
    <nd ref="4210232540" />
    <nd ref="4648524316" />
    <nd ref="9946494410" />
    <nd ref="4648524317" />
    <nd ref="4210232567" />
    <nd ref="4210232573" />
    <nd ref="4210232574" />
    <nd ref="4210232444" />
    <nd ref="4210232591" />
    <nd ref="4210232576" />
    <nd ref="4210232570" />
    <nd ref="4210232593" />
    <nd ref="4210232583" />
    <nd ref="4210232579" />
    <nd ref="4210232580" />
    <nd ref="4210232560" />
    <nd ref="4210232540" />
    <tag k="building" v="yes" />
  </way>
  <way id="421223021">
    <nd ref="4210232566" />
    <nd ref="4210232549" />
    <nd ref="4210232561" />
    <nd ref="4210232553" />
    <nd ref="4210232544" />
    <nd ref="4210232539" />
    <nd ref="4210232517" />
    <nd ref="4210232508" />
    <nd ref="4210232502" />
    <nd ref="4210232496" />
    <nd ref="4648524315" />
    <nd ref="4210232540" />
    <nd ref="4210232560" />
    <nd ref="4210232566" />
    <tag k="building" v="yes" />
  </way>
  <way id="421223027">
    <nd ref="4210232535" />
    <nd ref="4210232512" />
    <nd ref="4210232526" />
    <nd ref="4210232514" />
    <nd ref="4210232504" />
    <nd ref="4210232499" />
    <nd ref="4210232493" />
    <nd ref="4210232184" />
    <nd ref="4210232508" />
    <nd ref="4210232517" />
    <nd ref="4210232539" />
    <nd ref="4210232542" />
    <nd ref="4210232543" />
    <nd ref="4210232535" />
    <tag k="building" v="yes" />
  </way>
  <way id="421223059">
    <nd ref="4210232508" />
    <nd ref="4210232184" />
    <nd ref="4210232179" />
    <nd ref="4210232502" />
    <nd ref="4210232508" />
    <tag k="building" v="yes" />
  </way>
  <way id="421223060">
    <nd ref="4210232571" />
    <nd ref="4648524320" />
    <nd ref="4648524321" />
    <nd ref="4210232586" />
    <nd ref="4210232597" />
    <nd ref="4210232578" />
    <nd ref="4210232571" />
    <tag k="building" v="yes" />
  </way>
  <way id="421223068">
    <nd ref="4210232496" />
    <nd ref="4210232502" />
    <nd ref="4210232179" />
    <nd ref="4210232173" />
    <nd ref="4648524314" />
    <nd ref="4210232496" />
    <tag k="building" v="yes" />
  </way>
  <way id="421223081">
    <nd ref="4210232578" />
    <nd ref="4210232597" />
    <nd ref="4210232437" />
    <nd ref="4210232585" />
    <nd ref="4210232581" />
    <nd ref="4210232578" />
    <tag k="building" v="yes" />
  </way>
  <way id="421223112">
    <nd ref="4210232184" />
    <nd ref="4210232493" />
    <nd ref="4210232499" />
    <nd ref="4210232135" />
    <nd ref="4210232119" />
    <nd ref="4648524313" />
    <nd ref="9229259749" />
    <nd ref="4210232179" />
    <nd ref="4210232184" />
    <tag k="building" v="yes" />
  </way>
  <way id="421307848">
    <nd ref="4210863573" />
    <nd ref="4210863576" />
    <nd ref="4210867489" />
    <nd ref="4210863585" />
    <nd ref="4210867500" />
    <nd ref="4210867517" />
    <nd ref="4210867523" />
    <nd ref="4210867539" />
    <nd ref="4210867540" />
    <nd ref="4210867538" />
    <nd ref="4210867495" />
    <nd ref="4210863535" />
    <nd ref="4688840290" />
    <nd ref="4688840289" />
    <nd ref="4210863534" />
    <nd ref="4210863573" />
    <tag k="building" v="yes" />
  </way>
  <way id="421307853">
    <nd ref="4210867653" />
    <nd ref="4210867656" />
    <nd ref="4210867662" />
    <nd ref="4688603347" />
    <nd ref="4688603346" />
    <nd ref="4688603345" />
    <nd ref="4688603348" />
    <nd ref="4688603358" />
    <nd ref="4688603344" />
    <nd ref="4210867639" />
    <nd ref="4210867637" />
    <nd ref="4210867633" />
    <nd ref="4210867630" />
    <nd ref="4210867627" />
    <nd ref="4210867625" />
    <nd ref="4210867624" />
    <nd ref="4210867621" />
    <nd ref="4210867595" />
    <nd ref="4210867611" />
    <nd ref="4210867620" />
    <nd ref="4210867647" />
    <nd ref="4210867642" />
    <nd ref="4210867653" />
    <tag k="building" v="yes" />
  </way>
  <way id="421307854">
    <nd ref="4210863527" />
    <nd ref="4210863562" />
    <nd ref="4210863583" />
    <nd ref="4210867493" />
    <nd ref="4210863570" />
    <nd ref="4210863533" />
    <nd ref="4688839483" />
    <nd ref="4210863532" />
    <nd ref="4210863530" />
    <nd ref="4210863526" />
    <nd ref="4210863525" />
    <nd ref="4210863524" />
    <nd ref="4210863531" />
    <nd ref="4688839484" />
    <nd ref="4210863529" />
    <nd ref="4210863520" />
    <nd ref="4210863519" />
    <nd ref="4210863522" />
    <nd ref="4210863528" />
    <nd ref="4688839485" />
    <nd ref="4210863527" />
    <tag k="building" v="yes" />
  </way>
  <way id="421307855">
    <nd ref="4210867612" />
    <nd ref="4210867611" />
    <nd ref="4210867595" />
    <nd ref="4688936058" />
    <nd ref="4688936057" />
    <nd ref="4688936056" />
    <nd ref="4688936055" />
    <nd ref="4688936054" />
    <nd ref="4210867563" />
    <nd ref="4688603333" />
    <nd ref="4210867580" />
    <nd ref="4210867577" />
    <nd ref="4210867585" />
    <nd ref="4210867586" />
    <nd ref="4688603332" />
    <nd ref="4688603331" />
    <nd ref="4210867601" />
    <nd ref="4210867598" />
    <nd ref="4210867603" />
    <nd ref="4210867605" />
    <nd ref="4688603330" />
    <nd ref="4210867622" />
    <nd ref="4210867641" />
    <nd ref="4210867635" />
    <nd ref="4210867632" />
    <nd ref="4210867617" />
    <nd ref="4210867626" />
    <nd ref="4210867618" />
    <nd ref="4210867615" />
    <nd ref="4210867606" />
    <nd ref="4210867612" />
    <tag k="building" v="yes" />
  </way>
  <way id="421307856">
    <nd ref="4210867537" />
    <nd ref="4210867518" />
    <nd ref="4210867511" />
    <nd ref="4210867499" />
    <nd ref="4210867491" />
    <nd ref="4210863584" />
    <nd ref="4210863581" />
    <nd ref="4210863577" />
    <nd ref="4210863574" />
    <nd ref="4210863569" />
    <nd ref="4210863568" />
    <nd ref="4210863565" />
    <nd ref="4210863563" />
    <nd ref="4210863561" />
    <nd ref="4210867492" />
    <nd ref="4210863588" />
    <nd ref="4210867509" />
    <nd ref="4210867524" />
    <nd ref="4210867525" />
    <nd ref="4210867531" />
    <nd ref="4210867536" />
    <nd ref="4210867542" />
    <nd ref="4210867533" />
    <nd ref="4210867537" />
    <tag k="building" v="yes" />
  </way>
  <way id="421307863">
    <nd ref="4210863517" />
    <nd ref="4210863546" />
    <nd ref="4210863549" />
    <nd ref="4210863523" />
    <nd ref="4210863517" />
    <tag k="building" v="yes" />
  </way>
  <way id="421307864">
    <nd ref="4210867655" />
    <nd ref="4688603337" />
    <nd ref="4210867651" />
    <nd ref="4210867645" />
    <nd ref="4210867649" />
    <nd ref="4210867655" />
    <tag k="building" v="yes" />
  </way>
  <way id="421307865">
    <nd ref="4210863570" />
    <nd ref="4210863579" />
    <nd ref="4210863573" />
    <nd ref="4210863534" />
    <nd ref="4688839488" />
    <nd ref="4688839487" />
    <nd ref="4688839486" />
    <nd ref="4210863533" />
    <nd ref="4210863570" />
    <tag k="building" v="yes" />
  </way>
  <way id="421307868">
    <nd ref="4210867495" />
    <nd ref="4210867496" />
    <nd ref="4210863538" />
    <nd ref="4210863539" />
    <nd ref="4210863536" />
    <nd ref="4688840294" />
    <nd ref="4210863535" />
    <nd ref="4210867495" />
    <tag k="building" v="yes" />
  </way>
  <way id="421307871">
    <nd ref="4210867507" />
    <nd ref="4210867513" />
    <nd ref="4210867520" />
    <nd ref="4210867522" />
    <nd ref="4210867497" />
    <nd ref="4210867493" />
    <nd ref="4210863583" />
    <nd ref="4210867507" />
    <tag k="building" v="yes" />
  </way>
  <way id="421307872">
    <nd ref="4210867497" />
    <nd ref="4210867502" />
    <nd ref="4210867498" />
    <nd ref="4210867500" />
    <nd ref="4210863585" />
    <nd ref="4210863579" />
    <nd ref="4210863570" />
    <nd ref="4210867493" />
    <nd ref="4210867497" />
    <tag k="building" v="yes" />
  </way>
  <way id="421318650">
    <nd ref="4210974041" />
    <nd ref="4210973840" />
    <nd ref="4210973812" />
    <nd ref="4210973997" />
    <nd ref="4210973813" />
    <nd ref="4210973760" />
    <nd ref="4210973696" />
    <nd ref="4210973484" />
    <nd ref="4210973733" />
    <nd ref="4210973582" />
    <nd ref="4210973521" />
    <nd ref="4686945537" />
    <nd ref="4686945536" />
    <nd ref="4686945535" />
    <nd ref="4686945534" />
    <nd ref="4686945533" />
    <nd ref="4686945532" />
    <nd ref="4686945531" />
    <nd ref="4686945530" />
    <nd ref="4210973758" />
    <nd ref="4685688589" />
    <nd ref="4685687588" />
    <nd ref="4685687587" />
    <nd ref="4685687586" />
    <nd ref="4685687585" />
    <nd ref="4685687584" />
    <nd ref="4685687583" />
    <nd ref="4210974038" />
    <nd ref="4210974041" />
    <tag k="building" v="yes" />
  </way>
  <way id="421318653">
    <nd ref="4210973941" />
    <nd ref="4210973970" />
    <nd ref="4210973981" />
    <nd ref="4210974025" />
    <nd ref="4685688597" />
    <nd ref="4685688598" />
    <nd ref="4210973957" />
    <nd ref="4210973962" />
    <nd ref="4685688599" />
    <nd ref="9946488924" />
    <nd ref="4685688600" />
    <nd ref="4210973288" />
    <nd ref="4210973280" />
    <nd ref="4685688601" />
    <nd ref="4210973809" />
    <nd ref="4210973717" />
    <nd ref="4210973693" />
    <nd ref="4210973759" />
    <nd ref="4210973801" />
    <nd ref="4210973818" />
    <nd ref="4210973907" />
    <nd ref="4210973932" />
    <nd ref="4210973891" />
    <nd ref="4210973939" />
    <nd ref="4210973941" />
    <tag k="building" v="yes" />
  </way>
  <way id="421318655">
    <nd ref="4210974013" />
    <nd ref="4210973964" />
    <nd ref="11481207505" />
    <nd ref="4210973889" />
    <nd ref="4680455416" />
    <nd ref="11481207507" />
    <nd ref="4210973953" />
    <nd ref="4210973959" />
    <nd ref="11481207506" />
    <nd ref="4210973991" />
    <nd ref="4210974023" />
    <nd ref="4210974054" />
    <nd ref="4210974076" />
    <nd ref="4210974279" />
    <nd ref="4210974328" />
    <nd ref="4210974330" />
    <nd ref="4210973881" />
    <nd ref="4210974283" />
    <nd ref="4210974222" />
    <nd ref="4210974233" />
    <nd ref="4210974219" />
    <nd ref="4210974203" />
    <nd ref="4210974193" />
    <nd ref="4210974013" />
    <tag k="building" v="yes" />
  </way>
  <way id="421318663">
    <nd ref="4210974214" />
    <nd ref="4210974261" />
    <nd ref="4210974318" />
    <nd ref="4210974265" />
    <nd ref="4210974214" />
    <tag k="building" v="yes" />
  </way>
  <way id="421318685">
    <nd ref="4210973336" />
    <nd ref="4210971777" />
    <nd ref="4210973454" />
    <nd ref="4210971776" />
    <nd ref="4210973336" />
    <tag k="building" v="yes" />
  </way>
  <way id="421318700">
    <nd ref="4210973288" />
    <nd ref="4210973280" />
    <nd ref="4685688601" />
    <nd ref="4210973809" />
    <nd ref="4210973717" />
    <nd ref="4210973693" />
    <nd ref="4210973759" />
    <nd ref="4210973801" />
    <nd ref="4210973818" />
    <nd ref="4210973757" />
    <nd ref="4210973731" />
    <nd ref="4210973580" />
    <nd ref="4210973463" />
    <nd ref="4210973474" />
    <nd ref="4210973707" />
    <nd ref="4210973825" />
    <nd ref="4210973907" />
    <nd ref="4210973932" />
    <nd ref="4210973891" />
    <nd ref="4210973939" />
    <nd ref="4210973941" />
    <nd ref="4210973970" />
    <nd ref="4210973981" />
    <nd ref="4210974025" />
    <nd ref="4685688597" />
    <nd ref="4685688598" />
    <nd ref="4210973957" />
    <nd ref="4210973962" />
    <nd ref="4685688599" />
    <nd ref="9946488924" />
    <nd ref="4685688600" />
    <nd ref="4210973288" />
    <tag k="building" v="commercial" />
    <tag k="name" v="Edifício Ita" />
  </way>
  <way id="421318701">
    <nd ref="4210975358" />
    <nd ref="4210974634" />
    <tag k="highway" v="pedestrian" />
    <tag k="name" v="Rua Nova Barão" />
  </way>
  <way id="421318702">
    <nd ref="60685602" />
    <nd ref="4210975358" />
    <tag k="highway" v="pedestrian" />
    <tag k="name" v="Rua Nova Barão" />
  </way>
  <way id="421318705">
    <nd ref="4210975575" />
    <nd ref="4210975799" />
    <nd ref="4210975757" />
    <nd ref="4210975760" />
    <nd ref="4210975727" />
    <nd ref="4210975722" />
    <nd ref="4210975688" />
    <nd ref="4210975678" />
    <nd ref="4210975661" />
    <nd ref="4210975670" />
    <nd ref="4210975675" />
    <nd ref="4210975649" />
    <nd ref="4210975643" />
    <nd ref="4210975631" />
    <nd ref="4210975627" />
    <nd ref="4210975613" />
    <nd ref="4210975595" />
    <nd ref="4210975577" />
    <nd ref="4210975543" />
    <nd ref="4210975526" />
    <nd ref="4210975498" />
    <nd ref="4660442225" />
    <nd ref="4660442224" />
    <nd ref="4210975407" />
    <nd ref="4210975403" />
    <nd ref="4660442223" />
    <nd ref="4210975268" />
    <nd ref="4210975274" />
    <nd ref="4210975266" />
    <nd ref="4210975260" />
    <nd ref="4210975292" />
    <nd ref="4210975290" />
    <nd ref="4210975340" />
    <nd ref="4210975347" />
    <nd ref="4210975480" />
    <nd ref="4210975475" />
    <nd ref="4210975544" />
    <nd ref="4210975549" />
    <nd ref="4210975575" />
    <tag k="building" v="office" />
    <tag k="name" v="Shopping Light" />
  </way>
  <way id="421318706">
    <nd ref="4210974886" />
    <nd ref="4210974868" />
    <nd ref="4210974850" />
    <nd ref="4210974792" />
    <nd ref="4210974809" />
    <nd ref="4210974815" />
    <nd ref="4210974821" />
    <nd ref="4210974901" />
    <nd ref="4210974909" />
    <nd ref="4210974897" />
    <nd ref="4210974886" />
    <tag k="building" v="yes" />
  </way>
  <way id="421318708">
    <nd ref="4210972217" />
    <nd ref="4210972227" />
    <nd ref="4210972251" />
    <nd ref="4210972593" />
    <nd ref="4210971415" />
    <nd ref="4210972595" />
    <nd ref="4210972287" />
    <nd ref="4210972211" />
    <nd ref="4210972234" />
    <nd ref="4210972195" />
    <nd ref="4210972217" />
    <tag k="building" v="yes" />
  </way>
  <way id="421318709">
    <nd ref="4210974834" />
    <nd ref="4210974831" />
    <nd ref="4210974855" />
    <nd ref="4210974871" />
    <nd ref="4210974858" />
    <nd ref="4210974861" />
    <nd ref="4210974874" />
    <nd ref="4210974894" />
    <nd ref="4210974878" />
    <nd ref="4210974865" />
    <nd ref="4210974834" />
    <tag k="building" v="yes" />
  </way>
  <way id="421318710">
    <nd ref="4210975152" />
    <nd ref="4210975112" />
    <nd ref="4210975094" />
    <nd ref="4210975054" />
    <nd ref="4210975026" />
    <nd ref="4210975045" />
    <nd ref="4210975053" />
    <nd ref="4210975070" />
    <nd ref="4210975186" />
    <nd ref="4210975161" />
    <nd ref="4210975152" />
    <tag k="building" v="yes" />
  </way>
  <way id="421318712">
    <nd ref="4210975693" />
    <nd ref="4210975703" />
    <nd ref="4210975709" />
    <nd ref="4210975736" />
    <nd ref="4210975718" />
    <nd ref="4210975705" />
    <nd ref="4210975689" />
    <nd ref="4210975696" />
    <nd ref="4210975694" />
    <nd ref="4210975690" />
    <nd ref="4210975693" />
    <tag k="building" v="yes" />
  </way>
  <way id="421318713">
    <nd ref="4210975606" />
    <nd ref="4210975610" />
    <nd ref="4210975645" />
    <nd ref="4210975639" />
    <nd ref="4210975630" />
    <nd ref="4210975612" />
    <nd ref="4210975608" />
    <nd ref="4210975584" />
    <nd ref="4210975607" />
    <nd ref="4210975582" />
    <nd ref="4210975606" />
    <tag k="building" v="yes" />
  </way>
  <way id="421318715">
    <nd ref="4210971802" />
    <nd ref="4210971790" />
    <nd ref="4210971648" />
    <nd ref="4210971692" />
    <nd ref="4210971814" />
    <nd ref="4210972203" />
    <nd ref="4210972191" />
    <nd ref="4210971975" />
    <nd ref="4210971805" />
    <nd ref="4210971824" />
    <nd ref="4210971802" />
    <tag k="building" v="yes" />
  </way>
  <way id="421318717">
    <nd ref="4210973875" />
    <nd ref="4210974389" />
    <nd ref="4210974404" />
    <nd ref="4210974407" />
    <nd ref="4210974412" />
    <nd ref="4210974422" />
    <nd ref="4210974434" />
    <nd ref="4210974436" />
    <nd ref="4210974441" />
    <nd ref="4210974397" />
    <nd ref="4210973875" />
    <tag k="building" v="yes" />
  </way>
  <way id="421318718">
    <nd ref="4210971757" />
    <nd ref="4686945545" />
    <nd ref="4686945549" />
    <nd ref="4210973384" />
    <nd ref="4210972475" />
    <nd ref="4210972934" />
    <nd ref="4210972953" />
    <nd ref="4210972988" />
    <nd ref="4210973026" />
    <nd ref="4210972990" />
    <nd ref="4210973013" />
    <nd ref="4210973189" />
    <nd ref="4210971757" />
    <tag k="building" v="yes" />
  </way>
  <way id="421318720">
    <nd ref="4210975021" />
    <nd ref="4210975009" />
    <nd ref="4210974993" />
    <nd ref="4210974378" />
    <nd ref="4681674568" />
    <nd ref="4681674567" />
    <nd ref="4681674566" />
    <nd ref="4681674565" />
    <nd ref="4681674564" />
    <nd ref="4681674563" />
    <nd ref="4210974899" />
    <nd ref="4210974936" />
    <nd ref="4210974969" />
    <nd ref="4210975006" />
    <nd ref="4210975022" />
    <nd ref="4210975058" />
    <nd ref="4210975021" />
    <tag k="building" v="yes" />
  </way>
  <way id="421318721">
    <nd ref="4210974465" />
    <nd ref="4210974478" />
    <nd ref="4210974471" />
    <nd ref="4210974469" />
    <nd ref="4210974467" />
    <nd ref="4210974470" />
    <nd ref="4210974473" />
    <nd ref="4210974483" />
    <nd ref="4210974455" />
    <nd ref="4210974438" />
    <nd ref="4210974465" />
    <tag k="building" v="yes" />
  </way>
  <way id="421318724">
    <nd ref="4210971335" />
    <nd ref="4210971344" />
    <nd ref="4210970473" />
    <nd ref="4210971608" />
    <nd ref="4210970477" />
    <nd ref="4210970424" />
    <nd ref="4210971328" />
    <nd ref="4210971320" />
    <nd ref="4210971308" />
    <nd ref="4210971313" />
    <nd ref="4210971335" />
    <tag k="building" v="yes" />
  </way>
  <way id="421318725">
    <nd ref="4210974451" />
    <nd ref="4210974463" />
    <nd ref="4210974356" />
    <nd ref="4210974302" />
    <nd ref="4210974259" />
    <nd ref="4210974228" />
    <nd ref="4210974196" />
    <nd ref="4210974322" />
    <nd ref="4210974360" />
    <nd ref="4210974391" />
    <nd ref="4210974451" />
    <tag k="building" v="yes" />
  </way>
  <way id="421318726">
    <nd ref="4210974886" />
    <nd ref="4210974897" />
    <nd ref="4210974909" />
    <nd ref="4210974923" />
    <nd ref="4210974930" />
    <nd ref="4210974914" />
    <nd ref="4210974924" />
    <nd ref="4210974903" />
    <nd ref="4210974896" />
    <nd ref="4210974870" />
    <nd ref="4210974886" />
    <tag k="building" v="yes" />
  </way>
  <way id="421318728">
    <nd ref="4210973747" />
    <nd ref="4210973737" />
    <nd ref="4210973714" />
    <nd ref="4210973694" />
    <nd ref="4210973716" />
    <nd ref="4210973691" />
    <nd ref="4210971759" />
    <nd ref="4686945538" />
    <nd ref="4210973521" />
    <nd ref="4210973582" />
    <nd ref="4210973780" />
    <nd ref="4210973747" />
    <tag k="building" v="yes" />
  </way>
  <way id="421318729">
    <nd ref="4210971967" />
    <nd ref="4695485592" />
    <nd ref="4695485593" />
    <nd ref="4695485594" />
    <nd ref="4210971434" />
    <nd ref="9948640495" />
    <nd ref="4210972734" />
    <nd ref="4210972692" />
    <nd ref="4210972731" />
    <nd ref="4210972709" />
    <nd ref="4210972639" />
    <nd ref="4210972631" />
    <nd ref="4210972607" />
    <nd ref="4210971973" />
    <nd ref="4210971967" />
    <tag k="building" v="yes" />
  </way>
  <way id="421318730">
    <nd ref="4210968775" />
    <nd ref="4210971886" />
    <nd ref="4210971873" />
    <nd ref="4210972217" />
    <nd ref="4210972195" />
    <nd ref="4210971985" />
    <nd ref="4210971974" />
    <nd ref="4210971969" />
    <nd ref="4210971855" />
    <nd ref="4210971698" />
    <nd ref="4695484882" />
    <nd ref="4695484883" />
    <nd ref="4210968775" />
    <tag k="building" v="yes" />
  </way>
  <way id="421318731">
    <nd ref="4210975478" />
    <nd ref="4210975481" />
    <nd ref="4210975518" />
    <nd ref="4210975531" />
    <nd ref="4210975536" />
    <nd ref="4210975450" />
    <nd ref="4210975428" />
    <nd ref="4210975488" />
    <nd ref="4210975462" />
    <nd ref="4210975460" />
    <nd ref="4210975478" />
    <tag k="building" v="yes" />
  </way>
  <way id="421318732">
    <nd ref="4210975015" />
    <nd ref="4210974382" />
    <nd ref="4210974380" />
    <nd ref="4210974373" />
    <nd ref="4210974962" />
    <nd ref="4210974933" />
    <nd ref="4210974366" />
    <nd ref="4210974954" />
    <nd ref="4210974371" />
    <nd ref="4210974376" />
    <nd ref="4681688937" />
    <nd ref="4681688936" />
    <nd ref="4681688935" />
    <nd ref="4210975031" />
    <nd ref="4210975015" />
    <tag k="building" v="yes" />
  </way>
  <way id="421318734">
    <nd ref="4210973212" />
    <nd ref="4210973124" />
    <nd ref="4210972675" />
    <nd ref="4687106513" />
    <nd ref="4210972898" />
    <nd ref="4210973078" />
    <nd ref="4210973095" />
    <nd ref="4210973121" />
    <nd ref="4210973136" />
    <nd ref="4210973169" />
    <nd ref="4210973242" />
    <nd ref="4210973322" />
    <nd ref="4210973212" />
    <tag k="building" v="yes" />
  </way>
  <way id="421318735">
    <nd ref="4210972804" />
    <nd ref="4687061447" />
    <nd ref="4687061448" />
    <nd ref="4210972706" />
    <nd ref="4210972793" />
    <nd ref="4210972659" />
    <nd ref="4210972890" />
    <nd ref="4210972684" />
    <nd ref="4210972672" />
    <nd ref="4210972656" />
    <nd ref="4210972674" />
    <nd ref="4210972809" />
    <nd ref="4210972915" />
    <nd ref="4210972804" />
    <tag k="building" v="yes" />
  </way>
  <way id="421318740">
    <nd ref="4210975427" />
    <nd ref="4210975418" />
    <nd ref="4680420414" />
    <nd ref="4680420413" />
    <nd ref="4210975354" />
    <nd ref="4210975410" />
    <nd ref="4210975431" />
    <nd ref="4210975405" />
    <nd ref="4210975422" />
    <nd ref="4210975437" />
    <nd ref="4210975445" />
    <nd ref="4210975453" />
    <nd ref="4210975467" />
    <nd ref="4210975427" />
    <tag k="building" v="yes" />
  </way>
  <way id="421318745">
    <nd ref="4210975165" />
    <nd ref="4210975166" />
    <nd ref="4210975172" />
    <nd ref="4210975110" />
    <nd ref="4210975202" />
    <nd ref="4210975280" />
    <nd ref="4210975291" />
    <nd ref="4210975188" />
    <nd ref="4680420405" />
    <nd ref="4680420404" />
    <nd ref="4680420403" />
    <nd ref="4210975050" />
    <nd ref="4210975067" />
    <nd ref="4210975129" />
    <nd ref="4210975165" />
    <tag k="building" v="yes" />
  </way>
  <way id="421318748">
    <nd ref="4210973875" />
    <nd ref="4210974397" />
    <nd ref="4210974441" />
    <nd ref="4210974465" />
    <nd ref="4210974438" />
    <nd ref="4210974455" />
    <nd ref="4210974424" />
    <nd ref="4210974352" />
    <nd ref="4210974279" />
    <nd ref="4210974076" />
    <nd ref="4210973874" />
    <nd ref="4210973875" />
    <tag k="building" v="yes" />
  </way>
  <way id="421318749">
    <nd ref="4210972695" />
    <nd ref="4210972629" />
    <nd ref="4210971459" />
    <nd ref="4210971478" />
    <nd ref="4210972694" />
    <nd ref="4210972677" />
    <nd ref="4210972989" />
    <nd ref="4686945554" />
    <nd ref="4686945553" />
    <nd ref="4210972923" />
    <nd ref="4210972775" />
    <nd ref="4210972800" />
    <nd ref="4210972723" />
    <nd ref="4210972695" />
    <tag k="building" v="yes" />
  </way>
  <way id="421318753">
    <nd ref="4210975415" />
    <nd ref="4210975397" />
    <nd ref="4210975391" />
    <nd ref="4210975369" />
    <nd ref="4210975379" />
    <nd ref="4210975375" />
    <nd ref="4210975377" />
    <nd ref="4210975387" />
    <nd ref="4210975363" />
    <nd ref="4210975374" />
    <nd ref="4210975424" />
    <nd ref="4210975415" />
    <tag k="building" v="yes" />
  </way>
  <way id="421318755">
    <nd ref="4210974870" />
    <nd ref="4210974896" />
    <nd ref="4210974882" />
    <nd ref="4210974869" />
    <nd ref="4210974880" />
    <nd ref="4210974875" />
    <nd ref="4210974864" />
    <nd ref="4210974657" />
    <nd ref="4681674579" />
    <nd ref="4210974672" />
    <nd ref="4210974681" />
    <nd ref="4210974792" />
    <nd ref="4210974850" />
    <nd ref="4210974870" />
    <tag k="building" v="yes" />
  </way>
  <way id="421318757">
    <nd ref="4210972760" />
    <nd ref="4210972757" />
    <nd ref="4210972755" />
    <nd ref="4210972754" />
    <nd ref="4210972756" />
    <nd ref="4210972759" />
    <nd ref="4210972764" />
    <nd ref="4210972767" />
    <nd ref="4210972772" />
    <nd ref="4210972778" />
    <nd ref="4210972787" />
    <nd ref="4210972789" />
    <nd ref="4686945556" />
    <nd ref="4210972760" />
    <tag k="building" v="yes" />
  </way>
  <way id="421318760">
    <nd ref="4210971383" />
    <nd ref="4210971377" />
    <nd ref="4210971407" />
    <nd ref="4210970408" />
    <nd ref="4210971411" />
    <nd ref="4210971406" />
    <nd ref="4210971400" />
    <nd ref="4210971399" />
    <nd ref="4210971396" />
    <nd ref="4210971394" />
    <nd ref="4210971397" />
    <nd ref="4210971388" />
    <nd ref="4210971383" />
    <tag k="building" v="yes" />
  </way>
  <way id="421318761">
    <nd ref="4210973051" />
    <nd ref="4210972996" />
    <nd ref="4210973004" />
    <nd ref="4210972977" />
    <nd ref="4210972935" />
    <nd ref="4210972936" />
    <nd ref="4210972905" />
    <nd ref="4210972916" />
    <nd ref="4210973007" />
    <nd ref="4210973030" />
    <nd ref="4210973015" />
    <nd ref="4210973059" />
    <nd ref="4210973051" />
    <tag k="building" v="yes" />
  </way>
  <way id="421318762">
    <nd ref="4210974251" />
    <nd ref="4210974297" />
    <nd ref="4210974325" />
    <nd ref="4210974314" />
    <nd ref="4210974267" />
    <nd ref="4210974247" />
    <nd ref="4210974257" />
    <nd ref="4210974224" />
    <nd ref="4210974213" />
    <nd ref="4210974220" />
    <nd ref="4210974058" />
    <nd ref="4210974211" />
    <nd ref="4210974251" />
    <tag k="building" v="yes" />
  </way>
  <way id="421318765">
    <nd ref="4210973317" />
    <nd ref="4210972462" />
    <nd ref="4210972453" />
    <nd ref="4210973193" />
    <nd ref="4210973165" />
    <nd ref="4210973125" />
    <nd ref="4210973149" />
    <nd ref="4210973203" />
    <nd ref="4210973238" />
    <nd ref="4210972455" />
    <nd ref="4210973224" />
    <nd ref="4210972469" />
    <nd ref="4686945563" />
    <nd ref="4686945562" />
    <nd ref="4210973317" />
    <tag k="building" v="yes" />
  </way>
  <way id="421318768">
    <nd ref="4210974801" />
    <nd ref="4210974831" />
    <nd ref="4210974834" />
    <nd ref="4210974805" />
    <nd ref="4210974828" />
    <nd ref="4210974823" />
    <nd ref="4210974838" />
    <nd ref="4210974865" />
    <nd ref="4210974878" />
    <nd ref="4210974887" />
    <nd ref="4210974826" />
    <nd ref="4210974628" />
    <nd ref="4210974801" />
    <tag k="building" v="yes" />
  </way>
  <way id="421318770">
    <nd ref="4210974068" />
    <nd ref="4210974057" />
    <nd ref="4210974227" />
    <nd ref="4210974249" />
    <nd ref="4210974472" />
    <nd ref="7128603055" />
    <nd ref="4210973885" />
    <nd ref="4210974325" />
    <nd ref="4210974297" />
    <nd ref="4210974355" />
    <nd ref="4210974324" />
    <nd ref="4210974251" />
    <nd ref="4210974211" />
    <nd ref="4210974068" />
    <tag k="building" v="yes" />
  </way>
  <way id="421318771">
    <nd ref="4210973770" />
    <nd ref="4210973839" />
    <nd ref="4210973272" />
    <nd ref="4210973847" />
    <nd ref="4210973935" />
    <nd ref="4210973946" />
    <nd ref="4210973952" />
    <nd ref="4210973968" />
    <nd ref="4210973828" />
    <nd ref="4680455394" />
    <nd ref="4680455393" />
    <nd ref="4680455392" />
    <nd ref="4680455391" />
    <nd ref="4680455390" />
    <nd ref="4680455389" />
    <nd ref="4680455188" />
    <nd ref="4680455187" />
    <nd ref="4680455186" />
    <nd ref="4210971732" />
    <nd ref="4680455395" />
    <nd ref="4680455405" />
    <nd ref="4680455406" />
    <nd ref="4680455407" />
    <nd ref="4680455408" />
    <nd ref="4680455409" />
    <nd ref="4680455410" />
    <nd ref="4210973596" />
    <nd ref="4210973471" />
    <nd ref="4210973770" />
    <tag k="building" v="yes" />
  </way>
  <way id="421318773">
    <nd ref="4210972897" />
    <nd ref="4210972673" />
    <nd ref="4210972785" />
    <nd ref="4210972812" />
    <nd ref="4210972780" />
    <nd ref="4210972791" />
    <nd ref="4210972803" />
    <nd ref="4210972661" />
    <nd ref="4210972913" />
    <nd ref="4210972917" />
    <nd ref="4210972979" />
    <nd ref="4210972900" />
    <nd ref="4210972897" />
    <tag k="building" v="yes" />
  </way>
  <way id="421318775">
    <nd ref="4210974430" />
    <nd ref="4210974406" />
    <nd ref="4210974354" />
    <nd ref="4210974338" />
    <nd ref="4210974333" />
    <nd ref="4210974335" />
    <nd ref="4210974298" />
    <nd ref="4210974274" />
    <nd ref="4210974248" />
    <nd ref="4210974292" />
    <nd ref="4210974316" />
    <nd ref="4210974345" />
    <nd ref="4210974359" />
    <nd ref="4681688952" />
    <nd ref="4210974430" />
    <tag k="building" v="yes" />
  </way>
  <way id="421318777">
    <nd ref="4210972743" />
    <nd ref="4210972693" />
    <nd ref="4210971471" />
    <nd ref="4210971464" />
    <nd ref="4210972229" />
    <nd ref="4210972222" />
    <nd ref="4210972240" />
    <nd ref="4210972628" />
    <nd ref="4210971440" />
    <nd ref="4210972807" />
    <nd ref="4210972688" />
    <nd ref="4210972468" />
    <nd ref="9948640494" />
    <nd ref="4686945551" />
    <nd ref="4210973091" />
    <nd ref="4210972743" />
    <tag k="building" v="yes" />
  </way>
  <way id="421318778">
    <nd ref="4210974230" />
    <nd ref="4210974231" />
    <nd ref="4210974274" />
    <nd ref="4210974298" />
    <nd ref="4210974335" />
    <nd ref="4210974333" />
    <nd ref="4210974338" />
    <nd ref="4210974354" />
    <nd ref="4210974362" />
    <nd ref="4210974313" />
    <nd ref="4210974263" />
    <nd ref="4210974200" />
    <nd ref="4210974209" />
    <nd ref="4210974230" />
    <tag k="building" v="yes" />
  </way>
  <way id="421318779">
    <nd ref="4210974797" />
    <nd ref="4210974669" />
    <nd ref="4210974660" />
    <nd ref="4210974644" />
    <nd ref="4210974670" />
    <nd ref="4210974637" />
    <nd ref="4210974607" />
    <nd ref="4210974593" />
    <nd ref="4210974484" />
    <nd ref="4210974636" />
    <nd ref="4210974645" />
    <nd ref="4210974665" />
    <nd ref="4210974842" />
    <nd ref="4210974797" />
    <tag k="building" v="yes" />
  </way>
  <way id="421318783">
    <nd ref="4210974638" />
    <nd ref="4210974590" />
    <nd ref="4210974482" />
    <nd ref="4681674577" />
    <nd ref="4210974610" />
    <nd ref="4210974612" />
    <nd ref="4210974795" />
    <nd ref="4210974684" />
    <nd ref="4210974791" />
    <nd ref="4210974800" />
    <nd ref="4210974855" />
    <nd ref="4210974831" />
    <nd ref="4210974801" />
    <nd ref="4210974673" />
    <nd ref="4210974638" />
    <tag k="building" v="yes" />
  </way>
  <way id="421318784">
    <nd ref="4210975608" />
    <nd ref="4210975612" />
    <nd ref="4210975638" />
    <nd ref="4210975641" />
    <nd ref="4210975655" />
    <nd ref="4210975644" />
    <nd ref="4210975651" />
    <nd ref="4210975669" />
    <nd ref="4210975704" />
    <nd ref="4210975664" />
    <nd ref="4210975654" />
    <nd ref="4680420415" />
    <nd ref="4680420418" />
    <nd ref="4680420416" />
    <nd ref="4680420417" />
    <nd ref="4210975563" />
    <nd ref="4210975588" />
    <nd ref="4210975608" />
    <tag k="building" v="yes" />
  </way>
  <way id="421318786">
    <nd ref="4210972720" />
    <nd ref="4210972681" />
    <nd ref="4210972930" />
    <nd ref="4210972934" />
    <nd ref="4210972475" />
    <nd ref="4210973384" />
    <nd ref="11509018752" />
    <nd ref="4210972468" />
    <nd ref="4210972688" />
    <nd ref="4210972807" />
    <nd ref="4210971440" />
    <nd ref="2396360229" />
    <nd ref="4210972711" />
    <nd ref="4210972720" />
    <tag k="building" v="commercial" />
    <tag k="name" v="Galeria do Rock" />
  </way>
  <way id="421318788">
    <nd ref="4210971480" />
    <nd ref="4210972698" />
    <nd ref="4210972726" />
    <nd ref="4210972697" />
    <nd ref="4210972727" />
    <nd ref="4686945576" />
    <nd ref="4686945575" />
    <nd ref="4686945574" />
    <nd ref="4686945573" />
    <nd ref="4686945572" />
    <nd ref="4210972938" />
    <nd ref="4210972795" />
    <nd ref="4210972765" />
    <nd ref="4210972784" />
    <nd ref="4210972702" />
    <nd ref="4210971483" />
    <nd ref="4210971449" />
    <nd ref="4210971479" />
    <nd ref="4210971480" />
    <tag k="building" v="yes" />
  </way>
  <way id="421318789">
    <nd ref="4210974901" />
    <nd ref="4210974821" />
    <nd ref="4210974812" />
    <nd ref="4210974819" />
    <nd ref="4210974824" />
    <nd ref="4210974832" />
    <nd ref="4210974839" />
    <nd ref="4210974845" />
    <nd ref="4210974852" />
    <nd ref="4210974856" />
    <nd ref="4210974859" />
    <nd ref="4681674581" />
    <nd ref="4681674582" />
    <nd ref="4210974940" />
    <nd ref="4210974931" />
    <nd ref="4210974901" />
    <tag k="building" v="yes" />
  </way>
  <way id="421318791">
    <nd ref="4210973316" />
    <nd ref="4210973517" />
    <nd ref="4210971737" />
    <nd ref="4210973437" />
    <nd ref="4210973407" />
    <nd ref="4210971706" />
    <nd ref="4210973416" />
    <nd ref="4210973386" />
    <nd ref="4210973356" />
    <nd ref="4210973392" />
    <nd ref="4210973354" />
    <nd ref="4210973320" />
    <nd ref="4210973312" />
    <nd ref="4210973248" />
    <nd ref="4210973316" />
    <tag k="building" v="yes" />
  </way>
  <way id="421318792">
    <nd ref="4210973248" />
    <nd ref="4210973312" />
    <nd ref="4210973292" />
    <nd ref="4210973339" />
    <nd ref="4210973309" />
    <nd ref="4210972478" />
    <nd ref="4210972466" />
    <nd ref="4210973206" />
    <nd ref="4210973222" />
    <nd ref="4210973182" />
    <nd ref="4210973205" />
    <nd ref="4210973233" />
    <nd ref="4210973227" />
    <nd ref="4210973243" />
    <nd ref="4210973248" />
    <tag k="building" v="yes" />
  </way>
  <way id="421318794">
    <nd ref="4210973705" />
    <nd ref="4210973789" />
    <nd ref="4210973772" />
    <nd ref="4210973708" />
    <nd ref="4210973466" />
    <nd ref="4210973706" />
    <nd ref="4210973690" />
    <nd ref="4210973590" />
    <nd ref="4210973597" />
    <nd ref="4210973566" />
    <nd ref="4210973561" />
    <nd ref="4210973541" />
    <nd ref="4210973457" />
    <nd ref="4210973470" />
    <nd ref="4210973705" />
    <tag k="building" v="yes" />
  </way>
  <way id="421318795">
    <nd ref="4210975684" />
    <nd ref="4210975673" />
    <nd ref="4210975637" />
    <nd ref="4660442229" />
    <nd ref="3719548502" />
    <nd ref="4210975602" />
    <nd ref="4210975635" />
    <nd ref="4210975647" />
    <nd ref="4210975650" />
    <nd ref="4210975648" />
    <nd ref="4210975659" />
    <nd ref="4210975660" />
    <nd ref="4210975662" />
    <nd ref="4210975653" />
    <nd ref="4210975667" />
    <nd ref="4210975692" />
    <nd ref="4210975684" />
    <tag k="building" v="yes" />
  </way>
  <way id="421318796">
    <nd ref="4210975130" />
    <nd ref="4681674587" />
    <nd ref="4681674586" />
    <nd ref="4210975167" />
    <nd ref="4210975142" />
    <nd ref="4210975113" />
    <nd ref="4210975073" />
    <nd ref="4210975060" />
    <nd ref="4210975023" />
    <nd ref="4210975029" />
    <nd ref="4210975030" />
    <nd ref="4210975032" />
    <nd ref="4210975038" />
    <nd ref="4210975047" />
    <nd ref="4210975074" />
    <nd ref="4210975048" />
    <nd ref="4210975130" />
    <tag k="building" v="yes" />
  </way>
  <way id="421318797">
    <nd ref="4210974359" />
    <nd ref="4210974345" />
    <nd ref="4210974307" />
    <nd ref="4210974301" />
    <nd ref="4210974293" />
    <nd ref="4210974286" />
    <nd ref="4210974278" />
    <nd ref="4210974258" />
    <nd ref="4210974241" />
    <nd ref="4680455423" />
    <nd ref="4210974264" />
    <nd ref="4210974284" />
    <nd ref="4210974295" />
    <nd ref="4210974306" />
    <nd ref="4210974310" />
    <nd ref="4681688953" />
    <nd ref="4210974359" />
    <tag k="building" v="yes" />
  </way>
  <way id="421318798">
    <nd ref="4210973478" />
    <nd ref="4210973576" />
    <nd ref="4210973554" />
    <nd ref="4210973508" />
    <nd ref="4210971781" />
    <nd ref="4210973435" />
    <nd ref="4210973439" />
    <nd ref="4210973441" />
    <nd ref="4210973449" />
    <nd ref="4210971714" />
    <nd ref="4210971721" />
    <nd ref="4210971728" />
    <nd ref="4686945540" />
    <nd ref="4686945539" />
    <nd ref="4210971759" />
    <nd ref="4210973691" />
    <nd ref="4210973478" />
    <tag k="building" v="yes" />
  </way>
  <way id="421318800">
    <nd ref="4210971369" />
    <nd ref="4210971378" />
    <nd ref="4210970447" />
    <nd ref="4210970461" />
    <nd ref="4210970478" />
    <nd ref="4210971591" />
    <nd ref="4210970473" />
    <nd ref="4210971344" />
    <nd ref="4210971322" />
    <nd ref="4210971306" />
    <nd ref="4210971278" />
    <nd ref="4685441908" />
    <nd ref="4685441909" />
    <nd ref="4210971292" />
    <nd ref="4210971323" />
    <nd ref="4210971348" />
    <nd ref="4210971369" />
    <tag k="building" v="yes" />
  </way>
  <way id="421318801">
    <nd ref="4210971969" />
    <nd ref="4210972211" />
    <nd ref="4210972287" />
    <nd ref="4210972256" />
    <nd ref="4210972594" />
    <nd ref="4210972590" />
    <nd ref="4210972255" />
    <nd ref="4210972239" />
    <nd ref="4210972210" />
    <nd ref="4210971914" />
    <nd ref="4210971882" />
    <nd ref="4210971859" />
    <nd ref="4210971815" />
    <nd ref="4210971855" />
    <nd ref="4210971969" />
    <tag k="building" v="yes" />
  </way>
  <way id="421318802">
    <nd ref="4210972258" />
    <nd ref="4210972230" />
    <nd ref="4210972209" />
    <nd ref="4210971970" />
    <nd ref="4210971926" />
    <nd ref="4695485590" />
    <nd ref="4695485591" />
    <nd ref="4210971967" />
    <nd ref="4210971973" />
    <nd ref="4210972600" />
    <nd ref="4210972626" />
    <nd ref="4210971414" />
    <nd ref="4210972645" />
    <nd ref="4210972636" />
    <nd ref="4210972627" />
    <nd ref="4210972613" />
    <nd ref="4210972263" />
    <nd ref="4210972258" />
    <tag k="building" v="yes" />
  </way>
  <way id="421318804">
    <nd ref="4210975378" />
    <nd ref="4210975411" />
    <nd ref="4210975428" />
    <nd ref="4210975450" />
    <nd ref="4210975466" />
    <nd ref="4526413331" />
    <nd ref="4210975440" />
    <nd ref="4210975395" />
    <nd ref="4210975390" />
    <nd ref="4210975382" />
    <nd ref="4210975366" />
    <nd ref="4210975304" />
    <nd ref="4210975302" />
    <nd ref="4210975323" />
    <nd ref="4210975351" />
    <nd ref="4210975373" />
    <nd ref="4210975378" />
    <tag k="building" v="yes" />
  </way>
  <way id="421318805">
    <nd ref="4210971928" />
    <nd ref="4210971917" />
    <nd ref="4210971789" />
    <nd ref="4210968784" />
    <nd ref="4210968783" />
    <nd ref="4210968786" />
    <nd ref="4210971791" />
    <nd ref="4210971794" />
    <nd ref="4210971800" />
    <nd ref="4210971808" />
    <nd ref="4210971816" />
    <nd ref="4210971834" />
    <nd ref="4210971894" />
    <nd ref="4210971920" />
    <nd ref="4210971986" />
    <nd ref="4685475429" />
    <nd ref="4210971928" />
    <tag k="building" v="yes" />
  </way>
  <way id="421318806">
    <nd ref="4210973540" />
    <nd ref="4210973503" />
    <nd ref="4210971731" />
    <nd ref="4210973539" />
    <nd ref="4210973463" />
    <nd ref="4210973580" />
    <nd ref="4210973560" />
    <nd ref="4210973702" />
    <nd ref="4210973731" />
    <nd ref="4210973757" />
    <nd ref="4210973735" />
    <nd ref="4210973762" />
    <nd ref="4210973759" />
    <nd ref="4210973693" />
    <nd ref="4210973455" />
    <nd ref="4210973540" />
    <tag k="building" v="yes" />
  </way>
  <way id="421318808">
    <nd ref="4210975484" />
    <nd ref="4210975473" />
    <nd ref="4210975499" />
    <nd ref="4210975513" />
    <nd ref="4210975515" />
    <nd ref="4210975533" />
    <nd ref="4210975542" />
    <nd ref="4210975604" />
    <nd ref="4210975592" />
    <nd ref="4210975616" />
    <nd ref="4210975585" />
    <nd ref="4210975580" />
    <nd ref="4210975548" />
    <nd ref="4210975574" />
    <nd ref="4210975568" />
    <nd ref="4210975484" />
    <tag k="building" v="yes" />
  </way>
  <way id="421318809">
    <nd ref="4210975621" />
    <nd ref="4210975545" />
    <nd ref="4210975470" />
    <nd ref="4210975511" />
    <nd ref="4210975553" />
    <nd ref="4210975564" />
    <nd ref="4210975524" />
    <nd ref="4210975556" />
    <nd ref="4210975559" />
    <nd ref="4210975562" />
    <nd ref="4210975567" />
    <nd ref="4210975570" />
    <nd ref="4679217035" />
    <nd ref="4679217034" />
    <nd ref="4210975615" />
    <nd ref="4210975617" />
    <nd ref="4210975619" />
    <nd ref="4210975621" />
    <tag k="building" v="yes" />
  </way>
  <way id="421318810">
    <nd ref="4210974341" />
    <nd ref="4210974249" />
    <nd ref="4210974227" />
    <nd ref="4210974080" />
    <nd ref="4210974212" />
    <nd ref="4210974074" />
    <nd ref="4210974029" />
    <nd ref="4210974063" />
    <nd ref="4210974020" />
    <nd ref="4210973954" />
    <nd ref="4210973951" />
    <nd ref="4210974081" />
    <nd ref="4210974190" />
    <nd ref="4210974197" />
    <nd ref="4685687581" />
    <nd ref="4685687580" />
    <nd ref="4210974342" />
    <nd ref="4210974341" />
    <tag k="building" v="yes" />
  </way>
  <way id="421318811">
    <nd ref="4210974807" />
    <nd ref="4210974797" />
    <nd ref="4210974842" />
    <nd ref="4210974884" />
    <nd ref="4210974863" />
    <nd ref="4210974849" />
    <nd ref="4210974836" />
    <nd ref="4210974827" />
    <nd ref="4210974822" />
    <nd ref="4210974818" />
    <nd ref="4210974814" />
    <nd ref="4210974811" />
    <nd ref="4210974810" />
    <nd ref="4210974813" />
    <nd ref="4210974816" />
    <nd ref="4210974807" />
    <tag k="building" v="yes" />
  </way>
  <way id="421318812">
    <nd ref="4210972477" />
    <nd ref="4210972463" />
    <nd ref="4210973211" />
    <nd ref="4210973048" />
    <nd ref="4210973005" />
    <nd ref="4210972968" />
    <nd ref="4210972960" />
    <nd ref="4210973041" />
    <nd ref="4210973088" />
    <nd ref="4210973155" />
    <nd ref="4210973236" />
    <nd ref="4210973306" />
    <nd ref="4210972465" />
    <nd ref="4210973311" />
    <nd ref="4210972485" />
    <nd ref="4210972477" />
    <tag k="building" v="yes" />
  </way>
  <way id="421318813">
    <nd ref="4210975731" />
    <nd ref="4210975725" />
    <nd ref="4210975691" />
    <nd ref="4660442234" />
    <nd ref="4660442233" />
    <nd ref="4660442232" />
    <nd ref="4210975657" />
    <nd ref="4210975666" />
    <nd ref="4210975682" />
    <nd ref="4210975686" />
    <nd ref="4210975701" />
    <nd ref="4210975687" />
    <nd ref="4210975711" />
    <nd ref="4210975758" />
    <nd ref="4210975752" />
    <nd ref="4210975742" />
    <nd ref="4210975729" />
    <nd ref="4210975712" />
    <nd ref="4210975731" />
    <tag k="building" v="yes" />
  </way>
  <way id="421318814">
    <nd ref="4210973892" />
    <nd ref="4210973789" />
    <nd ref="4210973705" />
    <nd ref="4210973730" />
    <nd ref="4210973755" />
    <nd ref="4210973767" />
    <nd ref="4210973775" />
    <nd ref="4210973795" />
    <nd ref="4210973824" />
    <nd ref="4210973796" />
    <nd ref="4210973774" />
    <nd ref="4210973797" />
    <nd ref="4210973836" />
    <nd ref="4210973270" />
    <nd ref="4210973960" />
    <nd ref="4594153461" />
    <nd ref="4210973892" />
    <tag k="building" v="yes" />
  </way>
  <way id="421318816">
    <nd ref="4210975397" />
    <nd ref="4210975409" />
    <nd ref="4210975357" />
    <nd ref="4210975371" />
    <nd ref="4210975373" />
    <nd ref="4210975351" />
    <nd ref="4210975323" />
    <nd ref="4210975301" />
    <nd ref="4210975294" />
    <nd ref="4210975362" />
    <nd ref="4210975377" />
    <nd ref="4210975375" />
    <nd ref="4210975379" />
    <nd ref="4210975369" />
    <nd ref="4210975391" />
    <nd ref="4210975397" />
    <tag k="building" v="yes" />
  </way>
  <way id="421318817">
    <nd ref="4210975327" />
    <nd ref="4210975273" />
    <nd ref="4210975285" />
    <nd ref="4210975278" />
    <nd ref="4210975283" />
    <nd ref="4210975279" />
    <nd ref="4210975288" />
    <nd ref="4210975270" />
    <nd ref="4210975297" />
    <nd ref="4210975381" />
    <nd ref="4210975370" />
    <nd ref="4210975376" />
    <nd ref="4210975359" />
    <nd ref="4210975334" />
    <nd ref="4210975330" />
    <nd ref="4210975327" />
    <tag k="building" v="yes" />
  </way>
  <way id="421318818">
    <nd ref="4210971430" />
    <nd ref="4210971466" />
    <nd ref="4210971445" />
    <nd ref="4210971479" />
    <nd ref="4210971449" />
    <nd ref="4210972224" />
    <nd ref="4210972233" />
    <nd ref="4210972194" />
    <nd ref="4210971958" />
    <nd ref="4210971943" />
    <nd ref="4210971905" />
    <nd ref="4686945583" />
    <nd ref="4686945582" />
    <nd ref="4210971951" />
    <nd ref="4210972220" />
    <nd ref="4210972246" />
    <nd ref="4210972638" />
    <nd ref="4210971430" />
    <tag k="building" v="yes" />
  </way>
  <way id="421318819">
    <nd ref="4210971368" />
    <nd ref="4210971361" />
    <nd ref="4210971349" />
    <nd ref="4210971345" />
    <nd ref="4210971319" />
    <nd ref="4685441912" />
    <nd ref="4124207005" />
    <nd ref="4210971346" />
    <nd ref="4210971371" />
    <nd ref="4210971390" />
    <nd ref="4210970405" />
    <nd ref="4210970459" />
    <nd ref="4210970451" />
    <nd ref="4210970465" />
    <nd ref="4210970444" />
    <nd ref="4210970422" />
    <nd ref="4210971413" />
    <nd ref="4210971395" />
    <nd ref="4210971368" />
    <tag k="building" v="yes" />
  </way>
  <way id="421318820">
    <nd ref="4210975305" />
    <nd ref="4526413336" />
    <nd ref="4526413337" />
    <nd ref="4526413338" />
    <nd ref="4210975211" />
    <nd ref="4210975207" />
    <nd ref="4210975201" />
    <nd ref="4210975193" />
    <nd ref="4210975189" />
    <nd ref="4210975182" />
    <nd ref="4210975178" />
    <nd ref="4681674575" />
    <nd ref="4210975151" />
    <nd ref="4210975185" />
    <nd ref="4210975195" />
    <nd ref="4210975215" />
    <nd ref="4210975210" />
    <nd ref="4210975221" />
    <nd ref="4210975225" />
    <nd ref="4210975282" />
    <nd ref="4210975305" />
    <tag k="building" v="yes" />
    <tag k="name" v="Edifício Santa Leonor" />
  </way>
  <way id="421318821">
    <nd ref="4210975218" />
    <nd ref="4210975239" />
    <nd ref="4210975277" />
    <nd ref="4210975306" />
    <nd ref="4210975341" />
    <nd ref="4210975352" />
    <nd ref="4210975325" />
    <nd ref="4210975333" />
    <nd ref="4210975312" />
    <nd ref="4210975295" />
    <nd ref="4210975291" />
    <nd ref="4210975280" />
    <nd ref="4210975202" />
    <nd ref="4210975110" />
    <nd ref="4210975172" />
    <nd ref="4210975166" />
    <nd ref="4210975218" />
    <tag k="building" v="yes" />
  </way>
  <way id="421318822">
    <nd ref="4210971376" />
    <nd ref="4210971384" />
    <nd ref="4210971374" />
    <nd ref="4210971366" />
    <nd ref="4210971363" />
    <nd ref="4210971355" />
    <nd ref="4210971340" />
    <nd ref="4210971300" />
    <nd ref="4210971295" />
    <nd ref="4210971276" />
    <nd ref="4210971281" />
    <nd ref="4210971297" />
    <nd ref="4210971328" />
    <nd ref="4210970424" />
    <nd ref="4210970418" />
    <nd ref="4210971362" />
    <nd ref="4210971376" />
    <tag k="building" v="yes" />
  </way>
  <way id="421318826">
    <nd ref="4210974433" />
    <nd ref="4210974409" />
    <nd ref="4210974346" />
    <nd ref="4210973874" />
    <nd ref="4210974076" />
    <nd ref="4210974054" />
    <nd ref="4210974084" />
    <nd ref="4210974199" />
    <nd ref="4210974327" />
    <nd ref="4210974312" />
    <nd ref="4210974340" />
    <nd ref="4210974313" />
    <nd ref="4210974362" />
    <nd ref="4210974354" />
    <nd ref="4210974406" />
    <nd ref="4681688951" />
    <nd ref="4210974450" />
    <nd ref="4210974433" />
    <tag k="building" v="yes" />
  </way>
  <way id="421318827">
    <nd ref="4210974057" />
    <nd ref="4210974068" />
    <nd ref="4210974019" />
    <nd ref="4210974058" />
    <nd ref="4210974220" />
    <nd ref="4210974213" />
    <nd ref="4210974224" />
    <nd ref="4210974257" />
    <nd ref="4210974291" />
    <nd ref="4210974314" />
    <nd ref="4210974325" />
    <nd ref="4210973885" />
    <nd ref="4685688591" />
    <nd ref="4685688592" />
    <nd ref="4210974305" />
    <nd ref="4210973893" />
    <nd ref="4210973954" />
    <nd ref="4210974020" />
    <nd ref="4210974057" />
    <tag k="building" v="yes" />
  </way>
  <way id="421318828">
    <nd ref="4210974028" />
    <nd ref="4210973993" />
    <nd ref="4210974071" />
    <nd ref="4210974209" />
    <nd ref="4210974200" />
    <nd ref="4210974263" />
    <nd ref="4210974313" />
    <nd ref="4210974340" />
    <nd ref="4210974312" />
    <nd ref="4210974327" />
    <nd ref="4210974199" />
    <nd ref="4210974084" />
    <nd ref="4210974054" />
    <nd ref="4210974023" />
    <nd ref="4210974083" />
    <nd ref="4210974035" />
    <nd ref="4210974028" />
    <tag k="building" v="yes" />
    <tag k="name" v="Predio Jaraguá" />
  </way>
  <way id="421318830">
    <nd ref="4210972706" />
    <nd ref="4687061449" />
    <nd ref="4687061450" />
    <nd ref="4210972619" />
    <nd ref="4210972609" />
    <nd ref="4210972602" />
    <nd ref="4210972597" />
    <nd ref="4210972599" />
    <nd ref="4210972603" />
    <nd ref="4210972610" />
    <nd ref="4687106503" />
    <nd ref="4687106504" />
    <nd ref="4687106505" />
    <nd ref="4210971448" />
    <nd ref="4210972705" />
    <nd ref="4210971475" />
    <nd ref="4210971482" />
    <nd ref="4210971488" />
    <nd ref="4210972704" />
    <nd ref="4210972747" />
    <nd ref="4210972793" />
    <nd ref="4210972706" />
    <tag k="building" v="yes" />
  </way>
  <way id="421318831">
    <nd ref="4210974937" />
    <nd ref="4210974959" />
    <nd ref="4210974915" />
    <nd ref="4210974936" />
    <nd ref="4210974899" />
    <nd ref="4210974876" />
    <nd ref="4210974873" />
    <nd ref="4681674562" />
    <nd ref="4210974843" />
    <nd ref="4210974848" />
    <nd ref="4681674561" />
    <nd ref="4210974817" />
    <nd ref="4210974826" />
    <nd ref="4210974887" />
    <nd ref="4210974905" />
    <nd ref="4210974925" />
    <nd ref="4210974907" />
    <nd ref="4210974916" />
    <nd ref="4210974937" />
    <tag k="building" v="yes" />
  </way>
  <way id="421318833">
    <nd ref="4210972600" />
    <nd ref="4210971973" />
    <nd ref="4210972607" />
    <nd ref="4210972631" />
    <nd ref="4210972639" />
    <nd ref="4210972709" />
    <nd ref="4210972731" />
    <nd ref="4210972692" />
    <nd ref="4210972734" />
    <nd ref="4210972786" />
    <nd ref="4210971477" />
    <nd ref="4210971468" />
    <nd ref="4210971414" />
    <nd ref="4210972626" />
    <nd ref="4210972634" />
    <nd ref="4210972616" />
    <nd ref="4210972600" />
    <tag k="building" v="yes" />
  </way>
  <way id="421318835">
    <nd ref="4210971395" />
    <nd ref="4210971413" />
    <nd ref="4210971401" />
    <nd ref="4210970414" />
    <nd ref="4210970423" />
    <nd ref="4210970412" />
    <nd ref="4210970421" />
    <nd ref="4210970454" />
    <nd ref="4210970463" />
    <nd ref="4210970460" />
    <nd ref="4210970479" />
    <nd ref="4210970447" />
    <nd ref="4210971378" />
    <nd ref="4210971393" />
    <nd ref="4210971380" />
    <nd ref="4210971395" />
    <tag k="building" v="yes" />
  </way>
  <way id="421318837">
    <nd ref="4210975669" />
    <nd ref="4210975665" />
    <nd ref="4210975630" />
    <nd ref="4210975639" />
    <nd ref="4210975645" />
    <nd ref="4210975656" />
    <nd ref="4210975663" />
    <nd ref="4210975671" />
    <nd ref="4210975674" />
    <nd ref="4210975695" />
    <nd ref="4210975710" />
    <nd ref="4210975721" />
    <nd ref="4210975746" />
    <nd ref="4526413326" />
    <nd ref="4210975734" />
    <nd ref="4526413324" />
    <nd ref="4210975714" />
    <nd ref="4526413325" />
    <nd ref="4210975704" />
    <nd ref="4210975669" />
    <tag k="building" v="yes" />
  </way>
  <way id="421318838">
    <nd ref="4210971643" />
    <nd ref="4210971640" />
    <nd ref="4210971637" />
    <nd ref="4210971635" />
    <nd ref="4210971631" />
    <nd ref="4210971661" />
    <nd ref="4210971680" />
    <nd ref="4685441924" />
    <nd ref="4210968764" />
    <nd ref="4685441925" />
    <nd ref="4685441926" />
    <nd ref="4685441927" />
    <nd ref="4685441928" />
    <nd ref="4685441929" />
    <nd ref="4210971900" />
    <nd ref="4685441930" />
    <nd ref="4685441931" />
    <nd ref="4210971949" />
    <nd ref="4210971892" />
    <nd ref="4210971819" />
    <nd ref="4210971827" />
    <nd ref="4210971823" />
    <nd ref="4210971818" />
    <nd ref="4210971817" />
    <nd ref="4210971798" />
    <nd ref="4210971643" />
    <tag k="building" v="yes" />
  </way>
  <way id="421318839">
    <nd ref="4210971616" />
    <nd ref="4210971612" />
    <nd ref="4210971611" />
    <nd ref="4210971600" />
    <nd ref="4210971604" />
    <nd ref="4210970482" />
    <nd ref="4210970467" />
    <nd ref="4210970463" />
    <nd ref="4210970454" />
    <nd ref="4210970448" />
    <nd ref="4210970440" />
    <nd ref="4210970438" />
    <nd ref="4210970439" />
    <nd ref="4210970445" />
    <nd ref="4210970456" />
    <nd ref="4210970464" />
    <nd ref="4210971605" />
    <nd ref="4210971616" />
    <tag k="building" v="yes" />
  </way>
  <way id="421318840">
    <nd ref="4210972212" />
    <nd ref="4685441938" />
    <nd ref="4210972236" />
    <nd ref="4210972243" />
    <nd ref="4685441937" />
    <nd ref="4210972271" />
    <nd ref="4210972273" />
    <nd ref="4210972280" />
    <nd ref="4210972285" />
    <nd ref="4210972286" />
    <nd ref="4210972283" />
    <nd ref="4210972277" />
    <nd ref="4210972237" />
    <nd ref="4210972231" />
    <nd ref="4210971986" />
    <nd ref="4210971920" />
    <nd ref="4210971952" />
    <nd ref="4210971930" />
    <nd ref="4210971940" />
    <nd ref="4210972212" />
    <tag k="building" v="yes" />
  </way>
  <way id="421318841">
    <nd ref="4210971454" />
    <nd ref="4210972724" />
    <nd ref="4210971461" />
    <nd ref="4210971452" />
    <nd ref="4210971447" />
    <nd ref="4210971438" />
    <nd ref="4210971431" />
    <nd ref="4210971427" />
    <nd ref="4210971422" />
    <nd ref="4210971419" />
    <nd ref="4210971963" />
    <nd ref="4210972244" />
    <nd ref="4210972601" />
    <nd ref="4210972624" />
    <nd ref="4210971420" />
    <nd ref="4210972592" />
    <nd ref="4210972635" />
    <nd ref="4210971454" />
    <tag k="building" v="yes" />
  </way>
  <way id="421318842">
    <nd ref="4210973056" />
    <nd ref="4210973074" />
    <nd ref="4210973097" />
    <nd ref="4210973150" />
    <nd ref="4210973170" />
    <nd ref="4210973215" />
    <nd ref="4694044798" />
    <nd ref="4210973176" />
    <nd ref="4210972983" />
    <nd ref="4210973009" />
    <nd ref="4210972998" />
    <nd ref="4210972987" />
    <nd ref="4210972965" />
    <nd ref="4210972928" />
    <nd ref="4210972919" />
    <nd ref="4210972971" />
    <nd ref="4210973019" />
    <nd ref="4210973038" />
    <nd ref="4210973056" />
    <tag k="building" v="yes" />
  </way>
  <way id="421318843">
    <nd ref="4210971618" />
    <nd ref="4210971646" />
    <nd ref="4210971639" />
    <nd ref="4210971641" />
    <nd ref="4210971632" />
    <nd ref="4210971651" />
    <nd ref="4210971658" />
    <nd ref="4210971669" />
    <nd ref="4210971642" />
    <nd ref="4210971624" />
    <nd ref="4210971614" />
    <nd ref="4210971613" />
    <nd ref="4210971603" />
    <nd ref="4210971615" />
    <nd ref="4210970462" />
    <nd ref="4694044377" />
    <nd ref="4694044378" />
    <nd ref="4210970419" />
    <nd ref="4210970420" />
    <nd ref="4695484872" />
    <nd ref="6202562252" />
    <nd ref="4695484873" />
    <nd ref="4695484874" />
    <nd ref="4695484875" />
    <nd ref="4695484876" />
    <nd ref="4210971618" />
    <tag k="building" v="yes" />
  </way>
  <way id="421318844">
    <nd ref="4210975551" />
    <nd ref="4210975555" />
    <nd ref="4210975594" />
    <nd ref="4210975606" />
    <nd ref="4210975582" />
    <nd ref="4210975571" />
    <nd ref="4210975550" />
    <nd ref="4210975517" />
    <nd ref="4210975538" />
    <nd ref="4210975529" />
    <nd ref="4210975497" />
    <nd ref="4210975427" />
    <nd ref="4210975467" />
    <nd ref="4210975471" />
    <nd ref="4210975494" />
    <nd ref="4210975521" />
    <nd ref="4210975506" />
    <nd ref="4210975551" />
    <tag k="building" v="yes" />
  </way>
  <way id="421318846">
    <nd ref="4210974288" />
    <nd ref="4210974217" />
    <nd ref="4210974053" />
    <nd ref="4210974027" />
    <nd ref="4210974192" />
    <nd ref="4210974039" />
    <nd ref="4210974004" />
    <nd ref="4210973967" />
    <nd ref="4210973998" />
    <nd ref="4210973984" />
    <nd ref="4210973956" />
    <nd ref="4210973911" />
    <nd ref="4210973896" />
    <nd ref="4210973947" />
    <nd ref="4210973925" />
    <nd ref="4210973901" />
    <nd ref="4210973829" />
    <nd ref="4210974201" />
    <nd ref="4687061428" />
    <nd ref="4687061427" />
    <nd ref="4210974288" />
    <tag k="building" v="yes" />
  </way>
  <way id="421318847">
    <nd ref="4210973307" />
    <nd ref="4210972450" />
    <nd ref="4210973235" />
    <nd ref="4685688620" />
    <nd ref="4210973208" />
    <nd ref="4210973198" />
    <nd ref="4685688621" />
    <nd ref="4210973164" />
    <nd ref="4210973173" />
    <nd ref="4685688622" />
    <nd ref="4210973133" />
    <nd ref="4210973128" />
    <nd ref="4685688623" />
    <nd ref="4210973083" />
    <nd ref="4210973087" />
    <nd ref="4685688624" />
    <nd ref="4210973062" />
    <nd ref="4210973182" />
    <nd ref="4210973222" />
    <nd ref="4210973206" />
    <nd ref="4210972466" />
    <nd ref="4210972478" />
    <nd ref="4210973309" />
    <nd ref="4210973307" />
    <tag k="building" v="yes" />
  </way>
  <way id="421318848">
    <nd ref="4210975281" />
    <nd ref="4210975247" />
    <nd ref="4210975228" />
    <nd ref="4210975224" />
    <nd ref="4210975199" />
    <nd ref="4210975177" />
    <nd ref="4210975190" />
    <nd ref="4210975212" />
    <nd ref="4210975170" />
    <nd ref="4210975204" />
    <nd ref="4210975209" />
    <nd ref="4210975245" />
    <nd ref="4210975257" />
    <nd ref="4210975223" />
    <nd ref="4210975235" />
    <nd ref="4210975258" />
    <nd ref="4210975308" />
    <nd ref="4210975307" />
    <nd ref="4210975281" />
    <tag k="building" v="yes" />
  </way>
  <way id="421318849">
    <nd ref="4210974381" />
    <nd ref="4210974379" />
    <nd ref="4210974369" />
    <nd ref="4210974970" />
    <nd ref="4210974386" />
    <nd ref="4210974991" />
    <nd ref="4210974998" />
    <nd ref="4210975008" />
    <nd ref="4210975023" />
    <nd ref="4210975060" />
    <nd ref="4210975135" />
    <nd ref="4210975150" />
    <nd ref="4210975121" />
    <nd ref="4210975025" />
    <nd ref="4210975051" />
    <nd ref="4210975036" />
    <nd ref="4210975011" />
    <nd ref="4210975000" />
    <nd ref="4210974381" />
    <tag k="building" v="yes" />
  </way>
  <way id="421318850">
    <nd ref="4210972612" />
    <nd ref="4210972282" />
    <nd ref="4210972248" />
    <nd ref="4210972274" />
    <nd ref="4210972251" />
    <nd ref="4210972227" />
    <nd ref="4210971982" />
    <nd ref="4210972208" />
    <nd ref="4210972221" />
    <nd ref="4210972235" />
    <nd ref="4210972205" />
    <nd ref="4210972226" />
    <nd ref="4210971966" />
    <nd ref="4210971983" />
    <nd ref="4210972242" />
    <nd ref="4210972252" />
    <nd ref="4210971417" />
    <nd ref="4210972618" />
    <nd ref="4210972612" />
    <tag k="building" v="yes" />
  </way>
  <way id="421318856">
    <nd ref="4210973044" />
    <nd ref="4694044810" />
    <nd ref="4210973107" />
    <nd ref="4694044808" />
    <nd ref="4210973140" />
    <nd ref="4694044807" />
    <nd ref="4210973158" />
    <nd ref="4694044806" />
    <nd ref="4210973177" />
    <nd ref="4694044805" />
    <nd ref="4210973197" />
    <nd ref="4694044804" />
    <nd ref="4694044809" />
    <nd ref="4210973239" />
    <nd ref="4694044803" />
    <nd ref="4210972454" />
    <nd ref="4210972482" />
    <nd ref="4694044802" />
    <nd ref="4694044801" />
    <nd ref="4210972451" />
    <nd ref="4694044800" />
    <nd ref="4210973215" />
    <nd ref="4210973170" />
    <nd ref="4210973150" />
    <nd ref="4210973097" />
    <nd ref="4210973074" />
    <nd ref="4210973056" />
    <nd ref="4210973038" />
    <nd ref="4210973019" />
    <nd ref="4210972971" />
    <nd ref="4210973044" />
    <tag k="building" v="yes" />
  </way>
  <way id="421318857">
    <nd ref="4210973382" />
    <nd ref="4210973364" />
    <nd ref="4210973342" />
    <nd ref="4210973379" />
    <nd ref="4678304998" />
    <nd ref="4210973404" />
    <nd ref="4210973411" />
    <nd ref="4210973410" />
    <nd ref="4210973426" />
    <nd ref="4210973431" />
    <nd ref="4210973436" />
    <nd ref="4210971709" />
    <nd ref="4210971707" />
    <nd ref="4210971742" />
    <nd ref="4210971756" />
    <nd ref="4210971771" />
    <nd ref="4210971772" />
    <nd ref="4210971767" />
    <nd ref="4321097189" />
    <nd ref="4210973497" />
    <nd ref="4210971718" />
    <nd ref="4210973382" />
    <tag k="building" v="yes" />
  </way>
  <way id="421318858">
    <nd ref="4210968768" />
    <nd ref="4210968781" />
    <nd ref="4210968774" />
    <nd ref="4210971795" />
    <nd ref="4210971806" />
    <nd ref="4210971825" />
    <nd ref="4210971832" />
    <nd ref="4686945585" />
    <nd ref="4210971863" />
    <nd ref="4210971856" />
    <nd ref="4210971868" />
    <nd ref="4210971861" />
    <nd ref="4210971876" />
    <nd ref="4210971885" />
    <nd ref="4686945584" />
    <nd ref="4210971905" />
    <nd ref="4210971943" />
    <nd ref="4210972197" />
    <nd ref="4210971916" />
    <nd ref="4210971887" />
    <nd ref="4210971846" />
    <nd ref="4210968768" />
    <tag k="building" v="yes" />
  </way>
  <way id="421318861">
    <nd ref="4210972811" />
    <nd ref="4210972685" />
    <nd ref="4210972776" />
    <nd ref="4210972769" />
    <nd ref="4210972783" />
    <nd ref="4210972730" />
    <nd ref="4210972703" />
    <nd ref="4210971436" />
    <nd ref="4210971415" />
    <nd ref="4210972593" />
    <nd ref="4210972251" />
    <nd ref="4210972274" />
    <nd ref="4210972615" />
    <nd ref="4210972641" />
    <nd ref="4210972618" />
    <nd ref="4210971417" />
    <nd ref="4210971429" />
    <nd ref="4210971456" />
    <nd ref="4210972750" />
    <nd ref="4210972811" />
    <tag k="building" v="yes" />
  </way>
  <way id="421318862">
    <nd ref="4210975250" />
    <nd ref="4210975218" />
    <nd ref="4210975166" />
    <nd ref="4210975165" />
    <nd ref="4210975144" />
    <nd ref="4210975098" />
    <nd ref="4210975129" />
    <nd ref="4210975067" />
    <nd ref="4210975050" />
    <nd ref="4680420402" />
    <nd ref="4210974372" />
    <nd ref="4210974374" />
    <nd ref="4210974383" />
    <nd ref="4210975013" />
    <nd ref="4210975042" />
    <nd ref="4210975103" />
    <nd ref="4210975065" />
    <nd ref="4210975087" />
    <nd ref="4210975157" />
    <nd ref="4210975184" />
    <nd ref="4210975250" />
    <tag k="building" v="yes" />
  </way>
  <way id="421318865">
    <nd ref="4210975687" />
    <nd ref="4210975682" />
    <nd ref="4210975666" />
    <nd ref="4210975657" />
    <nd ref="4660442231" />
    <nd ref="4660442230" />
    <nd ref="4210975637" />
    <nd ref="4210975673" />
    <nd ref="4210975683" />
    <nd ref="4210975697" />
    <nd ref="4210975684" />
    <nd ref="4210975692" />
    <nd ref="4210975702" />
    <nd ref="4210975726" />
    <nd ref="4210975737" />
    <nd ref="4210975740" />
    <nd ref="4210975713" />
    <nd ref="4210975743" />
    <nd ref="4210974988" />
    <nd ref="4210975748" />
    <nd ref="4210975711" />
    <nd ref="4210975687" />
    <tag k="building" v="yes" />
  </way>
  <way id="421318866">
    <nd ref="4210973834" />
    <nd ref="4210973844" />
    <nd ref="4210973282" />
    <nd ref="4210973939" />
    <nd ref="4210973891" />
    <nd ref="4210973932" />
    <nd ref="4210973907" />
    <nd ref="4210973825" />
    <nd ref="4210973849" />
    <nd ref="4210973740" />
    <nd ref="4210973707" />
    <nd ref="4210973474" />
    <nd ref="4210973546" />
    <nd ref="4210973692" />
    <nd ref="4210973736" />
    <nd ref="4210973723" />
    <nd ref="4210973771" />
    <nd ref="4210973783" />
    <nd ref="4210973799" />
    <nd ref="4210973834" />
    <tag k="building" v="yes" />
  </way>
  <way id="421318867">
    <nd ref="4210975294" />
    <nd ref="4210975301" />
    <nd ref="4210975275" />
    <nd ref="4210975298" />
    <nd ref="4210975302" />
    <nd ref="4210975304" />
    <nd ref="4210975272" />
    <nd ref="4210975252" />
    <nd ref="4210975253" />
    <nd ref="4210975163" />
    <nd ref="4210975136" />
    <nd ref="4210975122" />
    <nd ref="4210975140" />
    <nd ref="4210975138" />
    <nd ref="4210975149" />
    <nd ref="4210975160" />
    <nd ref="4210975175" />
    <nd ref="4210975197" />
    <nd ref="4210975262" />
    <nd ref="4210975289" />
    <nd ref="4210975294" />
    <tag k="building" v="yes" />
  </way>
  <way id="421318869">
    <nd ref="4210972751" />
    <nd ref="4210972785" />
    <nd ref="4210972673" />
    <nd ref="4210972808" />
    <nd ref="4210972678" />
    <nd ref="4210972897" />
    <nd ref="4210972900" />
    <nd ref="4210972925" />
    <nd ref="4210972914" />
    <nd ref="4210972926" />
    <nd ref="4210972940" />
    <nd ref="4210973012" />
    <nd ref="4210972929" />
    <nd ref="4210972685" />
    <nd ref="4210972811" />
    <nd ref="4210972899" />
    <nd ref="4210972781" />
    <nd ref="4210972750" />
    <nd ref="4210971456" />
    <nd ref="4210972718" />
    <nd ref="4210972751" />
    <tag k="building" v="yes" />
  </way>
  <way id="421318870">
    <nd ref="4210973406" />
    <nd ref="4210973333" />
    <nd ref="4210973294" />
    <nd ref="4210973394" />
    <nd ref="4210973366" />
    <nd ref="4210972476" />
    <nd ref="4210973209" />
    <nd ref="9946488929" />
    <nd ref="4686945541" />
    <nd ref="9946488927" />
    <nd ref="4210973435" />
    <nd ref="4210971781" />
    <nd ref="4210973400" />
    <nd ref="4210973427" />
    <nd ref="4210973508" />
    <nd ref="4210973554" />
    <nd ref="4210973601" />
    <nd ref="4210973483" />
    <nd ref="4210973692" />
    <nd ref="4210973546" />
    <nd ref="4210973539" />
    <nd ref="4210971731" />
    <nd ref="4210971712" />
    <nd ref="4210973406" />
    <tag k="building" v="yes" />
  </way>
  <way id="421318871">
    <nd ref="4210975151" />
    <nd ref="4681674574" />
    <nd ref="4210975126" />
    <nd ref="4210975120" />
    <nd ref="4681674573" />
    <nd ref="4210975068" />
    <nd ref="4210975080" />
    <nd ref="4681674572" />
    <nd ref="4210975033" />
    <nd ref="4210975061" />
    <nd ref="4210975083" />
    <nd ref="4210975105" />
    <nd ref="4210975141" />
    <nd ref="4210975153" />
    <nd ref="4210975146" />
    <nd ref="4210975191" />
    <nd ref="4210975192" />
    <nd ref="4210975236" />
    <nd ref="4210975187" />
    <nd ref="4210975181" />
    <nd ref="4210975168" />
    <nd ref="4210975200" />
    <nd ref="4210975185" />
    <nd ref="4210975151" />
    <tag k="building" v="yes" />
  </way>
  <way id="421318872">
    <nd ref="4210973437" />
    <nd ref="4210971737" />
    <nd ref="4210971765" />
    <nd ref="4210973368" />
    <nd ref="4210973360" />
    <nd ref="4210973355" />
    <nd ref="4210973350" />
    <nd ref="4210973346" />
    <nd ref="4210972450" />
    <nd ref="4210973307" />
    <nd ref="4210973334" />
    <nd ref="4210973323" />
    <nd ref="4210973326" />
    <nd ref="4210973328" />
    <nd ref="4210973327" />
    <nd ref="4210973325" />
    <nd ref="4210973321" />
    <nd ref="4210973353" />
    <nd ref="4210973385" />
    <nd ref="4210973367" />
    <nd ref="4210973437" />
    <tag k="building" v="yes" />
  </way>
  <way id="421318873">
    <nd ref="4210975621" />
    <nd ref="4679217032" />
    <nd ref="4679217031" />
    <nd ref="4679217030" />
    <nd ref="4679217029" />
    <nd ref="4679217033" />
    <nd ref="4210975708" />
    <nd ref="4210975706" />
    <nd ref="4210975698" />
    <nd ref="4210975676" />
    <nd ref="4210975679" />
    <nd ref="4210975677" />
    <nd ref="4210975672" />
    <nd ref="4210975668" />
    <nd ref="4210975658" />
    <nd ref="4210975605" />
    <nd ref="4210975634" />
    <nd ref="4210975632" />
    <nd ref="4210975636" />
    <nd ref="4210975611" />
    <nd ref="4210975600" />
    <nd ref="4210975609" />
    <nd ref="4210975569" />
    <nd ref="4210975519" />
    <nd ref="4210975545" />
    <nd ref="4210975621" />
    <tag k="building" v="yes" />
  </way>
  <way id="421318874">
    <nd ref="4210974371" />
    <nd ref="4210974954" />
    <nd ref="4210974951" />
    <nd ref="4210974938" />
    <nd ref="4210974948" />
    <nd ref="4210974934" />
    <nd ref="4210974922" />
    <nd ref="4210974928" />
    <nd ref="4210974912" />
    <nd ref="4210974910" />
    <nd ref="4210974898" />
    <nd ref="4210974879" />
    <nd ref="4210974889" />
    <nd ref="4210974877" />
    <nd ref="4210974867" />
    <nd ref="4210974847" />
    <nd ref="4210974840" />
    <nd ref="4210974881" />
    <nd ref="4210974863" />
    <nd ref="4210974884" />
    <nd ref="4210974371" />
    <tag k="building" v="yes" />
  </way>
  <way id="421318875">
    <nd ref="4210975670" />
    <nd ref="4210975661" />
    <nd ref="4210975640" />
    <nd ref="4210975633" />
    <nd ref="4210975558" />
    <nd ref="4660442227" />
    <nd ref="4660442226" />
    <nd ref="4210975493" />
    <nd ref="4210975498" />
    <nd ref="4210975526" />
    <nd ref="4210975565" />
    <nd ref="4210975581" />
    <nd ref="4210975543" />
    <nd ref="4210975577" />
    <nd ref="4210975603" />
    <nd ref="4210975622" />
    <nd ref="4210975595" />
    <nd ref="4210975613" />
    <nd ref="4210975642" />
    <nd ref="4210975646" />
    <nd ref="4210975627" />
    <nd ref="4210975631" />
    <nd ref="4210975643" />
    <nd ref="4210975670" />
    <tag k="building" v="yes" />
  </way>
  <way id="421318876">
    <nd ref="4210975352" />
    <nd ref="4210975341" />
    <nd ref="4210975365" />
    <nd ref="4210975367" />
    <nd ref="4210975359" />
    <nd ref="4210975376" />
    <nd ref="4210975370" />
    <nd ref="4210975381" />
    <nd ref="4210975297" />
    <nd ref="4210975270" />
    <nd ref="4210975288" />
    <nd ref="4210975279" />
    <nd ref="4210975263" />
    <nd ref="4210975265" />
    <nd ref="4210975226" />
    <nd ref="4210975217" />
    <nd ref="4210975184" />
    <nd ref="4210975157" />
    <nd ref="4210975246" />
    <nd ref="4679217046" />
    <nd ref="4679217045" />
    <nd ref="4679217044" />
    <nd ref="4679217047" />
    <nd ref="4679217043" />
    <nd ref="4679217042" />
    <nd ref="4679217041" />
    <nd ref="4679217040" />
    <nd ref="4679217039" />
    <nd ref="4210975433" />
    <nd ref="4210975393" />
    <nd ref="4210975361" />
    <nd ref="4210975352" />
    <tag k="building" v="yes" />
  </way>
  <way id="421318877">
    <nd ref="4210971945" />
    <nd ref="4210971963" />
    <nd ref="4210971419" />
    <nd ref="4210971422" />
    <nd ref="4210971427" />
    <nd ref="4210971431" />
    <nd ref="4210971438" />
    <nd ref="4210971447" />
    <nd ref="4210971452" />
    <nd ref="4210971461" />
    <nd ref="4210972724" />
    <nd ref="4210972737" />
    <nd ref="12250686898" />
    <nd ref="4210971472" />
    <nd ref="4210971469" />
    <nd ref="4210971460" />
    <nd ref="4210971450" />
    <nd ref="4210971439" />
    <nd ref="4210971432" />
    <nd ref="4210971425" />
    <nd ref="4210971418" />
    <nd ref="4210972648" />
    <nd ref="4210972637" />
    <nd ref="4686945792" />
    <nd ref="12250686896" />
    <nd ref="4686945793" />
    <nd ref="4210971945" />
    <tag k="building" v="yes" />
  </way>
  <way id="421318879">
    <nd ref="4210975116" />
    <nd ref="4210975109" />
    <nd ref="4210975100" />
    <nd ref="4210975091" />
    <nd ref="4210975063" />
    <nd ref="4210975083" />
    <nd ref="4210975061" />
    <nd ref="4210974993" />
    <nd ref="4210975009" />
    <nd ref="4210975014" />
    <nd ref="4210975024" />
    <nd ref="4210975017" />
    <nd ref="4210975027" />
    <nd ref="4210975021" />
    <nd ref="4210975058" />
    <nd ref="4210975094" />
    <nd ref="4210975112" />
    <nd ref="4210975064" />
    <nd ref="4210975127" />
    <nd ref="4210975152" />
    <nd ref="4210975161" />
    <nd ref="4210975164" />
    <nd ref="4210975116" />
    <tag k="building" v="yes" />
  </way>
  <way id="421318881">
    <nd ref="11059733688" />
    <nd ref="4686945805" />
    <nd ref="11059733689" />
    <nd ref="4686945807" />
    <nd ref="4686945808" />
    <nd ref="4210970442" />
    <nd ref="4210970437" />
    <nd ref="4210970434" />
    <nd ref="4210970432" />
    <nd ref="4210970430" />
    <nd ref="4210970428" />
    <nd ref="4210970426" />
    <nd ref="4210970427" />
    <nd ref="4210970429" />
    <nd ref="4210970431" />
    <nd ref="4210970433" />
    <nd ref="4210970436" />
    <nd ref="4210970441" />
    <nd ref="4210970443" />
    <nd ref="4686945791" />
    <nd ref="4686945790" />
    <nd ref="11059733690" />
    <nd ref="4686945789" />
    <nd ref="4686945588" />
    <nd ref="11059733691" />
    <nd ref="11059733692" />
    <nd ref="11059733693" />
    <nd ref="11059733694" />
    <nd ref="11059733695" />
    <nd ref="11059733696" />
    <nd ref="11059733697" />
    <nd ref="11059733688" />
    <tag k="building" v="yes" />
  </way>
  <way id="421318882">
    <nd ref="4210975389" />
    <nd ref="4210975383" />
    <nd ref="4210975342" />
    <nd ref="4210975361" />
    <nd ref="4210975372" />
    <nd ref="4210975384" />
    <nd ref="4210975388" />
    <nd ref="4210975398" />
    <nd ref="4210975394" />
    <nd ref="4210975401" />
    <nd ref="4210975404" />
    <nd ref="4210975412" />
    <nd ref="4210975393" />
    <nd ref="4210975433" />
    <nd ref="4210975436" />
    <nd ref="4679217038" />
    <nd ref="4210975443" />
    <nd ref="4210975447" />
    <nd ref="4210975457" />
    <nd ref="4210975463" />
    <nd ref="4679217037" />
    <nd ref="4210975476" />
    <nd ref="4210975432" />
    <nd ref="4210975402" />
    <nd ref="4210975389" />
    <tag k="building" v="yes" />
  </way>
  <way id="421318883">
    <nd ref="4210975557" />
    <nd ref="4526413328" />
    <nd ref="4210975539" />
    <nd ref="4210975540" />
    <nd ref="4210975537" />
    <nd ref="4210975535" />
    <nd ref="4210975534" />
    <nd ref="4210975527" />
    <nd ref="4210975525" />
    <nd ref="4210975520" />
    <nd ref="4210975516" />
    <nd ref="4526413329" />
    <nd ref="4210975507" />
    <nd ref="4210975508" />
    <nd ref="4210975505" />
    <nd ref="4210975503" />
    <nd ref="4210975501" />
    <nd ref="4210975496" />
    <nd ref="4210975492" />
    <nd ref="4526413330" />
    <nd ref="4210975489" />
    <nd ref="4210975483" />
    <nd ref="4210975466" />
    <nd ref="4210975450" />
    <nd ref="4210975536" />
    <nd ref="4210975557" />
    <tag k="building" v="yes" />
    <tag k="name" v="Edifício Sete de Abril" />
  </way>
  <way id="421318885">
    <nd ref="4210973048" />
    <nd ref="4210973211" />
    <nd ref="4210973179" />
    <nd ref="4210973245" />
    <nd ref="4210973247" />
    <nd ref="4210972459" />
    <nd ref="4210973190" />
    <nd ref="4210973146" />
    <nd ref="4210973134" />
    <nd ref="4210973148" />
    <nd ref="4210973151" />
    <nd ref="4210973147" />
    <nd ref="4210973143" />
    <nd ref="4210973137" />
    <nd ref="4210973130" />
    <nd ref="4210973127" />
    <nd ref="4210973114" />
    <nd ref="4210973103" />
    <nd ref="4210973079" />
    <nd ref="4210973021" />
    <nd ref="4210973132" />
    <nd ref="4210973129" />
    <nd ref="4210973020" />
    <nd ref="4210973048" />
    <tag k="building" v="yes" />
  </way>
  <way id="421318886">
    <nd ref="4210971829" />
    <nd ref="4210968787" />
    <nd ref="4210971804" />
    <nd ref="4210971807" />
    <nd ref="4210971813" />
    <nd ref="4210968761" />
    <nd ref="4210968759" />
    <nd ref="4210971699" />
    <nd ref="4210971684" />
    <nd ref="4210971645" />
    <nd ref="4695484878" />
    <nd ref="4695484879" />
    <nd ref="4210971664" />
    <nd ref="4210971687" />
    <nd ref="4210971674" />
    <nd ref="4210971693" />
    <nd ref="4210968756" />
    <nd ref="4210971815" />
    <nd ref="4210971859" />
    <nd ref="4210971844" />
    <nd ref="4210971865" />
    <nd ref="4210971882" />
    <nd ref="4210971914" />
    <nd ref="4210971872" />
    <nd ref="4210971837" />
    <nd ref="4210971829" />
    <tag k="building" v="yes" />
  </way>
  <way id="421318887">
    <nd ref="4210974235" />
    <nd ref="4210974232" />
    <nd ref="4210973960" />
    <nd ref="4210973270" />
    <nd ref="4210973899" />
    <nd ref="4210973894" />
    <nd ref="4210973914" />
    <nd ref="4210973924" />
    <nd ref="4210973950" />
    <nd ref="4210973287" />
    <nd ref="4210973284" />
    <nd ref="4210973852" />
    <nd ref="4210973264" />
    <nd ref="4210973838" />
    <nd ref="4210973913" />
    <nd ref="4210973928" />
    <nd ref="4210973933" />
    <nd ref="4210973963" />
    <nd ref="4210973958" />
    <nd ref="4210974010" />
    <nd ref="4210974017" />
    <nd ref="4210974060" />
    <nd ref="4210974055" />
    <nd ref="4210974235" />
    <tag k="building" v="yes" />
  </way>
  <way id="421318888">
    <nd ref="4210971368" />
    <nd ref="4210971395" />
    <nd ref="4210971380" />
    <nd ref="4210971369" />
    <nd ref="4210971348" />
    <nd ref="4210971353" />
    <nd ref="4210971351" />
    <nd ref="4210971352" />
    <nd ref="4210971337" />
    <nd ref="4210971339" />
    <nd ref="4210971331" />
    <nd ref="4210971323" />
    <nd ref="4210971292" />
    <nd ref="4685441910" />
    <nd ref="4685441911" />
    <nd ref="4210971319" />
    <nd ref="4210971345" />
    <nd ref="4210971334" />
    <nd ref="4210971342" />
    <nd ref="4210971349" />
    <nd ref="4210971361" />
    <nd ref="4210971357" />
    <nd ref="4210971359" />
    <nd ref="4210971358" />
    <nd ref="4210971360" />
    <nd ref="4210971368" />
    <tag k="building" v="yes" />
  </way>
  <way id="421318889">
    <nd ref="4210973285" />
    <nd ref="4210973923" />
    <nd ref="4210973989" />
    <nd ref="4210974196" />
    <nd ref="4210974228" />
    <nd ref="4210974218" />
    <nd ref="4210974237" />
    <nd ref="4210974079" />
    <nd ref="4210974062" />
    <nd ref="4210974014" />
    <nd ref="4210974000" />
    <nd ref="4210973974" />
    <nd ref="4210973965" />
    <nd ref="4210973944" />
    <nd ref="4210973269" />
    <nd ref="4210973268" />
    <nd ref="4210973831" />
    <nd ref="4210973827" />
    <nd ref="4210973776" />
    <nd ref="4210973810" />
    <nd ref="4210973793" />
    <nd ref="4210973814" />
    <nd ref="4210973848" />
    <nd ref="4210973285" />
    <tag k="building" v="yes" />
  </way>
  <way id="421318890">
    <nd ref="4210974918" />
    <nd ref="4210974932" />
    <nd ref="4210974913" />
    <nd ref="4210974945" />
    <nd ref="4210974947" />
    <nd ref="4210974911" />
    <nd ref="4210974908" />
    <nd ref="4210974885" />
    <nd ref="4210974663" />
    <nd ref="4210974605" />
    <nd ref="4210974597" />
    <nd ref="4210974686" />
    <nd ref="4210974649" />
    <nd ref="4210974648" />
    <nd ref="4210974794" />
    <nd ref="4210974796" />
    <nd ref="4210974829" />
    <nd ref="4210974879" />
    <nd ref="4210974898" />
    <nd ref="4210974900" />
    <nd ref="4210974888" />
    <nd ref="4210974893" />
    <nd ref="4210974906" />
    <nd ref="4210974918" />
    <tag k="building" v="yes" />
  </way>
  <way id="421318891">
    <nd ref="4210975258" />
    <nd ref="4210975235" />
    <nd ref="4210975216" />
    <nd ref="4210975205" />
    <nd ref="4210975180" />
    <nd ref="4210975183" />
    <nd ref="4210975204" />
    <nd ref="4210975170" />
    <nd ref="4210975169" />
    <nd ref="4210975107" />
    <nd ref="4210975117" />
    <nd ref="4210975073" />
    <nd ref="4210975113" />
    <nd ref="4210975133" />
    <nd ref="4210975145" />
    <nd ref="4210975162" />
    <nd ref="4210975159" />
    <nd ref="4210975142" />
    <nd ref="4210975167" />
    <nd ref="4681674589" />
    <nd ref="4210975196" />
    <nd ref="4210975203" />
    <nd ref="4681674590" />
    <nd ref="4210975251" />
    <nd ref="4210975243" />
    <nd ref="4681674591" />
    <nd ref="4210975267" />
    <nd ref="4210975258" />
    <tag k="building" v="yes" />
  </way>
  <way id="421318892">
    <nd ref="4210974260" />
    <nd ref="4210974308" />
    <nd ref="4210974303" />
    <nd ref="4210974317" />
    <nd ref="4210974290" />
    <nd ref="4210974280" />
    <nd ref="4210974269" />
    <nd ref="4210974273" />
    <nd ref="4210974252" />
    <nd ref="4210974246" />
    <nd ref="4210974234" />
    <nd ref="4210974245" />
    <nd ref="4210974239" />
    <nd ref="4210974065" />
    <nd ref="4210974069" />
    <nd ref="4210974077" />
    <nd ref="4210974191" />
    <nd ref="4210974082" />
    <nd ref="4210974204" />
    <nd ref="4210974208" />
    <nd ref="4210974223" />
    <nd ref="4210974216" />
    <nd ref="4210974243" />
    <nd ref="4210974253" />
    <nd ref="4210974260" />
    <tag k="building" v="yes" />
  </way>
  <way id="421318893">
    <nd ref="4210973470" />
    <nd ref="4210973457" />
    <nd ref="4210971735" />
    <nd ref="4210971784" />
    <nd ref="4210973489" />
    <nd ref="4210973500" />
    <nd ref="4210973519" />
    <nd ref="4210973525" />
    <nd ref="4210973721" />
    <nd ref="4210973726" />
    <nd ref="4210973734" />
    <nd ref="4210973744" />
    <nd ref="4210973746" />
    <nd ref="4210973787" />
    <nd ref="4210973804" />
    <nd ref="4210973277" />
    <nd ref="4210973279" />
    <nd ref="4210973919" />
    <nd ref="4210973902" />
    <nd ref="4210973921" />
    <nd ref="4210973913" />
    <nd ref="4210973838" />
    <nd ref="4210973835" />
    <nd ref="4210973749" />
    <nd ref="4210973470" />
    <tag k="building" v="yes" />
  </way>
  <way id="421318894">
    <nd ref="4210971787" />
    <nd ref="4210973541" />
    <nd ref="4210973561" />
    <nd ref="4210973566" />
    <nd ref="4210973597" />
    <nd ref="4210973590" />
    <nd ref="4210973690" />
    <nd ref="4210973706" />
    <nd ref="4210973722" />
    <nd ref="4210973710" />
    <nd ref="4210973743" />
    <nd ref="4210973750" />
    <nd ref="4210973772" />
    <nd ref="4210973789" />
    <nd ref="4210973892" />
    <nd ref="4210973727" />
    <nd ref="4210973465" />
    <nd ref="4210973456" />
    <nd ref="4210973567" />
    <nd ref="4210973575" />
    <nd ref="4210973536" />
    <nd ref="4210973528" />
    <nd ref="4210973498" />
    <nd ref="4210973505" />
    <nd ref="4210971787" />
    <tag k="building" v="yes" />
  </way>
  <way id="421318895">
    <nd ref="4210971354" />
    <nd ref="4210971383" />
    <nd ref="4210971388" />
    <nd ref="4210971397" />
    <nd ref="4210971394" />
    <nd ref="4210971396" />
    <nd ref="4210971399" />
    <nd ref="4210971400" />
    <nd ref="4210971406" />
    <nd ref="4210971411" />
    <nd ref="4210970408" />
    <nd ref="4210970411" />
    <nd ref="4210970455" />
    <nd ref="4685475440" />
    <nd ref="4210971408" />
    <nd ref="4210971402" />
    <nd ref="4210971398" />
    <nd ref="4210971389" />
    <nd ref="4210971385" />
    <nd ref="4210971381" />
    <nd ref="4210971379" />
    <nd ref="4210971375" />
    <nd ref="4210971372" />
    <nd ref="4210971370" />
    <nd ref="4210971367" />
    <nd ref="4210971365" />
    <nd ref="4685475419" />
    <nd ref="4210971354" />
    <tag k="building" v="yes" />
    <tag k="name" v="Edifício David Constantino Cury" />
  </way>
  <way id="421318897">
    <nd ref="4210971785" />
    <nd ref="4685688612" />
    <nd ref="4210971746" />
    <nd ref="4210971754" />
    <nd ref="4685688613" />
    <nd ref="4210971724" />
    <nd ref="4210971715" />
    <nd ref="4685688614" />
    <nd ref="4210973428" />
    <nd ref="4210973438" />
    <nd ref="4685688615" />
    <nd ref="4210973412" />
    <nd ref="4210973402" />
    <nd ref="4210973383" />
    <nd ref="4210973374" />
    <nd ref="4210973363" />
    <nd ref="4210973352" />
    <nd ref="4210973345" />
    <nd ref="4210973341" />
    <nd ref="4210973338" />
    <nd ref="4210973330" />
    <nd ref="4685688616" />
    <nd ref="4685688617" />
    <nd ref="4685688618" />
    <nd ref="4685688619" />
    <nd ref="4210973235" />
    <nd ref="4210972450" />
    <nd ref="4210973346" />
    <nd ref="4210973350" />
    <nd ref="4210973355" />
    <nd ref="4210973360" />
    <nd ref="4210973368" />
    <nd ref="4210971765" />
    <nd ref="4210971785" />
    <tag k="building" v="yes" />
  </way>
  <way id="421318900">
    <nd ref="4210975087" />
    <nd ref="4210975065" />
    <nd ref="4210975049" />
    <nd ref="4210975043" />
    <nd ref="4210975020" />
    <nd ref="4210974958" />
    <nd ref="4210974895" />
    <nd ref="4210974965" />
    <nd ref="4210974960" />
    <nd ref="4210974966" />
    <nd ref="4210974989" />
    <nd ref="4210974999" />
    <nd ref="4210975004" />
    <nd ref="4210975104" />
    <nd ref="4210975131" />
    <nd ref="4210975137" />
    <nd ref="4210975174" />
    <nd ref="4210975171" />
    <nd ref="4210975179" />
    <nd ref="4210975173" />
    <nd ref="4210975176" />
    <nd ref="4210975155" />
    <nd ref="4210975148" />
    <nd ref="4210975069" />
    <nd ref="4210975097" />
    <nd ref="4210975059" />
    <nd ref="4210975087" />
    <tag k="building" v="yes" />
  </way>
  <way id="421318902">
    <nd ref="4210975086" />
    <nd ref="4210975099" />
    <nd ref="4210975056" />
    <nd ref="4210975046" />
    <nd ref="4210975028" />
    <nd ref="4210975041" />
    <nd ref="4210974998" />
    <nd ref="4210974991" />
    <nd ref="4210974386" />
    <nd ref="4210974384" />
    <nd ref="4210975002" />
    <nd ref="4210974972" />
    <nd ref="4210974961" />
    <nd ref="4210974953" />
    <nd ref="4210974917" />
    <nd ref="4210974903" />
    <nd ref="4210974924" />
    <nd ref="4210974939" />
    <nd ref="4210974935" />
    <nd ref="4210974942" />
    <nd ref="4210974952" />
    <nd ref="4210974964" />
    <nd ref="4210974364" />
    <nd ref="4210974968" />
    <nd ref="4210974367" />
    <nd ref="4210974368" />
    <nd ref="4210974377" />
    <nd ref="4681674585" />
    <nd ref="4210975086" />
    <tag k="building" v="yes" />
  </way>
  <way id="421318904">
    <nd ref="4210974277" />
    <nd ref="4210973931" />
    <nd ref="4210974036" />
    <nd ref="4210974260" />
    <nd ref="4210974253" />
    <nd ref="4210974243" />
    <nd ref="4210974216" />
    <nd ref="4210974223" />
    <nd ref="4210974208" />
    <nd ref="4210974204" />
    <nd ref="4210974082" />
    <nd ref="4210974191" />
    <nd ref="4210974077" />
    <nd ref="4210974069" />
    <nd ref="4210974065" />
    <nd ref="4210974239" />
    <nd ref="4210974245" />
    <nd ref="4210974234" />
    <nd ref="4210974246" />
    <nd ref="4210974252" />
    <nd ref="4210974273" />
    <nd ref="4210974269" />
    <nd ref="4210974280" />
    <nd ref="4210974290" />
    <nd ref="4210974317" />
    <nd ref="4210974303" />
    <nd ref="4210974308" />
    <nd ref="4210974410" />
    <nd ref="4687061425" />
    <nd ref="4687061424" />
    <nd ref="4210974277" />
    <tag k="building" v="yes" />
  </way>
  <way id="421318905">
    <nd ref="4210971483" />
    <nd ref="4210972765" />
    <nd ref="4210972795" />
    <nd ref="4210972916" />
    <nd ref="4210972905" />
    <nd ref="4210972936" />
    <nd ref="4210972935" />
    <nd ref="4210972977" />
    <nd ref="4210972975" />
    <nd ref="4210972994" />
    <nd ref="4210972996" />
    <nd ref="4210973051" />
    <nd ref="4210973043" />
    <nd ref="4210973013" />
    <nd ref="4210972990" />
    <nd ref="4210972970" />
    <nd ref="4210972912" />
    <nd ref="4210972906" />
    <nd ref="4210972910" />
    <nd ref="4210972663" />
    <nd ref="4210972660" />
    <nd ref="4210972782" />
    <nd ref="4210972777" />
    <nd ref="4210972739" />
    <nd ref="4210972720" />
    <nd ref="4210972711" />
    <nd ref="4210971883" />
    <nd ref="4210971916" />
    <nd ref="4210972197" />
    <nd ref="4210972224" />
    <nd ref="4210971449" />
    <nd ref="4210971483" />
    <tag k="building" v="yes" />
  </way>
  <way id="421318906">
    <nd ref="4210974820" />
    <nd ref="4210974840" />
    <nd ref="4210974847" />
    <nd ref="4210974796" />
    <nd ref="4210974794" />
    <nd ref="4210974648" />
    <nd ref="4210974649" />
    <nd ref="4210974451" />
    <nd ref="4210974391" />
    <nd ref="4210974419" />
    <nd ref="4210973887" />
    <nd ref="4210974454" />
    <nd ref="4210974457" />
    <nd ref="4210974461" />
    <nd ref="4210974601" />
    <nd ref="4210974460" />
    <nd ref="4210974421" />
    <nd ref="4210974429" />
    <nd ref="4210974411" />
    <nd ref="4210973881" />
    <nd ref="4210974330" />
    <nd ref="4210973886" />
    <nd ref="4210974456" />
    <nd ref="4210974593" />
    <nd ref="4210974607" />
    <nd ref="4210974644" />
    <nd ref="4210974660" />
    <nd ref="4210974594" />
    <nd ref="4210974627" />
    <nd ref="4210974793" />
    <nd ref="4210974806" />
    <nd ref="4210974820" />
    <tag k="building" v="yes" />
  </way>
  <way id="421318907">
    <nd ref="4210974305" />
    <nd ref="4685688593" />
    <nd ref="4685688594" />
    <nd ref="4685688595" />
    <nd ref="4685688596" />
    <nd ref="4210974031" />
    <nd ref="4210974025" />
    <nd ref="4210973981" />
    <nd ref="4210973995" />
    <nd ref="4210973988" />
    <nd ref="4210973970" />
    <nd ref="4210973941" />
    <nd ref="4210974032" />
    <nd ref="4210973985" />
    <nd ref="4210973975" />
    <nd ref="4210973973" />
    <nd ref="4210973972" />
    <nd ref="4210973282" />
    <nd ref="4210973844" />
    <nd ref="4210973265" />
    <nd ref="4210973845" />
    <nd ref="4210973834" />
    <nd ref="4210973799" />
    <nd ref="4210973906" />
    <nd ref="4210973275" />
    <nd ref="4210973768" />
    <nd ref="4210973736" />
    <nd ref="4210973692" />
    <nd ref="4210973483" />
    <nd ref="4210973788" />
    <nd ref="4210973747" />
    <nd ref="4210973780" />
    <nd ref="4210973812" />
    <nd ref="4210973840" />
    <nd ref="4210973893" />
    <nd ref="4210974305" />
    <tag k="building" v="yes" />
  </way>
  <way id="421318908">
    <nd ref="4210974482" />
    <nd ref="4210974590" />
    <nd ref="4210974423" />
    <nd ref="4210974418" />
    <nd ref="4210974417" />
    <nd ref="4210974415" />
    <nd ref="4210974416" />
    <nd ref="4210974420" />
    <nd ref="4210974447" />
    <nd ref="4210974444" />
    <nd ref="4210974445" />
    <nd ref="4210974446" />
    <nd ref="4210974589" />
    <nd ref="4210974592" />
    <nd ref="4210974595" />
    <nd ref="4210974600" />
    <nd ref="4210974628" />
    <nd ref="4210974617" />
    <nd ref="4681674556" />
    <nd ref="4681674552" />
    <nd ref="4210974487" />
    <nd ref="4210974485" />
    <nd ref="4210974481" />
    <nd ref="4210974480" />
    <nd ref="4681674555" />
    <nd ref="4681674554" />
    <nd ref="4681674553" />
    <nd ref="4210974428" />
    <nd ref="4210974425" />
    <nd ref="4210974427" />
    <nd ref="4210974432" />
    <nd ref="4681674551" />
    <nd ref="4210974399" />
    <nd ref="4210974394" />
    <nd ref="4210974392" />
    <nd ref="4210974393" />
    <nd ref="4210974396" />
    <nd ref="4210974398" />
    <nd ref="4210974402" />
    <nd ref="4681674576" />
    <nd ref="4210974482" />
    <tag k="building" v="yes" />
  </way>
  <way id="421318909">
    <nd ref="4210974462" />
    <nd ref="4210974464" />
    <nd ref="4681688950" />
    <nd ref="4681688949" />
    <nd ref="4681688948" />
    <nd ref="4210974676" />
    <nd ref="4210974665" />
    <nd ref="4210974645" />
    <nd ref="4210974632" />
    <nd ref="4210974621" />
    <nd ref="4210974636" />
    <nd ref="4210974484" />
    <nd ref="4210974455" />
    <nd ref="4210974483" />
    <nd ref="4210974473" />
    <nd ref="4210974470" />
    <nd ref="4210974467" />
    <nd ref="4210974469" />
    <nd ref="4210974471" />
    <nd ref="4210974478" />
    <nd ref="4210974465" />
    <nd ref="4210974441" />
    <nd ref="4210974436" />
    <nd ref="4210974434" />
    <nd ref="4210974422" />
    <nd ref="4210974412" />
    <nd ref="4210974407" />
    <nd ref="4210974404" />
    <nd ref="4210974389" />
    <nd ref="4210973875" />
    <nd ref="4210973874" />
    <nd ref="4210974346" />
    <nd ref="4210974409" />
    <nd ref="4210974435" />
    <nd ref="4210974448" />
    <nd ref="4210974433" />
    <nd ref="4210974450" />
    <nd ref="4210974462" />
    <tag k="building" v="yes" />
  </way>
  <way id="421318910">
    <nd ref="4210974638" />
    <nd ref="4210974606" />
    <nd ref="4210974602" />
    <nd ref="4210974599" />
    <nd ref="4210974603" />
    <nd ref="4210974611" />
    <nd ref="4210974613" />
    <nd ref="4210974615" />
    <nd ref="4210974618" />
    <nd ref="4210974620" />
    <nd ref="4210974619" />
    <nd ref="4210974626" />
    <nd ref="4210974624" />
    <nd ref="4210974631" />
    <nd ref="4210974643" />
    <nd ref="4210974639" />
    <nd ref="4210974673" />
    <nd ref="4210974801" />
    <nd ref="4210974628" />
    <nd ref="4210974600" />
    <nd ref="4210974595" />
    <nd ref="4210974592" />
    <nd ref="4210974589" />
    <nd ref="4210974446" />
    <nd ref="4210974445" />
    <nd ref="4210974444" />
    <nd ref="4210974447" />
    <nd ref="4210974420" />
    <nd ref="4210974416" />
    <nd ref="4210974415" />
    <nd ref="4210974417" />
    <nd ref="4210974418" />
    <nd ref="4210974423" />
    <nd ref="4210974590" />
    <nd ref="4210974638" />
    <tag k="building" v="yes" />
  </way>
  <way id="421318911">
    <nd ref="4210975087" />
    <nd ref="4210975059" />
    <nd ref="4210975097" />
    <nd ref="4210975069" />
    <nd ref="4210975148" />
    <nd ref="4210975155" />
    <nd ref="4210975176" />
    <nd ref="4210975173" />
    <nd ref="4210975179" />
    <nd ref="4210975171" />
    <nd ref="4210975174" />
    <nd ref="4210975137" />
    <nd ref="4210975131" />
    <nd ref="4210975104" />
    <nd ref="4210975004" />
    <nd ref="4210974999" />
    <nd ref="4210974989" />
    <nd ref="4210974966" />
    <nd ref="4210974960" />
    <nd ref="4210974965" />
    <nd ref="4210974895" />
    <nd ref="4210974958" />
    <nd ref="4210975020" />
    <nd ref="4210975043" />
    <nd ref="4210975049" />
    <nd ref="4210975065" />
    <nd ref="4210975013" />
    <nd ref="4210974383" />
    <nd ref="4210974374" />
    <nd ref="4210974372" />
    <nd ref="4680420401" />
    <nd ref="4680420400" />
    <nd ref="4210974891" />
    <nd ref="4210974890" />
    <nd ref="4679218334" />
    <nd ref="4210975084" />
    <nd ref="12113799111" />
    <nd ref="4210975132" />
    <nd ref="4679217048" />
    <nd ref="4210975213" />
    <nd ref="4210975246" />
    <nd ref="4210975157" />
    <nd ref="4210975087" />
    <tag k="building" v="yes" />
  </way>
  <way id="421318915">
    <nd ref="4210975324" />
    <nd ref="4210975308" />
    <nd ref="4210975258" />
    <nd ref="4210975267" />
    <nd ref="4681674592" />
    <nd ref="4681674593" />
    <nd ref="4210975324" />
    <tag k="building" v="yes" />
  </way>
  <way id="421318916">
    <nd ref="4210975541" />
    <nd ref="4210975568" />
    <nd ref="4210975574" />
    <nd ref="4210975548" />
    <nd ref="4210975541" />
    <tag k="building" v="yes" />
  </way>
  <way id="421318917">
    <nd ref="4210973945" />
    <nd ref="4210973969" />
    <nd ref="4210973923" />
    <nd ref="4210973285" />
    <nd ref="4210973945" />
    <tag k="building" v="yes" />
    <tag k="name" v="Edifício Edgar O. Kocher" />
  </way>
  <way id="421318918">
    <nd ref="4210974685" />
    <nd ref="4210974669" />
    <nd ref="4210974797" />
    <nd ref="4210974807" />
    <nd ref="4210974685" />
    <tag k="building" v="yes" />
  </way>
  <way id="421318922">
    <nd ref="4210971634" />
    <nd ref="4210971647" />
    <nd ref="4210968782" />
    <nd ref="4210968767" />
    <nd ref="4210971634" />
    <tag k="building" v="yes" />
  </way>
  <way id="421318925">
    <nd ref="4210973391" />
    <nd ref="4210973241" />
    <nd ref="4687106523" />
    <nd ref="4687106524" />
    <nd ref="4210972484" />
    <nd ref="4210973447" />
    <nd ref="4210973391" />
    <tag k="building" v="yes" />
  </way>
  <way id="421318926">
    <nd ref="4210973195" />
    <nd ref="4210973361" />
    <nd ref="4210972488" />
    <nd ref="4210973092" />
    <nd ref="4687106521" />
    <nd ref="4210973195" />
    <tag k="amenity" v="theatre" />
    <tag k="building" v="yes" />
    <tag k="name" v="Conservatório Dramatico e Musical de São Paulo" />
  </way>
  <way id="421318927">
    <nd ref="4210973096" />
    <nd ref="4210973166" />
    <nd ref="4210973088" />
    <nd ref="4210973041" />
    <nd ref="4210973096" />
    <tag k="building" v="yes" />
  </way>
  <way id="421318928">
    <nd ref="4210975474" />
    <nd ref="4210975459" />
    <nd ref="4210975434" />
    <nd ref="4210975444" />
    <nd ref="4210975474" />
    <tag k="building" v="yes" />
  </way>
  <way id="421318931">
    <nd ref="4210974892" />
    <nd ref="4210974884" />
    <nd ref="4210974842" />
    <nd ref="4210974851" />
    <nd ref="4681688943" />
    <nd ref="4681688942" />
    <nd ref="4681688941" />
    <nd ref="4210974892" />
    <tag k="building" v="yes" />
  </way>
  <way id="421318932">
    <nd ref="4210973069" />
    <nd ref="4210972717" />
    <nd ref="4210972743" />
    <nd ref="4210973091" />
    <nd ref="4686945552" />
    <nd ref="4210973069" />
    <tag k="building" v="yes" />
  </way>
  <way id="421318934">
    <nd ref="4210974628" />
    <nd ref="4210974826" />
    <nd ref="4210974817" />
    <nd ref="4681674560" />
    <nd ref="4681674559" />
    <nd ref="4681674558" />
    <nd ref="4681674557" />
    <nd ref="4210974617" />
    <nd ref="4210974628" />
    <tag k="building" v="yes" />
  </way>
  <way id="421318935">
    <nd ref="4210974376" />
    <nd ref="4210974371" />
    <nd ref="4210974884" />
    <nd ref="4210974892" />
    <nd ref="4681688940" />
    <nd ref="4681688939" />
    <nd ref="4681688938" />
    <nd ref="4210974376" />
    <tag k="building" v="yes" />
  </way>
  <way id="421318937">
    <nd ref="4210974849" />
    <nd ref="4210974820" />
    <nd ref="4210974806" />
    <nd ref="4210974836" />
    <nd ref="4210974849" />
    <tag k="building" v="yes" />
  </way>
  <way id="421318938">
    <nd ref="4210972209" />
    <nd ref="4210971971" />
    <nd ref="4210971931" />
    <nd ref="4210971970" />
    <nd ref="4210972209" />
    <tag k="building" v="yes" />
  </way>
  <way id="421318939">
    <nd ref="4210972718" />
    <nd ref="4210971456" />
    <nd ref="4210971429" />
    <nd ref="4210972699" />
    <nd ref="4210972718" />
    <tag k="building" v="yes" />
  </way>
  <way id="421318940">
    <nd ref="4210972742" />
    <nd ref="4210972803" />
    <nd ref="4210972791" />
    <nd ref="4210972728" />
    <nd ref="4210972742" />
    <tag k="building" v="yes" />
  </way>
  <way id="421318941">
    <nd ref="4210975628" />
    <nd ref="4210975656" />
    <nd ref="4210975645" />
    <nd ref="4210975610" />
    <nd ref="4210975628" />
    <tag k="building" v="yes" />
  </way>
  <way id="421318943">
    <nd ref="4210974472" />
    <nd ref="4210974249" />
    <nd ref="4210974341" />
    <nd ref="4685687579" />
    <nd ref="4210974642" />
    <nd ref="4685688590" />
    <nd ref="4210974472" />
    <tag k="building" v="commercial" />
    <tag k="name" v="CET companhia de Engenharia de Tráfego - Unidade Barão" />
  </way>
  <way id="421318944">
    <nd ref="4210972770" />
    <nd ref="4687106511" />
    <nd ref="4210972796" />
    <nd ref="4210973054" />
    <nd ref="4210973022" />
    <nd ref="4210972770" />
    <tag k="building" v="yes" />
  </way>
  <way id="421318945">
    <nd ref="4210971970" />
    <nd ref="4210971931" />
    <nd ref="4210971893" />
    <nd ref="4695485589" />
    <nd ref="4210971926" />
    <nd ref="4210971970" />
    <tag k="building" v="yes" />
  </way>
  <way id="421318947">
    <nd ref="4210975033" />
    <nd ref="4681674571" />
    <nd ref="4681674570" />
    <nd ref="4681674569" />
    <nd ref="4210974378" />
    <nd ref="4210974993" />
    <nd ref="4210975061" />
    <nd ref="4210975033" />
    <tag k="building" v="yes" />
  </way>
  <way id="421318948">
    <nd ref="4210973218" />
    <nd ref="4210972462" />
    <nd ref="4210972479" />
    <nd ref="4210973240" />
    <nd ref="4210973218" />
    <tag k="building" v="yes" />
  </way>
  <way id="421318951">
    <nd ref="4210975685" />
    <nd ref="4210975707" />
    <nd ref="4210975695" />
    <nd ref="4210975674" />
    <nd ref="4210975685" />
    <tag k="building" v="yes" />
  </way>
  <way id="421318953">
    <nd ref="4210973546" />
    <nd ref="4210973474" />
    <nd ref="4210973463" />
    <nd ref="4210973539" />
    <nd ref="4210973546" />
    <tag k="building" v="yes" />
  </way>
  <way id="421318954">
    <nd ref="4210973369" />
    <nd ref="4210973301" />
    <nd ref="4210973344" />
    <nd ref="4210973419" />
    <nd ref="4210973369" />
    <tag k="building" v="yes" />
  </way>
  <way id="421318955">
    <nd ref="4210974377" />
    <nd ref="4210974368" />
    <nd ref="4210974931" />
    <nd ref="4210974940" />
    <nd ref="4681674583" />
    <nd ref="4681674584" />
    <nd ref="4210974377" />
    <tag k="building" v="yes" />
  </way>
  <way id="421318956">
    <nd ref="4210971459" />
    <nd ref="4210972629" />
    <nd ref="4210972284" />
    <nd ref="4210972643" />
    <nd ref="4210971459" />
    <tag k="building" v="yes" />
  </way>
  <way id="421318957">
    <nd ref="4210975487" />
    <nd ref="4680420422" />
    <nd ref="4680420423" />
    <nd ref="4210975418" />
    <nd ref="4210975427" />
    <nd ref="4210975497" />
    <nd ref="4210975487" />
    <tag k="building" v="yes" />
  </way>
  <way id="421318964">
    <nd ref="4210973459" />
    <nd ref="4685688607" />
    <nd ref="4685688608" />
    <nd ref="4210973543" />
    <nd ref="4210973517" />
    <nd ref="4210973571" />
    <nd ref="4210973459" />
    <tag k="building" v="yes" />
  </way>
  <way id="421318971">
    <nd ref="4210975597" />
    <nd ref="4210975596" />
    <nd ref="4210975593" />
    <nd ref="4210975589" />
    <nd ref="4210975585" />
    <nd ref="4210975616" />
    <nd ref="4210975592" />
    <nd ref="4210975604" />
    <nd ref="4210975542" />
    <nd ref="4210975533" />
    <nd ref="4210975515" />
    <nd ref="4210975513" />
    <nd ref="4210975499" />
    <nd ref="4210975473" />
    <nd ref="4210975484" />
    <nd ref="4210975468" />
    <nd ref="4210975446" />
    <nd ref="4210975461" />
    <nd ref="4210975451" />
    <nd ref="4210975454" />
    <nd ref="4210975455" />
    <nd ref="4210975472" />
    <nd ref="4210975477" />
    <nd ref="4210975485" />
    <nd ref="4210975490" />
    <nd ref="4210975495" />
    <nd ref="4210975528" />
    <nd ref="4210975530" />
    <nd ref="4681674600" />
    <nd ref="4210975552" />
    <nd ref="4210975554" />
    <nd ref="4681674601" />
    <nd ref="4210975591" />
    <nd ref="4210975590" />
    <nd ref="4210975601" />
    <nd ref="4210975598" />
    <nd ref="4681674602" />
    <nd ref="4210975620" />
    <nd ref="4210975618" />
    <nd ref="4210975625" />
    <nd ref="4210975626" />
    <nd ref="4526413323" />
    <nd ref="4210975623" />
    <nd ref="4210975624" />
    <nd ref="4210975599" />
    <nd ref="4210975597" />
    <tag k="building" v="yes" />
  </way>
  <way id="421318974">
    <nd ref="4210973200" />
    <nd ref="4210973077" />
    <nd ref="4210973030" />
    <nd ref="4210973007" />
    <nd ref="4210973123" />
    <nd ref="4686945567" />
    <nd ref="4686945566" />
    <nd ref="4210973200" />
    <tag k="building" v="yes" />
  </way>
  <way id="421318975">
    <nd ref="4210971753" />
    <nd ref="4210971764" />
    <nd ref="4210973704" />
    <nd ref="4210973482" />
    <nd ref="4210971717" />
    <nd ref="4210971753" />
    <tag k="building" v="yes" />
  </way>
  <way id="421318977">
    <nd ref="4210972796" />
    <nd ref="4687106512" />
    <nd ref="4210972675" />
    <nd ref="4210973124" />
    <nd ref="4210973075" />
    <nd ref="4210973054" />
    <nd ref="4210972796" />
    <tag k="building" v="yes" />
  </way>
  <way id="421318978">
    <nd ref="4210975054" />
    <nd ref="4210975022" />
    <nd ref="4210975006" />
    <nd ref="4210975018" />
    <nd ref="4210975026" />
    <nd ref="4210975054" />
    <tag k="building" v="yes" />
  </way>
  <way id="421318979">
    <nd ref="4210972591" />
    <nd ref="4210972604" />
    <nd ref="4210972644" />
    <nd ref="4210972596" />
    <nd ref="4210972232" />
    <nd ref="4210972591" />
    <tag k="building" v="yes" />
  </way>
  <way id="421318983">
    <nd ref="4210971653" />
    <nd ref="4210971663" />
    <nd ref="4210971665" />
    <nd ref="4210971656" />
    <nd ref="4210971625" />
    <nd ref="4210971653" />
    <tag k="building" v="yes" />
  </way>
  <way id="421318984">
    <nd ref="4210970488" />
    <nd ref="4210971589" />
    <nd ref="4210970461" />
    <nd ref="4210970447" />
    <nd ref="4210970479" />
    <nd ref="4210970488" />
    <tag k="building" v="yes" />
  </way>
  <way id="421318986">
    <nd ref="4210975169" />
    <nd ref="4210975170" />
    <nd ref="4210975212" />
    <nd ref="4210975190" />
    <nd ref="4210975156" />
    <nd ref="4210975169" />
    <tag k="building" v="yes" />
  </way>
  <way id="421318987">
    <nd ref="4210975357" />
    <nd ref="4210975409" />
    <nd ref="4210975413" />
    <nd ref="4210975435" />
    <nd ref="4210975371" />
    <nd ref="4210975357" />
    <tag k="building" v="yes" />
  </way>
  <way id="421318988">
    <nd ref="4210973123" />
    <nd ref="4210973007" />
    <nd ref="4210972916" />
    <nd ref="4210972795" />
    <nd ref="4210972938" />
    <nd ref="4686945571" />
    <nd ref="4686945570" />
    <nd ref="4686945569" />
    <nd ref="4686945568" />
    <nd ref="4210973123" />
    <tag k="building" v="yes" />
  </way>
  <way id="421318991">
    <nd ref="4210975301" />
    <nd ref="4210975323" />
    <nd ref="4210975302" />
    <nd ref="4210975298" />
    <nd ref="4210975275" />
    <nd ref="4210975301" />
    <tag k="building" v="yes" />
  </way>
  <way id="421318992">
    <nd ref="4210972738" />
    <nd ref="4687106510" />
    <nd ref="4210972770" />
    <nd ref="4210973022" />
    <nd ref="4210973033" />
    <nd ref="4210972997" />
    <nd ref="4210972738" />
    <tag k="building" v="yes" />
  </way>
  <way id="421318993">
    <nd ref="4210975586" />
    <nd ref="4210975580" />
    <nd ref="4210975585" />
    <nd ref="4210975589" />
    <nd ref="4210975593" />
    <nd ref="4210975586" />
    <tag k="building" v="yes" />
  </way>
  <way id="421318995">
    <nd ref="4210974332" />
    <nd ref="4210974236" />
    <nd ref="4210974195" />
    <nd ref="4210974217" />
    <nd ref="4210974288" />
    <nd ref="4210974332" />
    <tag k="building" v="yes" />
  </way>
  <way id="421318996">
    <nd ref="4210975306" />
    <nd ref="4210975277" />
    <nd ref="4210975259" />
    <nd ref="4210975273" />
    <nd ref="4210975327" />
    <nd ref="4210975306" />
    <tag k="building" v="yes" />
  </way>
  <way id="421318997">
    <nd ref="4210975303" />
    <nd ref="4210975293" />
    <nd ref="4210975271" />
    <nd ref="4210975247" />
    <nd ref="4210975281" />
    <nd ref="4210975303" />
    <tag k="building" v="yes" />
  </way>
  <way id="421318998">
    <nd ref="4210974352" />
    <nd ref="4210973886" />
    <nd ref="4210974330" />
    <nd ref="4210974328" />
    <nd ref="4210974279" />
    <nd ref="4210974352" />
    <tag k="building" v="yes" />
  </way>
  <way id="421318999">
    <nd ref="4210975312" />
    <nd ref="4210975333" />
    <nd ref="4210975342" />
    <nd ref="4210975383" />
    <nd ref="4210975355" />
    <nd ref="4210975312" />
    <tag k="building" v="yes" />
  </way>
  <way id="421319000">
    <nd ref="4210975423" />
    <nd ref="4210975413" />
    <nd ref="4210975409" />
    <nd ref="4210975397" />
    <nd ref="4210975415" />
    <nd ref="4210975423" />
    <tag k="building" v="yes" />
  </way>
  <way id="421319002">
    <nd ref="4210975551" />
    <nd ref="4210975459" />
    <nd ref="4210975474" />
    <nd ref="4210975572" />
    <nd ref="4210975555" />
    <nd ref="4210975551" />
    <tag k="building" v="yes" />
  </way>
  <way id="421319004">
    <nd ref="4210972463" />
    <nd ref="4210973247" />
    <nd ref="4210973245" />
    <nd ref="4210973179" />
    <nd ref="4210973211" />
    <nd ref="4210972463" />
    <tag k="building" v="yes" />
  </way>
  <way id="421319005">
    <nd ref="4210974484" />
    <nd ref="4210974593" />
    <nd ref="4210974456" />
    <nd ref="4210974424" />
    <nd ref="4210974455" />
    <nd ref="4210974484" />
    <tag k="building" v="yes" />
  </way>
  <way id="421319007">
    <nd ref="4210971737" />
    <nd ref="4210973517" />
    <nd ref="4210973543" />
    <nd ref="4685688609" />
    <nd ref="4685688610" />
    <nd ref="4685688611" />
    <nd ref="4210971785" />
    <nd ref="4210971765" />
    <nd ref="4210971737" />
    <tag k="building" v="yes" />
  </way>
  <way id="421319009">
    <nd ref="4210968767" />
    <nd ref="4210968782" />
    <nd ref="4210971814" />
    <nd ref="4210971692" />
    <nd ref="4210971676" />
    <nd ref="4210968767" />
    <tag k="building" v="yes" />
  </way>
  <way id="421319011">
    <nd ref="4210972715" />
    <nd ref="4210972728" />
    <nd ref="4210972791" />
    <nd ref="4210972780" />
    <nd ref="4210972712" />
    <nd ref="4210972715" />
    <tag k="building" v="yes" />
  </way>
  <way id="421319012">
    <nd ref="4210975614" />
    <nd ref="4210975594" />
    <nd ref="4210975555" />
    <nd ref="4210975572" />
    <nd ref="4210975587" />
    <nd ref="4210975614" />
    <tag k="building" v="yes" />
  </way>
  <way id="421319013">
    <nd ref="4210971473" />
    <nd ref="4210971423" />
    <nd ref="4210972646" />
    <nd ref="4210971455" />
    <nd ref="4210971470" />
    <nd ref="4210971473" />
    <tag k="building" v="yes" />
  </way>
  <way id="421319014">
    <nd ref="4210974028" />
    <nd ref="4210974035" />
    <nd ref="4210974083" />
    <nd ref="4210974023" />
    <nd ref="4210973991" />
    <nd ref="4210974028" />
    <tag k="building" v="yes" />
  </way>
  <way id="421319015">
    <nd ref="4210973216" />
    <nd ref="4210973193" />
    <nd ref="4210972453" />
    <nd ref="4210972462" />
    <nd ref="4210973218" />
    <nd ref="4210973216" />
    <tag k="building" v="yes" />
  </way>
  <way id="421319016">
    <nd ref="4210971454" />
    <nd ref="4210971420" />
    <nd ref="4210972624" />
    <nd ref="4210972270" />
    <nd ref="4210972244" />
    <nd ref="4210971963" />
    <nd ref="4210971945" />
    <nd ref="4686945794" />
    <nd ref="4210971932" />
    <nd ref="4210971956" />
    <nd ref="4210971960" />
    <nd ref="4210971959" />
    <nd ref="4210971957" />
    <nd ref="4210971953" />
    <nd ref="4210971942" />
    <nd ref="4210971937" />
    <nd ref="4210971909" />
    <nd ref="4210971896" />
    <nd ref="4210972201" />
    <nd ref="4210971950" />
    <nd ref="4210972284" />
    <nd ref="4210972629" />
    <nd ref="4210972695" />
    <nd ref="4210972775" />
    <nd ref="4210972923" />
    <nd ref="4210972908" />
    <nd ref="4210972894" />
    <nd ref="4210972679" />
    <nd ref="4210972664" />
    <nd ref="4210972813" />
    <nd ref="4210972805" />
    <nd ref="4210972657" />
    <nd ref="4210972665" />
    <nd ref="4210972668" />
    <nd ref="4210972670" />
    <nd ref="4210972669" />
    <nd ref="4210972666" />
    <nd ref="4210972658" />
    <nd ref="4210972810" />
    <nd ref="4210972799" />
    <nd ref="4210972792" />
    <nd ref="4210972789" />
    <nd ref="4210972787" />
    <nd ref="4210972778" />
    <nd ref="4210972772" />
    <nd ref="4210972767" />
    <nd ref="4210972764" />
    <nd ref="4210972759" />
    <nd ref="4210972756" />
    <nd ref="4210972754" />
    <nd ref="4210972755" />
    <nd ref="4210972757" />
    <nd ref="4210972760" />
    <nd ref="4210972737" />
    <nd ref="4210972724" />
    <nd ref="4210971454" />
    <tag k="building" v="yes" />
  </way>
  <way id="421319017">
    <nd ref="4210972967" />
    <nd ref="4210972974" />
    <nd ref="4210973001" />
    <nd ref="4210973010" />
    <nd ref="4210973016" />
    <nd ref="4210973023" />
    <nd ref="4210973031" />
    <nd ref="4210973039" />
    <nd ref="4210973045" />
    <nd ref="4210973053" />
    <nd ref="4210973060" />
    <nd ref="4210973067" />
    <nd ref="4210973073" />
    <nd ref="4210973082" />
    <nd ref="4210973086" />
    <nd ref="4210973090" />
    <nd ref="4210973098" />
    <nd ref="4210973100" />
    <nd ref="4210973108" />
    <nd ref="4210973111" />
    <nd ref="4210973115" />
    <nd ref="4210973119" />
    <nd ref="4210973117" />
    <nd ref="4210973113" />
    <nd ref="4210973110" />
    <nd ref="4210973104" />
    <nd ref="4210973099" />
    <nd ref="4210973094" />
    <nd ref="4210973089" />
    <nd ref="4210973085" />
    <nd ref="4210973076" />
    <nd ref="4210973070" />
    <nd ref="4210973064" />
    <nd ref="4210973057" />
    <nd ref="4210973050" />
    <nd ref="4210973042" />
    <nd ref="4210973035" />
    <nd ref="4210973027" />
    <nd ref="4210973018" />
    <nd ref="4210973014" />
    <nd ref="4210973006" />
    <nd ref="4210972995" />
    <nd ref="4210972991" />
    <nd ref="4210972985" />
    <nd ref="4210972981" />
    <nd ref="4210972973" />
    <nd ref="4210972969" />
    <nd ref="4210972961" />
    <nd ref="4210972954" />
    <nd ref="4210972950" />
    <nd ref="4210972947" />
    <nd ref="4210972945" />
    <nd ref="4210972944" />
    <nd ref="4210972943" />
    <nd ref="4210972946" />
    <nd ref="4210972948" />
    <nd ref="4210972951" />
    <nd ref="4210972955" />
    <nd ref="4210972962" />
    <nd ref="4210972967" />
    <tag k="building" v="yes" />
  </way>
  <way id="421319018">
    <nd ref="4210973405" />
    <nd ref="4210971717" />
    <nd ref="4210973482" />
    <nd ref="4687061423" />
    <nd ref="4210973532" />
    <nd ref="3704119229" />
    <nd ref="4687061443" />
    <nd ref="4210973314" />
    <nd ref="4210973376" />
    <nd ref="4210973405" />
    <tag k="building" v="yes" />
  </way>
  <way id="421319019">
    <nd ref="4210968756" />
    <nd ref="4210971687" />
    <nd ref="4210971664" />
    <nd ref="4695484880" />
    <nd ref="4695484881" />
    <nd ref="4210971698" />
    <nd ref="4210971855" />
    <nd ref="4210971815" />
    <nd ref="4210968756" />
    <tag k="building" v="yes" />
  </way>
  <way id="421319020">
    <nd ref="4210970468" />
    <nd ref="4210970417" />
    <nd ref="4210970409" />
    <nd ref="4210970453" />
    <nd ref="4210970483" />
    <nd ref="4210971599" />
    <nd ref="4685475438" />
    <nd ref="4210970468" />
    <tag k="building" v="yes" />
  </way>
  <way id="421319022">
    <nd ref="4210972953" />
    <nd ref="4210972934" />
    <nd ref="4210972930" />
    <nd ref="4210972681" />
    <nd ref="4210972912" />
    <nd ref="4210972970" />
    <nd ref="4210972953" />
    <tag k="building" v="yes" />
  </way>
  <way id="421319023">
    <nd ref="4210973391" />
    <nd ref="4210973448" />
    <nd ref="6355183503" />
    <nd ref="4210973401" />
    <nd ref="4210973361" />
    <nd ref="4210973195" />
    <nd ref="4687106522" />
    <nd ref="4210973241" />
    <nd ref="4210973391" />
    <tag k="building" v="yes" />
    <tag k="leisure" v="dance" />
    <tag k="name" v="Escola De Dança do Theatro Municipal de São Paulo" />
  </way>
  <way id="421319024">
    <nd ref="4210975584" />
    <nd ref="4210975608" />
    <nd ref="4210975588" />
    <nd ref="4210975561" />
    <nd ref="4210975579" />
    <nd ref="4210975573" />
    <nd ref="4210975584" />
    <tag k="building" v="yes" />
  </way>
  <way id="421319025">
    <nd ref="4210973155" />
    <nd ref="4210973088" />
    <nd ref="4210973166" />
    <nd ref="4210973214" />
    <nd ref="4210973156" />
    <nd ref="4210973163" />
    <nd ref="4210973155" />
    <tag k="building" v="yes" />
  </way>
  <way id="421319027">
    <nd ref="4210973236" />
    <nd ref="4210973155" />
    <nd ref="4210973163" />
    <nd ref="4210973156" />
    <nd ref="4210973214" />
    <nd ref="4210972486" />
    <nd ref="4210973236" />
    <tag k="building" v="yes" />
  </way>
  <way id="421319029">
    <nd ref="4210974198" />
    <nd ref="4210974215" />
    <nd ref="4210974087" />
    <nd ref="4210973959" />
    <nd ref="4210973953" />
    <nd ref="4680455418" />
    <nd ref="4680455419" />
    <nd ref="4680455420" />
    <nd ref="4210974067" />
    <nd ref="9242151373" />
    <nd ref="4210974198" />
    <tag k="building" v="yes" />
  </way>
  <way id="421319030">
    <nd ref="4210973956" />
    <nd ref="4210973984" />
    <nd ref="4210974005" />
    <nd ref="4210973949" />
    <nd ref="4210973925" />
    <nd ref="4210973947" />
    <nd ref="4210973956" />
    <tag k="building" v="yes" />
  </way>
  <way id="421319032">
    <nd ref="4210973324" />
    <nd ref="4210973393" />
    <nd ref="4210973425" />
    <nd ref="4210971720" />
    <nd ref="4210971719" />
    <nd ref="4210973397" />
    <nd ref="4210973324" />
    <tag k="building" v="yes" />
  </way>
  <way id="421319033">
    <nd ref="4210973489" />
    <nd ref="4210971784" />
    <nd ref="4210973443" />
    <nd ref="4210973432" />
    <nd ref="4210971711" />
    <nd ref="4210973504" />
    <nd ref="4210973489" />
    <tag k="building" v="yes" />
  </way>
  <way id="421319035">
    <nd ref="4210975655" />
    <nd ref="4210975641" />
    <nd ref="4210975638" />
    <nd ref="4210975612" />
    <nd ref="4210975630" />
    <nd ref="4210975665" />
    <nd ref="4210975655" />
    <tag k="building" v="yes" />
  </way>
  <way id="421319036">
    <nd ref="4210974903" />
    <nd ref="4210974917" />
    <nd ref="4210974941" />
    <nd ref="4210974921" />
    <nd ref="4210974882" />
    <nd ref="4210974896" />
    <nd ref="4210974903" />
    <tag k="building" v="yes" />
  </way>
  <way id="421319041">
    <nd ref="4210971606" />
    <nd ref="4210970478" />
    <nd ref="4210970461" />
    <nd ref="4210971589" />
    <nd ref="4210971590" />
    <nd ref="4210971598" />
    <nd ref="4210971606" />
    <tag k="building" v="yes" />
  </way>
  <way id="421319043">
    <nd ref="4210975434" />
    <nd ref="4210975459" />
    <nd ref="4210975419" />
    <nd ref="4210975410" />
    <nd ref="4210975354" />
    <nd ref="4680420412" />
    <nd ref="4680420411" />
    <nd ref="4210975322" />
    <nd ref="4210975434" />
    <tag k="building" v="yes" />
  </way>
  <way id="421319045">
    <nd ref="4210971594" />
    <nd ref="4210971622" />
    <nd ref="4210971630" />
    <nd ref="4210971648" />
    <nd ref="4210971790" />
    <nd ref="4210971673" />
    <nd ref="4686945800" />
    <nd ref="4686945801" />
    <nd ref="4686945802" />
    <nd ref="4686945809" />
    <nd ref="4686945803" />
    <nd ref="4686945804" />
    <nd ref="4210971594" />
    <tag k="building" v="yes" />
  </way>
  <way id="421319046">
    <nd ref="4210975192" />
    <nd ref="4210975191" />
    <nd ref="4210975164" />
    <nd ref="4210975161" />
    <nd ref="4210975186" />
    <nd ref="4210975220" />
    <nd ref="4210975192" />
    <tag k="building" v="yes" />
  </way>
  <way id="421319047">
    <nd ref="4210971407" />
    <nd ref="4210971377" />
    <nd ref="12250687603" />
    <nd ref="4210971356" />
    <nd ref="4685475420" />
    <nd ref="4685475428" />
    <nd ref="4210971343" />
    <nd ref="12250687605" />
    <nd ref="4210971387" />
    <nd ref="4210970407" />
    <nd ref="4210971407" />
    <tag k="building" v="yes" />
  </way>
  <way id="421319049">
    <nd ref="4210973152" />
    <nd ref="4210973168" />
    <nd ref="4210973242" />
    <nd ref="4210973169" />
    <nd ref="4210973136" />
    <nd ref="4210973084" />
    <nd ref="4210973152" />
    <tag k="building" v="yes" />
  </way>
  <way id="421319050">
    <nd ref="4210972956" />
    <nd ref="4210972907" />
    <nd ref="4210972890" />
    <nd ref="4210972659" />
    <nd ref="4210972918" />
    <nd ref="4210973003" />
    <nd ref="4210972956" />
    <tag k="building" v="yes" />
  </way>
  <way id="421319051">
    <nd ref="4210972605" />
    <nd ref="4686945580" />
    <nd ref="4686945578" />
    <nd ref="4210971446" />
    <nd ref="4210972652" />
    <nd ref="4210972638" />
    <nd ref="4210972246" />
    <nd ref="4210972259" />
    <nd ref="4210972605" />
    <tag k="building" v="yes" />
  </way>
  <way id="421319052">
    <nd ref="4210971609" />
    <nd ref="4210970477" />
    <nd ref="4210971608" />
    <nd ref="4210971889" />
    <nd ref="4685475431" />
    <nd ref="4210971838" />
    <nd ref="4210971811" />
    <nd ref="4210971609" />
    <tag k="building" v="yes" />
  </way>
  <way id="421319053">
    <nd ref="4210973945" />
    <nd ref="4210973940" />
    <nd ref="4210973964" />
    <nd ref="4210974013" />
    <nd ref="4210973979" />
    <nd ref="4210973969" />
    <nd ref="4210973945" />
    <tag k="building" v="yes" />
  </way>
  <way id="421319054">
    <nd ref="4210975438" />
    <nd ref="4210975478" />
    <nd ref="4210975460" />
    <nd ref="4210975462" />
    <nd ref="4210975411" />
    <nd ref="4210975378" />
    <nd ref="4210975438" />
    <tag k="building" v="yes" />
  </way>
  <way id="421319055">
    <nd ref="4210974203" />
    <nd ref="4210974222" />
    <nd ref="4210974283" />
    <nd ref="4210974206" />
    <nd ref="4210974021" />
    <nd ref="4210974193" />
    <nd ref="4210974203" />
    <tag k="building" v="yes" />
  </way>
  <way id="421319056">
    <nd ref="4210975421" />
    <nd ref="4526413333" />
    <nd ref="4210975385" />
    <nd ref="4210975272" />
    <nd ref="4210975304" />
    <nd ref="4210975366" />
    <nd ref="4210975408" />
    <nd ref="4210975421" />
    <tag k="building" v="yes" />
  </way>
  <way id="421319057">
    <nd ref="4210973276" />
    <nd ref="4210973897" />
    <nd ref="4210973895" />
    <nd ref="4210973944" />
    <nd ref="4210973965" />
    <nd ref="4210973903" />
    <nd ref="4210973276" />
    <tag k="building" v="yes" />
  </way>
  <way id="421319058">
    <nd ref="4210973246" />
    <nd ref="4210972461" />
    <nd ref="4210973291" />
    <nd ref="4210973299" />
    <nd ref="4210972487" />
    <nd ref="4210972456" />
    <nd ref="4210973246" />
    <tag k="building" v="yes" />
  </way>
  <way id="421319062">
    <nd ref="4210973806" />
    <nd ref="4680455414" />
    <nd ref="11481207509" />
    <nd ref="11481207510" />
    <nd ref="4210973889" />
    <nd ref="11481207505" />
    <nd ref="4210973964" />
    <nd ref="4210973940" />
    <nd ref="4210973945" />
    <nd ref="4210973285" />
    <nd ref="4210973848" />
    <nd ref="11481207511" />
    <nd ref="4210973806" />
    <tag k="building" v="yes" />
  </way>
  <way id="421319065">
    <nd ref="4210970408" />
    <nd ref="4210971407" />
    <nd ref="4210970407" />
    <nd ref="4210970417" />
    <nd ref="4210970468" />
    <nd ref="4685475439" />
    <nd ref="4210970455" />
    <nd ref="4210970411" />
    <nd ref="4210970408" />
    <tag k="building" v="yes" />
  </way>
  <way id="421319066">
    <nd ref="4210975236" />
    <nd ref="4210975192" />
    <nd ref="4210975220" />
    <nd ref="4210975287" />
    <nd ref="4210975284" />
    <nd ref="4210975286" />
    <nd ref="4210975255" />
    <nd ref="4210975236" />
    <tag k="building" v="yes" />
  </way>
  <way id="421319069">
    <nd ref="4210973840" />
    <nd ref="4210974041" />
    <nd ref="4210973758" />
    <nd ref="4686945530" />
    <nd ref="4686945531" />
    <nd ref="4686945532" />
    <nd ref="4686945533" />
    <nd ref="4686945534" />
    <nd ref="4686945535" />
    <nd ref="4686945536" />
    <nd ref="4686945537" />
    <nd ref="4210973521" />
    <nd ref="4210973582" />
    <nd ref="4210973780" />
    <nd ref="4210973812" />
    <nd ref="4210973840" />
    <tag k="building" v="yes" />
  </way>
  <way id="421319070">
    <nd ref="4210973499" />
    <nd ref="4686945547" />
    <nd ref="4686945548" />
    <nd ref="4210971757" />
    <nd ref="4210973189" />
    <nd ref="4210973249" />
    <nd ref="4210972457" />
    <nd ref="4210973301" />
    <nd ref="4210973369" />
    <nd ref="4210973499" />
    <tag k="building" v="yes" />
  </way>
  <way id="421319072">
    <nd ref="4210975307" />
    <nd ref="4210975308" />
    <nd ref="4210975324" />
    <nd ref="4210975338" />
    <nd ref="4210975343" />
    <nd ref="4681674594" />
    <nd ref="4681674595" />
    <nd ref="4681674596" />
    <nd ref="4210975400" />
    <nd ref="4210975392" />
    <nd ref="4210975307" />
    <tag k="building" v="yes" />
  </way>
  <way id="421319073">
    <nd ref="4210971705" />
    <nd ref="4210973380" />
    <nd ref="4210973344" />
    <nd ref="4210973301" />
    <nd ref="4210972457" />
    <nd ref="4210973389" />
    <nd ref="4686945559" />
    <nd ref="4686945558" />
    <nd ref="4210971780" />
    <nd ref="4210971705" />
    <tag k="building" v="yes" />
  </way>
  <way id="421319074">
    <nd ref="4210973068" />
    <nd ref="4210973003" />
    <nd ref="4210972918" />
    <nd ref="4210972892" />
    <nd ref="4210971485" />
    <nd ref="4687106508" />
    <nd ref="4687106509" />
    <nd ref="4210972738" />
    <nd ref="4210972997" />
    <nd ref="4210973068" />
    <tag k="building" v="yes" />
  </way>
  <way id="421319075">
    <nd ref="4210975421" />
    <nd ref="4210975408" />
    <nd ref="4210975366" />
    <nd ref="4210975382" />
    <nd ref="4210975390" />
    <nd ref="4210975395" />
    <nd ref="4210975440" />
    <nd ref="4526413332" />
    <nd ref="4210975421" />
    <tag k="building" v="yes" />
  </way>
  <way id="421319076">
    <nd ref="4210975465" />
    <nd ref="4210975392" />
    <nd ref="4210975400" />
    <nd ref="4681674597" />
    <nd ref="4681674598" />
    <nd ref="4210975452" />
    <nd ref="4681674599" />
    <nd ref="4210975458" />
    <nd ref="4210975456" />
    <nd ref="4210975479" />
    <nd ref="4210975465" />
    <tag k="building" v="yes" />
  </way>
  <way id="421319077">
    <nd ref="4210975328" />
    <nd ref="4210975262" />
    <nd ref="4210975197" />
    <nd ref="4210975228" />
    <nd ref="4210975247" />
    <nd ref="4210975271" />
    <nd ref="4210975293" />
    <nd ref="4210975328" />
    <tag k="building" v="yes" />
  </way>
  <way id="421319078">
    <nd ref="4210975363" />
    <nd ref="4210975344" />
    <nd ref="4210975328" />
    <nd ref="4210975293" />
    <nd ref="4210975303" />
    <nd ref="4210975311" />
    <nd ref="4210975374" />
    <nd ref="4210975363" />
    <tag k="building" v="yes" />
  </way>
  <way id="421319080">
    <nd ref="4210971478" />
    <nd ref="4210971459" />
    <nd ref="4210972643" />
    <nd ref="4210971471" />
    <nd ref="4210972693" />
    <nd ref="4210971457" />
    <nd ref="4210972690" />
    <nd ref="4210971478" />
    <tag k="building" v="yes" />
  </way>
  <way id="421319081">
    <nd ref="4210975248" />
    <nd ref="4680420407" />
    <nd ref="4680420406" />
    <nd ref="4210975188" />
    <nd ref="4210975291" />
    <nd ref="4210975295" />
    <nd ref="4210975309" />
    <nd ref="4210975314" />
    <nd ref="4210975331" />
    <nd ref="4210975248" />
    <tag k="building" v="yes" />
  </way>
  <way id="421319082">
    <nd ref="4210971925" />
    <nd ref="4210971892" />
    <nd ref="4210971949" />
    <nd ref="4685441932" />
    <nd ref="4685441933" />
    <nd ref="4685441934" />
    <nd ref="4685441935" />
    <nd ref="4685441936" />
    <nd ref="4210972213" />
    <nd ref="4210972202" />
    <nd ref="4210972212" />
    <nd ref="4210971940" />
    <nd ref="4210971925" />
    <tag k="building" v="yes" />
  </way>
  <way id="421319085">
    <nd ref="4210971343" />
    <nd ref="4210971333" />
    <nd ref="4685475421" />
    <nd ref="4210971324" />
    <nd ref="12250687606" />
    <nd ref="4210971347" />
    <nd ref="4210971382" />
    <nd ref="4210971405" />
    <nd ref="4210971387" />
    <nd ref="12250687605" />
    <nd ref="4210971343" />
    <tag k="building" v="yes" />
  </way>
  <way id="421319087">
    <nd ref="4210975502" />
    <nd ref="4210975482" />
    <nd ref="4210975441" />
    <nd ref="4210975419" />
    <nd ref="4210975459" />
    <nd ref="4210975551" />
    <nd ref="4210975506" />
    <nd ref="4210975502" />
    <tag k="building" v="yes" />
  </way>
  <way id="421319090">
    <nd ref="4210971705" />
    <nd ref="4210971780" />
    <nd ref="4686945557" />
    <nd ref="4210973588" />
    <nd ref="4210973591" />
    <nd ref="4210973499" />
    <nd ref="4210973369" />
    <nd ref="4210973419" />
    <nd ref="4210971705" />
    <tag k="building" v="yes" />
  </way>
  <way id="421319091">
    <nd ref="4210973989" />
    <nd ref="4210973923" />
    <nd ref="4210973969" />
    <nd ref="4210973979" />
    <nd ref="4210974013" />
    <nd ref="4210974193" />
    <nd ref="4210974021" />
    <nd ref="4210973989" />
    <tag k="building" v="yes" />
  </way>
  <way id="421319094">
    <nd ref="4210975529" />
    <nd ref="4210975573" />
    <nd ref="4210975579" />
    <nd ref="4210975561" />
    <nd ref="4210975588" />
    <nd ref="4210975563" />
    <nd ref="4680420419" />
    <nd ref="4680420420" />
    <nd ref="4680420421" />
    <nd ref="4210975487" />
    <nd ref="4210975497" />
    <nd ref="4210975529" />
    <tag k="building" v="yes" />
  </way>
  <way id="421319095">
    <nd ref="4210973389" />
    <nd ref="4210972457" />
    <nd ref="4210973249" />
    <nd ref="4210973210" />
    <nd ref="4210973240" />
    <nd ref="4210972479" />
    <nd ref="4210972462" />
    <nd ref="4210973317" />
    <nd ref="4686945561" />
    <nd ref="4686945560" />
    <nd ref="4210973389" />
    <tag k="building" v="yes" />
  </way>
  <way id="421319099">
    <nd ref="4210972976" />
    <nd ref="4210973152" />
    <nd ref="4210973084" />
    <nd ref="4210973136" />
    <nd ref="4210973121" />
    <nd ref="4210973095" />
    <nd ref="4210973078" />
    <nd ref="4210972898" />
    <nd ref="4687106514" />
    <nd ref="4210972976" />
    <tag k="building" v="yes" />
  </way>
  <way id="421319101">
    <nd ref="4210973012" />
    <nd ref="4210972940" />
    <nd ref="4210972925" />
    <nd ref="4210972900" />
    <nd ref="4210972979" />
    <nd ref="4210973144" />
    <nd ref="4694044797" />
    <nd ref="4694044796" />
    <nd ref="4694044795" />
    <nd ref="4210973052" />
    <nd ref="4210973032" />
    <nd ref="4210973012" />
    <tag k="building" v="yes" />
  </way>
  <way id="421319102">
    <nd ref="4210975482" />
    <nd ref="4210975453" />
    <nd ref="4210975445" />
    <nd ref="4210975437" />
    <nd ref="4210975422" />
    <nd ref="4210975405" />
    <nd ref="4210975431" />
    <nd ref="4210975441" />
    <nd ref="4210975482" />
    <tag k="building" v="yes" />
  </way>
  <way id="421319104">
    <nd ref="4210973796" />
    <nd ref="4210973755" />
    <nd ref="4210973730" />
    <nd ref="4210973705" />
    <nd ref="4210973470" />
    <nd ref="4210973749" />
    <nd ref="4210973797" />
    <nd ref="4210973774" />
    <nd ref="4210973796" />
    <tag k="building" v="yes" />
  </way>
  <way id="421319105">
    <nd ref="4210971656" />
    <nd ref="4210971789" />
    <nd ref="4210971917" />
    <nd ref="4685475430" />
    <nd ref="4210971889" />
    <nd ref="4210971608" />
    <nd ref="4210970473" />
    <nd ref="4210971591" />
    <nd ref="4210971625" />
    <nd ref="4210971656" />
    <tag k="building" v="yes" />
  </way>
  <way id="421319109">
    <nd ref="4210971666" />
    <nd ref="4210972247" />
    <nd ref="4210972628" />
    <nd ref="4210972240" />
    <nd ref="4210972203" />
    <nd ref="4210971814" />
    <nd ref="4210968782" />
    <nd ref="4210971647" />
    <nd ref="4686945587" />
    <nd ref="4210971666" />
    <tag k="building" v="yes" />
  </way>
  <way id="421319112">
    <nd ref="4210973183" />
    <nd ref="4210973210" />
    <nd ref="4210973249" />
    <nd ref="4210973189" />
    <nd ref="4210973013" />
    <nd ref="4210973043" />
    <nd ref="4210973125" />
    <nd ref="4210973165" />
    <nd ref="4210973183" />
    <tag k="building" v="yes" />
  </way>
  <way id="421319114">
    <nd ref="4210975635" />
    <nd ref="4210975653" />
    <nd ref="4210975662" />
    <nd ref="4210975660" />
    <nd ref="4210975659" />
    <nd ref="4210975648" />
    <nd ref="4210975650" />
    <nd ref="4210975647" />
    <nd ref="4210975635" />
    <tag k="building" v="yes" />
  </way>
  <way id="421319118">
    <nd ref="4210972892" />
    <nd ref="4210972918" />
    <nd ref="4210972659" />
    <nd ref="4210972793" />
    <nd ref="4210972747" />
    <nd ref="4210972705" />
    <nd ref="4210971448" />
    <nd ref="4687106506" />
    <nd ref="4687106507" />
    <nd ref="4210971485" />
    <nd ref="4210972892" />
    <tag k="building" v="yes" />
  </way>
  <way id="421319119">
    <nd ref="4210973827" />
    <nd ref="4210973831" />
    <nd ref="4210973763" />
    <nd ref="4210973794" />
    <nd ref="4210973268" />
    <nd ref="4210973269" />
    <nd ref="4210973779" />
    <nd ref="4210973732" />
    <nd ref="4210973827" />
    <tag k="building" v="yes" />
  </way>
  <way id="421319121">
    <nd ref="4210974851" />
    <nd ref="4210974842" />
    <nd ref="4210974665" />
    <nd ref="4210974676" />
    <nd ref="4681688947" />
    <nd ref="4210974799" />
    <nd ref="4210974802" />
    <nd ref="4681688946" />
    <nd ref="4681688945" />
    <nd ref="4210974830" />
    <nd ref="4210974825" />
    <nd ref="4681688944" />
    <nd ref="4210974851" />
    <tag k="building" v="yes" />
  </way>
  <way id="421319122">
    <nd ref="4210973168" />
    <nd ref="4210972992" />
    <nd ref="4687106515" />
    <nd ref="4687106516" />
    <nd ref="4687106517" />
    <nd ref="4687106518" />
    <nd ref="4687106519" />
    <nd ref="4687106520" />
    <nd ref="4210973092" />
    <nd ref="4210972488" />
    <nd ref="4210973370" />
    <nd ref="4210973444" />
    <nd ref="4210973322" />
    <nd ref="4210973242" />
    <nd ref="4210973168" />
    <tag k="building" v="yes" />
  </way>
  <way id="421319123">
    <nd ref="4210968758" />
    <nd ref="4210971702" />
    <nd ref="4210971677" />
    <nd ref="4210971652" />
    <nd ref="4210971646" />
    <nd ref="4210971618" />
    <nd ref="4695484877" />
    <nd ref="4210971645" />
    <nd ref="4210971684" />
    <nd ref="4210968758" />
    <tag k="building" v="yes" />
  </way>
  <way id="421319124">
    <nd ref="4210971486" />
    <nd ref="4210971466" />
    <nd ref="4210971430" />
    <nd ref="4210971442" />
    <nd ref="4210972652" />
    <nd ref="4210971446" />
    <nd ref="4686945579" />
    <nd ref="4686945577" />
    <nd ref="4210972727" />
    <nd ref="4210972697" />
    <nd ref="4210971486" />
    <tag k="building" v="yes" />
  </way>
  <way id="421319125">
    <nd ref="4210971597" />
    <nd ref="4210971610" />
    <nd ref="4210971633" />
    <nd ref="4210971636" />
    <nd ref="4685441921" />
    <nd ref="4685441922" />
    <nd ref="4685441923" />
    <nd ref="4210971680" />
    <nd ref="4210971661" />
    <nd ref="4210971619" />
    <nd ref="4210971616" />
    <nd ref="4210971605" />
    <nd ref="4210971597" />
    <tag k="building" v="yes" />
  </way>
  <way id="421319131">
    <nd ref="4210973853" />
    <nd ref="4210973839" />
    <nd ref="4210973770" />
    <nd ref="4210973811" />
    <nd ref="4210973817" />
    <nd ref="4210973822" />
    <nd ref="4210973895" />
    <nd ref="4210973897" />
    <nd ref="4210973276" />
    <nd ref="4210973853" />
    <tag k="building" v="yes" />
  </way>
  <way id="421319132">
    <nd ref="4210975653" />
    <nd ref="4210975635" />
    <nd ref="4210975602" />
    <nd ref="4660442228" />
    <nd ref="4210975558" />
    <nd ref="4210975633" />
    <nd ref="4210975640" />
    <nd ref="4210975661" />
    <nd ref="4210975678" />
    <nd ref="4210975667" />
    <nd ref="4210975653" />
    <tag k="building" v="yes" />
  </way>
  <way id="421319133">
    <nd ref="4210973017" />
    <nd ref="4210973146" />
    <nd ref="4210973190" />
    <nd ref="4210973243" />
    <nd ref="4210973227" />
    <nd ref="4210973233" />
    <nd ref="4210973205" />
    <nd ref="4210973182" />
    <nd ref="4210973062" />
    <nd ref="4685688625" />
    <nd ref="4210973017" />
    <tag k="building" v="yes" />
  </way>
  <way id="421319134">
    <nd ref="4210972989" />
    <nd ref="4210972677" />
    <nd ref="4210972903" />
    <nd ref="4210972700" />
    <nd ref="4210972694" />
    <nd ref="4210971478" />
    <nd ref="4210972690" />
    <nd ref="4210972717" />
    <nd ref="4210973069" />
    <nd ref="4686945555" />
    <nd ref="4210972989" />
    <tag k="building" v="yes" />
  </way>
  <way id="421319136">
    <nd ref="4210972605" />
    <nd ref="4210972259" />
    <nd ref="4210972228" />
    <nd ref="4210972220" />
    <nd ref="4210971951" />
    <nd ref="4210971948" />
    <nd ref="4686945581" />
    <nd ref="4210971968" />
    <nd ref="4210971984" />
    <nd ref="4210972608" />
    <nd ref="4210972605" />
    <tag k="building" v="yes" />
  </way>
  <way id="421319137">
    <nd ref="4210973718" />
    <nd ref="11481207512" />
    <nd ref="4210973745" />
    <nd ref="4210973777" />
    <nd ref="4210973808" />
    <nd ref="4210973814" />
    <nd ref="4210973793" />
    <nd ref="4210973810" />
    <nd ref="4210973776" />
    <nd ref="4210973751" />
    <nd ref="11481207513" />
    <nd ref="4210973718" />
    <tag k="building" v="yes" />
  </way>
  <way id="421319139">
    <nd ref="4210973852" />
    <nd ref="4210973284" />
    <nd ref="4210973898" />
    <nd ref="4210973832" />
    <nd ref="4210973850" />
    <nd ref="4210973836" />
    <nd ref="4210973797" />
    <nd ref="4210973749" />
    <nd ref="4210973835" />
    <nd ref="4210973852" />
    <tag k="building" v="yes" />
  </way>
  <way id="421319140">
    <nd ref="4210973719" />
    <nd ref="4210973990" />
    <nd ref="4210974201" />
    <nd ref="4210973829" />
    <nd ref="4210973804" />
    <nd ref="4210973787" />
    <nd ref="4210973761" />
    <nd ref="4210973786" />
    <nd ref="4210973711" />
    <nd ref="4210973719" />
    <tag k="building" v="yes" />
  </way>
  <way id="421319142">
    <nd ref="4210974909" />
    <nd ref="4210974901" />
    <nd ref="4210974931" />
    <nd ref="4210974368" />
    <nd ref="4210974367" />
    <nd ref="4210974968" />
    <nd ref="4210974955" />
    <nd ref="4210974943" />
    <nd ref="4210974923" />
    <nd ref="4210974909" />
    <tag k="building" v="yes" />
  </way>
  <way id="421319145">
    <nd ref="4210974887" />
    <nd ref="4210974878" />
    <nd ref="4210974894" />
    <nd ref="4210974902" />
    <nd ref="4210974904" />
    <nd ref="4210974920" />
    <nd ref="4210974919" />
    <nd ref="4210974929" />
    <nd ref="4210974905" />
    <nd ref="4210974887" />
    <tag k="building" v="yes" />
  </way>
  <way id="421319146">
    <nd ref="4210971862" />
    <nd ref="4210971899" />
    <nd ref="4210971915" />
    <nd ref="4210971962" />
    <nd ref="4210971929" />
    <nd ref="4210971935" />
    <nd ref="4210971950" />
    <nd ref="4210972201" />
    <nd ref="4210971896" />
    <nd ref="4686945795" />
    <nd ref="4686945796" />
    <nd ref="4210971862" />
    <tag k="building" v="yes" />
  </way>
  <way id="421319147">
    <nd ref="4210971455" />
    <nd ref="4210972650" />
    <nd ref="4210972644" />
    <nd ref="4210972604" />
    <nd ref="4210972633" />
    <nd ref="4210971435" />
    <nd ref="4210971458" />
    <nd ref="4210972689" />
    <nd ref="4210971470" />
    <nd ref="4210971455" />
    <tag k="building" v="yes" />
  </way>
  <way id="421319148">
    <nd ref="4210972965" />
    <nd ref="4210972978" />
    <nd ref="4210972983" />
    <nd ref="4210973176" />
    <nd ref="4694044799" />
    <nd ref="4210973144" />
    <nd ref="4210972979" />
    <nd ref="4210972917" />
    <nd ref="4210972687" />
    <nd ref="4210972928" />
    <nd ref="4210972965" />
    <tag k="building" v="yes" />
  </way>
  <way id="421319149">
    <nd ref="4210974970" />
    <nd ref="4210974369" />
    <nd ref="4210974956" />
    <nd ref="4210974950" />
    <nd ref="4210974946" />
    <nd ref="4210974926" />
    <nd ref="4210974927" />
    <nd ref="4210974921" />
    <nd ref="4210974941" />
    <nd ref="4210974970" />
    <tag k="building" v="yes" />
  </way>
  <way id="421319150">
    <nd ref="4210972591" />
    <nd ref="4210972232" />
    <nd ref="4210971971" />
    <nd ref="4210972209" />
    <nd ref="4210972230" />
    <nd ref="4210972215" />
    <nd ref="4210972241" />
    <nd ref="4210972258" />
    <nd ref="4210972263" />
    <nd ref="4210972591" />
    <tag k="building" v="yes" />
  </way>
  <way id="421319151">
    <nd ref="4210973373" />
    <nd ref="4210973371" />
    <nd ref="4210973319" />
    <nd ref="4210973390" />
    <nd ref="4210973365" />
    <nd ref="4210973443" />
    <nd ref="4210971784" />
    <nd ref="4210971735" />
    <nd ref="4210973408" />
    <nd ref="4210973373" />
    <tag k="building" v="yes" />
  </way>
  <way id="421319152">
    <nd ref="4210973361" />
    <nd ref="4210973401" />
    <nd ref="6355183504" />
    <nd ref="4210971710" />
    <nd ref="4210973430" />
    <nd ref="4210971779" />
    <nd ref="4210971734" />
    <nd ref="4210973398" />
    <nd ref="4210973370" />
    <nd ref="4210972488" />
    <nd ref="4210973361" />
    <tag k="building" v="yes" />
  </way>
  <way id="421319154">
    <nd ref="4210974681" />
    <nd ref="4210974680" />
    <nd ref="4681674580" />
    <nd ref="4210974803" />
    <nd ref="4210974808" />
    <nd ref="4210974812" />
    <nd ref="4210974821" />
    <nd ref="4210974815" />
    <nd ref="4210974809" />
    <nd ref="4210974792" />
    <nd ref="4210974681" />
    <tag k="building" v="yes" />
  </way>
  <way id="424632416">
    <nd ref="3702334527" />
    <nd ref="10699582114" />
    <tag k="highway" v="footway" />
  </way>
  <way id="425691562">
    <nd ref="4249855000" />
    <nd ref="4249855008" />
    <nd ref="4249855002" />
    <nd ref="4249855033" />
    <nd ref="4249854989" />
    <nd ref="4249854822" />
    <nd ref="4249854818" />
    <nd ref="4249854815" />
    <nd ref="4249854814" />
    <nd ref="4249854816" />
    <nd ref="4249854843" />
    <nd ref="4249854846" />
    <nd ref="4249854852" />
    <nd ref="4249854861" />
    <nd ref="4249854865" />
    <nd ref="4249854993" />
    <nd ref="4249855000" />
    <tag k="building" v="yes" />
  </way>
  <way id="425694028">
    <nd ref="2453466171" />
    <nd ref="12106413836" />
    <nd ref="9025376422" />
    <nd ref="12106413864" />
    <nd ref="12106413860" />
    <nd ref="60641511" />
    <tag k="highway" v="secondary" />
    <tag k="name" v="Praça Ramos de Azevedo" />
  </way>
  <way id="425694029">
    <nd ref="1477493418" />
    <nd ref="4959191056" />
    <nd ref="4503375506" />
    <nd ref="13591157763" />
    <nd ref="60641488" />
    <tag k="highway" v="secondary" />
    <tag k="name" v="Rua Coronel Xavier de Toledo" />
  </way>
  <way id="425694030">
    <nd ref="60641664" />
    <nd ref="4524594714" />
    <nd ref="9776658787" />
    <nd ref="4524594713" />
    <nd ref="9025376424" />
    <nd ref="9025376423" />
    <nd ref="1477493418" />
    <tag k="highway" v="secondary" />
    <tag k="name" v="Rua Coronel Xavier de Toledo" />
  </way>
  <way id="425869966">
    <nd ref="1659499493" />
    <nd ref="4251881699" />
    <nd ref="4251881389" />
    <tag k="highway" v="residential" />
    <tag k="name" v="Parque Anhangabau" />
  </way>
  <way id="425870078">
    <nd ref="4251881419" />
    <nd ref="4511006076" />
    <nd ref="4511006075" />
    <nd ref="4511006074" />
    <nd ref="617798741" />
    <nd ref="4511006073" />
    <nd ref="617798740" />
    <nd ref="4251881402" />
    <nd ref="60685466" />
    <nd ref="4251881389" />
    <tag k="highway" v="residential" />
    <tag k="name" v="Rua Formosa" />
  </way>
  <way id="453626517">
    <nd ref="4503377583" />
    <nd ref="12106413834" />
    <nd ref="12106413837" />
    <nd ref="12106413838" />
    <nd ref="12106413866" />
    <nd ref="4503377579" />
    <nd ref="12106413863" />
    <nd ref="12106413840" />
    <nd ref="12106413842" />
    <nd ref="4503377577" />
    <nd ref="12106413841" />
    <nd ref="12106413839" />
    <nd ref="12106413843" />
    <nd ref="4503377573" />
    <nd ref="12106413844" />
    <nd ref="11509018747" />
    <nd ref="12106413832" />
    <nd ref="12106413835" />
    <nd ref="4503377583" />
    <tag k="highway" v="footway" />
    <tag k="name" v="Praça Ramos de Azevedo" />
  </way>
  <way id="474663542">
    <nd ref="4685687578" />
    <nd ref="12106413807" />
    <nd ref="60641645" />
    <tag k="highway" v="pedestrian" />
    <tag k="name" v="Rua Conselheiro Crispiniano" />
  </way>
  <way id="476188874">
    <nd ref="11509018751" />
    <nd ref="4686945806" />
    <nd ref="4698295395" />
    <nd ref="11509018750" />
    <tag k="highway" v="footway" />
    <tag k="name" v="Galeria Olido" />
  </way>
  <way id="477130809">
    <nd ref="3731407181" />
    <nd ref="12106413853" />
    <tag k="highway" v="footway" />
  </way>
  <way id="477130810">
    <nd ref="3731407183" />
    <nd ref="12106413862" />
    <tag k="highway" v="footway" />
  </way>
  <way id="509268176">
    <nd ref="4985185152" />
    <nd ref="4985185166" />
    <nd ref="13740011673" />
    <nd ref="4985185165" />
    <nd ref="9965307400" />
    <nd ref="4985185164" />
    <nd ref="4985185163" />
    <nd ref="9965294112" />
    <nd ref="4985185162" />
    <nd ref="4985185161" />
    <nd ref="13739953826" />
    <nd ref="13739953827" />
    <nd ref="4985185160" />
    <nd ref="4985185159" />
    <nd ref="4985185169" />
    <nd ref="4985185158" />
    <nd ref="4985185157" />
    <nd ref="4985185156" />
    <nd ref="4985185155" />
    <nd ref="4985185154" />
    <nd ref="4985185153" />
    <nd ref="4985185151" />
    <nd ref="13739953845" />
    <nd ref="4985185168" />
    <nd ref="3731407194" />
    <nd ref="4985185167" />
    <nd ref="4985185152" />
    <tag k="highway" v="footway" />
  </way>
  <way id="509268177">
    <nd ref="4985185160" />
    <nd ref="4985185172" />
    <tag k="highway" v="footway" />
  </way>
  <way id="509268179">
    <nd ref="4985185166" />
    <nd ref="9965294104" />
    <nd ref="9965294103" />
    <nd ref="4985185175" />
    <nd ref="3731407184" />
    <tag k="highway" v="footway" />
  </way>
  <way id="512190562">
    <nd ref="5008665682" />
    <nd ref="5008665683" />
    <nd ref="5008665684" />
    <nd ref="5008665685" />
    <nd ref="5008665682" />
    <tag k="building" v="yes" />
  </way>
  <way id="512190563">
    <nd ref="5008665686" />
    <nd ref="5008665687" />
    <nd ref="5008665688" />
    <nd ref="5008665689" />
    <nd ref="5008665686" />
    <tag k="building" v="yes" />
  </way>
  <way id="662540605">
    <nd ref="11509018733" />
    <nd ref="6202562248" />
    <nd ref="12106522643" />
    <nd ref="6202562249" />
    <tag k="highway" v="footway" />
  </way>
  <way id="701220038">
    <nd ref="6585598365" />
    <nd ref="6585598366" />
    <nd ref="9122777925" />
    <tag k="highway" v="steps" />
  </way>
  <way id="779584032">
    <nd ref="25928842" />
    <nd ref="7279843959" />
    <tag k="highway" v="trunk" />
    <tag k="name" v="Túnel São João Paulo II" />
  </way>
  <way id="936396989">
    <nd ref="8676784228" />
    <nd ref="25928842" />
    <tag k="highway" v="trunk" />
    <tag k="name" v="Avenida 23 de Maio" />
  </way>
  <way id="936396990">
    <nd ref="6153240475" />
    <nd ref="25928842" />
    <tag k="highway" v="primary" />
    <tag k="name" v="Avenida Nove de Julho" />
  </way>
  <way id="986028741">
    <nd ref="1477495376" />
    <nd ref="11509018758" />
    <nd ref="9115214732" />
    <tag k="highway" v="secondary" />
    <tag k="name" v="Largo do Paissandú" />
  </way>
  <way id="1022371501">
    <nd ref="12106413838" />
    <nd ref="12106413868" />
    <nd ref="2453466173" />
    <nd ref="13591157765" />
    <nd ref="10699582122" />
    <tag k="highway" v="footway" />
  </way>
  <way id="1085507152">
    <nd ref="4648524305" />
    <nd ref="4648524315" />
    <tag k="highway" v="footway" />
    <tag k="name" v="Galeria Sete de Abril" />
  </way>
  <way id="1085508576">
    <nd ref="9946488924" />
    <nd ref="9946488925" />
    <nd ref="9946488926" />
    <nd ref="9946488927" />
    <tag k="highway" v="footway" />
    <tag k="name" v="Galeria ITA" />
  </way>
  <way id="1085508577">
    <nd ref="9946488925" />
    <nd ref="9946488928" />
    <nd ref="9946488929" />
    <nd ref="9946488927" />
    <tag k="highway" v="footway" />
    <tag k="name" v="Galeria ITA" />
  </way>
  <way id="1085515100">
    <nd ref="4648524306" />
    <nd ref="4648524314" />
    <tag k="highway" v="footway" />
    <tag k="name" v="Galeria das Artes" />
  </way>
  <way id="1087146416">
    <nd ref="9960978676" />
    <nd ref="13288689327" />
    <nd ref="9960978677" />
    <tag k="highway" v="footway" />
    <tag k="name" v="Passagem Subterrânea" />
  </way>
  <way id="1087146417">
    <nd ref="9960978676" />
    <nd ref="9960978678" />
    <tag k="highway" v="steps" />
  </way>
  <way id="1087146418">
    <nd ref="9960978677" />
    <nd ref="9960978679" />
    <tag k="highway" v="steps" />
  </way>
  <way id="1087644571">
    <nd ref="3731407181" />
    <nd ref="13742771042" />
    <nd ref="13742771043" />
    <nd ref="13742771046" />
    <nd ref="13591157762" />
    <nd ref="13742771047" />
    <nd ref="13742771045" />
    <nd ref="13742771044" />
    <nd ref="3731407183" />
    <tag k="highway" v="footway" />
  </way>
  <way id="1087644572">
    <nd ref="3731407182" />
    <nd ref="9965294099" />
    <nd ref="9965294100" />
    <nd ref="9965294101" />
    <nd ref="13739953846" />
    <nd ref="4985185151" />
    <tag k="highway" v="footway" />
  </way>
  <way id="1087644573">
    <nd ref="9965294105" />
    <nd ref="13740011671" />
    <nd ref="13740011672" />
    <nd ref="9965294106" />
    <nd ref="13740011674" />
    <nd ref="13740011675" />
    <nd ref="4985185165" />
    <tag k="highway" v="footway" />
  </way>
  <way id="1087644574">
    <nd ref="9965294109" />
    <nd ref="13690843922" />
    <nd ref="9965294110" />
    <nd ref="13690843920" />
    <nd ref="9965294111" />
    <nd ref="13739953844" />
    <nd ref="9965294112" />
    <tag k="highway" v="footway" />
  </way>
  <way id="1087645201">
    <nd ref="4985185156" />
    <nd ref="9965333945" />
    <tag k="highway" v="footway" />
  </way>
  <way id="1087645202">
    <nd ref="13690843924" />
    <nd ref="12112768129" />
    <tag k="highway" v="footway" />
  </way>
  <way id="1087645853">
    <nd ref="9965307400" />
    <nd ref="9965294109" />
    <nd ref="13690843924" />
    <tag k="highway" v="steps" />
  </way>
  <way id="1087646389">
    <nd ref="13619247440" />
    <nd ref="13619247439" />
    <nd ref="13619247438" />
    <nd ref="9965301285" />
    <tag k="highway" v="footway" />
  </way>
  <way id="1087646390">
    <nd ref="4503331661" />
    <nd ref="13619247444" />
    <nd ref="2635266857" />
    <tag k="highway" v="pedestrian" />
  </way>
  <way id="1089811833">
    <nd ref="9982950361" />
    <nd ref="13591157745" />
    <nd ref="9982950362" />
    <nd ref="9982950363" />
    <nd ref="13619247441" />
    <nd ref="13591157746" />
    <nd ref="9982950364" />
    <nd ref="9982950365" />
    <nd ref="3718145448" />
    <tag k="highway" v="footway" />
  </way>
  <way id="1090376308">
    <nd ref="9982950366" />
    <nd ref="12112936109" />
    <nd ref="12112936108" />
    <nd ref="13591157737" />
    <nd ref="3718145448" />
    <tag k="highway" v="footway" />
  </way>
  <way id="1150169262">
    <nd ref="10691957422" />
    <nd ref="6886525653" />
    <nd ref="10699552388" />
    <nd ref="6886525654" />
    <nd ref="10699552385" />
    <nd ref="10699552386" />
    <nd ref="10699582112" />
    <nd ref="10699552401" />
    <nd ref="10699552402" />
    <nd ref="10699552403" />
    <nd ref="10699552404" />
    <nd ref="10699582113" />
    <nd ref="10699582110" />
    <nd ref="10699582105" />
    <nd ref="10699582106" />
    <nd ref="10699582107" />
    <nd ref="13273683854" />
    <nd ref="10699582108" />
    <nd ref="10699582109" />
    <nd ref="10699582114" />
    <tag k="highway" v="footway" />
  </way>
  <way id="1150169263">
    <nd ref="10699582131" />
    <nd ref="10699582118" />
    <nd ref="10699582119" />
    <nd ref="10699582128" />
    <nd ref="10699582120" />
    <nd ref="10699582121" />
    <nd ref="13273683853" />
    <nd ref="10699582122" />
    <nd ref="13273683856" />
    <nd ref="13273706542" />
    <nd ref="10699582124" />
    <nd ref="60641645" />
    <tag k="highway" v="footway" />
  </way>
  <way id="1150169268">
    <nd ref="12106413837" />
    <nd ref="2453466166" />
    <nd ref="10699582127" />
    <nd ref="10699582125" />
    <nd ref="13591157768" />
    <nd ref="10699582124" />
    <tag k="highway" v="footway" />
  </way>
  <way id="1150169269">
    <nd ref="10699582128" />
    <nd ref="1477493418" />
    <nd ref="10699582110" />
    <tag k="highway" v="footway" />
  </way>
  <way id="1238901407">
    <nd ref="11509018688" />
    <nd ref="11509018689" />
    <nd ref="11509018690" />
    <nd ref="11509018691" />
    <nd ref="11509018692" />
    <nd ref="11509018693" />
    <nd ref="13704676873" />
    <nd ref="13704676872" />
    <nd ref="11509018694" />
    <nd ref="11509018695" />
    <nd ref="11509018696" />
    <nd ref="11509018697" />
    <nd ref="11509018698" />
    <nd ref="11509018699" />
    <nd ref="11509018700" />
    <nd ref="11509018701" />
    <nd ref="11509018702" />
    <nd ref="11509018703" />
    <nd ref="11509018713" />
    <nd ref="11509018704" />
    <nd ref="11509018705" />
    <nd ref="11509018706" />
    <nd ref="11509018707" />
    <nd ref="11509018708" />
    <nd ref="11509018709" />
    <nd ref="11509018710" />
    <nd ref="11509018759" />
    <nd ref="11509018688" />
    <tag k="highway" v="footway" />
  </way>
  <way id="1238901408">
    <nd ref="11509018709" />
    <nd ref="2396360209" />
    <nd ref="13591157759" />
    <nd ref="11509018711" />
    <tag k="highway" v="footway" />
  </way>
  <way id="1238901409">
    <nd ref="11509018698" />
    <nd ref="2396360204" />
    <nd ref="12112768117" />
    <tag k="highway" v="footway" />
  </way>
  <way id="1238901410">
    <nd ref="11509018713" />
    <nd ref="11509018716" />
    <nd ref="13591157757" />
    <nd ref="11509018714" />
    <tag k="highway" v="footway" />
  </way>
  <way id="1238901411">
    <nd ref="11509018717" />
    <nd ref="12250687608" />
    <nd ref="11509018754" />
    <nd ref="11509018742" />
    <nd ref="11509018718" />
    <nd ref="11509018715" />
    <nd ref="11509018714" />
    <nd ref="4210971688" />
    <nd ref="11509018719" />
    <nd ref="11509018720" />
    <nd ref="11509018721" />
    <nd ref="11509018722" />
    <nd ref="11509018723" />
    <nd ref="11509018724" />
    <nd ref="12112768126" />
    <nd ref="11509018725" />
    <nd ref="11509018726" />
    <nd ref="11509018727" />
    <nd ref="11509018728" />
    <nd ref="4210973318" />
    <nd ref="11509018729" />
    <nd ref="11509018730" />
    <nd ref="11509018731" />
    <nd ref="11509018744" />
    <nd ref="11509018732" />
    <nd ref="11509018733" />
    <nd ref="11509018734" />
    <nd ref="11509018740" />
    <nd ref="11509018735" />
    <nd ref="11509018736" />
    <nd ref="11509018741" />
    <nd ref="11509018737" />
    <nd ref="11509018738" />
    <nd ref="11509018739" />
    <nd ref="11509018717" />
    <tag k="highway" v="footway" />
  </way>
  <way id="1238901412">
    <nd ref="11509018720" />
    <nd ref="4465711963" />
    <nd ref="13591157740" />
    <nd ref="11509018712" />
    <tag k="highway" v="footway" />
  </way>
  <way id="1238901413">
    <nd ref="12106413806" />
    <nd ref="6202562251" />
    <nd ref="11509018744" />
    <tag k="highway" v="footway" />
  </way>
  <way id="1238901414">
    <nd ref="11509018727" />
    <nd ref="2453466161" />
    <nd ref="11509018745" />
    <tag k="highway" v="footway" />
  </way>
  <way id="1238901415">
    <nd ref="11509018725" />
    <nd ref="2453466160" />
    <nd ref="13591157758" />
    <nd ref="11509018747" />
    <tag k="highway" v="footway" />
  </way>
  <way id="1238901416">
    <nd ref="4210971688" />
    <nd ref="11509018749" />
    <tag k="highway" v="footway" />
    <tag k="name" v="Shopping Center Grandes Galleria" />
  </way>
  <way id="1238901417">
    <nd ref="11509018750" />
    <nd ref="11509018715" />
    <tag k="highway" v="footway" />
    <tag k="name" v="Galeria Olido" />
  </way>
  <way id="1238901418">
    <nd ref="11490963258" />
    <nd ref="11509018751" />
    <tag k="highway" v="footway" />
    <tag k="name" v="Galeria Olido" />
  </way>
  <way id="1238901419">
    <nd ref="11509018753" />
    <nd ref="4210973318" />
    <tag k="highway" v="footway" />
    <tag k="name" v="Shopping Center Grandes Galleria" />
  </way>
  <way id="1238901420">
    <nd ref="11509018754" />
    <nd ref="11509018756" />
    <nd ref="11509018755" />
    <tag k="highway" v="footway" />
  </way>
  <way id="1238901421">
    <nd ref="11509018697" />
    <nd ref="11509018758" />
    <nd ref="11509018757" />
    <tag k="highway" v="footway" />
  </way>
  <way id="1302655689">
    <nd ref="4210971957" />
    <nd ref="12064457061" />
    <nd ref="4210972658" />
    <tag k="highway" v="footway" />
    <tag k="name" v="Galeria Presidente" />
  </way>
  <way id="1307281364">
    <nd ref="12106413807" />
    <nd ref="12106413831" />
    <nd ref="12106413808" />
    <nd ref="12106413809" />
    <nd ref="12106413810" />
    <nd ref="11509018745" />
    <nd ref="12106413811" />
    <nd ref="12106413823" />
    <nd ref="12106413812" />
    <nd ref="12106413806" />
    <nd ref="12106413813" />
    <nd ref="12106413814" />
    <nd ref="12106413815" />
    <nd ref="12106413816" />
    <nd ref="12106413830" />
    <nd ref="12106413817" />
    <nd ref="12106413825" />
    <nd ref="12106413818" />
    <nd ref="12106413819" />
    <nd ref="12106413827" />
    <nd ref="12106413820" />
    <nd ref="12106413821" />
    <nd ref="60685819" />
    <tag k="highway" v="footway" />
  </way>
  <way id="1307281368">
    <nd ref="12106413831" />
    <nd ref="12106413833" />
    <nd ref="13591157766" />
    <nd ref="12106413832" />
    <tag k="highway" v="footway" />
  </way>
  <way id="1307281369">
    <nd ref="12106413843" />
    <nd ref="12106413846" />
    <nd ref="12106413845" />
    <tag k="highway" v="footway" />
  </way>
  <way id="1307281370">
    <nd ref="12106413849" />
    <nd ref="12113813602" />
    <nd ref="12106413850" />
    <nd ref="12106413865" />
    <nd ref="12106413851" />
    <nd ref="12106413852" />
    <nd ref="12106413867" />
    <nd ref="12106413853" />
    <nd ref="12106413862" />
    <nd ref="9965294105" />
    <nd ref="12106413854" />
    <nd ref="12106413855" />
    <nd ref="12112768129" />
    <nd ref="12106413857" />
    <tag k="highway" v="footway" />
  </way>
  <way id="1307281371">
    <nd ref="12106413855" />
    <nd ref="12106413859" />
    <nd ref="12106413858" />
    <tag k="highway" v="footway" />
  </way>
  <way id="1307281372">
    <nd ref="12106413860" />
    <nd ref="12106413859" />
    <nd ref="60641511" />
    <tag k="highway" v="residential" />
    <tag k="name" v="Praça Ramos de Azevedo" />
  </way>
  <way id="1307281373">
    <nd ref="9965294105" />
    <nd ref="12106413864" />
    <nd ref="12106413863" />
    <tag k="highway" v="footway" />
  </way>
  <way id="1307281374">
    <nd ref="12106413865" />
    <nd ref="60641488" />
    <nd ref="13591157764" />
    <nd ref="10699582122" />
    <tag k="highway" v="footway" />
  </way>
  <way id="1307281375">
    <nd ref="13273683854" />
    <nd ref="13591157761" />
    <nd ref="60641488" />
    <nd ref="12113811918" />
    <nd ref="12106413866" />
    <tag k="highway" v="footway" />
  </way>
  <way id="1307281376">
    <nd ref="12106413867" />
    <nd ref="2453466171" />
    <nd ref="4503377579" />
    <tag k="highway" v="footway" />
  </way>
  <way id="1307979436">
    <nd ref="11509018712" />
    <nd ref="12112768118" />
    <nd ref="12112768115" />
    <nd ref="12112768117" />
    <nd ref="12112768116" />
    <nd ref="11509018757" />
    <nd ref="12112768114" />
    <nd ref="12112768113" />
    <nd ref="12112768104" />
    <nd ref="12112762296" />
    <nd ref="12112768105" />
    <nd ref="12112768106" />
    <nd ref="4510951821" />
    <nd ref="12112768107" />
    <nd ref="12112768108" />
    <nd ref="12112762297" />
    <nd ref="12112768109" />
    <nd ref="12112768110" />
    <nd ref="12112768112" />
    <nd ref="12112768111" />
    <nd ref="5218620745" />
    <tag k="highway" v="footway" />
  </way>
  <way id="1307979437">
    <nd ref="11509018712" />
    <nd ref="12112768119" />
    <nd ref="12112768125" />
    <nd ref="12112768120" />
    <nd ref="12112768121" />
    <nd ref="12112768122" />
    <nd ref="12106413845" />
    <nd ref="12106413858" />
    <nd ref="12112768123" />
    <nd ref="9965301288" />
    <tag k="highway" v="footway" />
  </way>
  <way id="1307979438">
    <nd ref="12112768125" />
    <nd ref="13591157755" />
    <nd ref="12112768127" />
    <nd ref="12112768126" />
    <tag k="highway" v="footway" />
  </way>
  <way id="1307992564">
    <nd ref="12112869783" />
    <nd ref="12112869786" />
    <nd ref="12112869784" />
    <nd ref="12106413849" />
    <tag k="highway" v="footway" />
  </way>
  <way id="1307992565">
    <nd ref="10699582114" />
    <nd ref="12112869788" />
    <nd ref="12112869794" />
    <tag k="highway" v="footway" />
  </way>
  <way id="1308033428">
    <nd ref="12113391928" />
    <nd ref="12113391929" />
    <nd ref="13591157743" />
    <nd ref="13591157742" />
    <nd ref="12113391927" />
    <nd ref="12113391926" />
    <nd ref="12113391925" />
    <nd ref="12113391924" />
    <nd ref="12113391923" />
    <nd ref="12113391922" />
    <nd ref="12113388156" />
    <nd ref="13684111199" />
    <nd ref="4511006052" />
    <nd ref="8731821499" />
    <tag k="highway" v="footway" />
  </way>
  <way id="1308065343">
    <nd ref="10699582109" />
    <nd ref="13591157753" />
    <nd ref="60641485" />
    <nd ref="12113813602" />
    <tag k="highway" v="footway" />
  </way>
  <way id="1308065873">
    <nd ref="2453466163" />
    <nd ref="4685687578" />
    <tag k="highway" v="tertiary" />
    <tag k="name" v="Praça Ramos de Azevedo" />
  </way>
  <way id="1384382707">
    <nd ref="12817372189" />
    <nd ref="12817372188" />
    <nd ref="12112768114" />
    <tag k="highway" v="footway" />
  </way>
  <way id="1446681541">
    <nd ref="9960978678" />
    <nd ref="10699582109" />
    <tag k="highway" v="footway" />
  </way>
  <way id="1446681542">
    <nd ref="9960978679" />
    <nd ref="13273706542" />
    <tag k="highway" v="footway" />
  </way>
  <way id="1482005215">
    <nd ref="12113391928" />
    <nd ref="9982950361" />
    <tag k="highway" v="footway" />
    <tag k="name" v="Rua Formosa" />
  </way>
  <way id="1482005216">
    <nd ref="12113391928" />
    <nd ref="13591157744" />
    <tag k="highway" v="footway" />
  </way>
  <way id="1482005217">
    <nd ref="9982950361" />
    <nd ref="3727930982" />
    <tag k="highway" v="pedestrian" />
    <tag k="name" v="Rua Formosa" />
  </way>
  <way id="1482005218">
    <nd ref="3727930982" />
    <nd ref="13591157747" />
    <tag k="highway" v="pedestrian" />
    <tag k="name" v="Rua Formosa" />
  </way>
  <way id="1485560211">
    <nd ref="5079238888" />
    <nd ref="9982950366" />
    <nd ref="5079238889" />
    <tag k="highway" v="footway" />
    <tag k="name" v="Parque Anhangabaú" />
  </way>
  <way id="1485560213">
    <nd ref="13619247440" />
    <nd ref="13619247441" />
    <tag k="highway" v="pedestrian" />
  </way>
  <way id="1485560214">
    <nd ref="13619247440" />
    <nd ref="13619247444" />
    <nd ref="13619247443" />
    <nd ref="13619247442" />
    <tag k="highway" v="pedestrian" />
  </way>
  <way id="1494209330">
    <nd ref="9965294106" />
    <nd ref="9965294107" />
    <nd ref="9965294108" />
    <nd ref="13690843921" />
    <nd ref="9965294109" />
    <tag k="highway" v="steps" />
  </way>
  <way id="1495971912">
    <nd ref="13704676843" />
    <nd ref="13704676865" />
    <nd ref="13704676855" />
    <nd ref="13704676858" />
    <nd ref="13704676848" />
    <nd ref="13704676844" />
    <nd ref="13704676849" />
    <nd ref="13704676860" />
    <nd ref="13704676851" />
    <nd ref="13704676845" />
    <nd ref="13704676852" />
    <nd ref="13704676850" />
    <nd ref="13704676369" />
    <nd ref="13705161548" />
    <nd ref="13704676846" />
    <nd ref="13705161547" />
    <nd ref="13704676871" />
    <nd ref="13704676847" />
    <nd ref="13704676866" />
    <nd ref="13704676843" />
    <tag k="highway" v="footway" />
  </way>
  <way id="1495971913">
    <nd ref="13704676844" />
    <nd ref="13704676853" />
    <nd ref="13704676854" />
    <nd ref="13704676872" />
    <tag k="highway" v="footway" />
  </way>
  <way id="1495971915">
    <nd ref="13704676858" />
    <nd ref="13704676862" />
    <nd ref="13704676859" />
    <nd ref="13704676861" />
    <nd ref="13704676860" />
    <tag k="highway" v="footway" />
  </way>
  <way id="1501088142">
    <nd ref="13742858995" />
    <nd ref="13742858996" />
    <nd ref="13742858997" />
    <nd ref="13742858998" />
    <nd ref="13742858999" />
    <nd ref="13742859000" />
    <nd ref="13742867201" />
    <nd ref="13742858995" />
    <tag k="leisure" v="garden" />
  </way>
  <way id="1501092089">
    <nd ref="13742869271" />
    <nd ref="13742869272" />
    <nd ref="13742869273" />
    <nd ref="13742869274" />
    <nd ref="13742869275" />
    <nd ref="13742869276" />
    <nd ref="13742869277" />
    <nd ref="13742869278" />
    <nd ref="13742869279" />
    <nd ref="13742869280" />
    <nd ref="13742869281" />
    <nd ref="13742869282" />
    <nd ref="13742869283" />
    <nd ref="13742869284" />
    <nd ref="13742869285" />
    <nd ref="13742869286" />
    <nd ref="13742869287" />
    <nd ref="13742869288" />
    <nd ref="13742869289" />
    <nd ref="13742869290" />
    <nd ref="13742869291" />
    <nd ref="13742869292" />
    <nd ref="13742869293" />
    <nd ref="13742869294" />
    <nd ref="13742869295" />
    <nd ref="13742869296" />
    <nd ref="13742869297" />
    <nd ref="13742869298" />
    <nd ref="13742869299" />
    <nd ref="13742869300" />
    <nd ref="13742900301" />
    <nd ref="13742869271" />
    <tag k="leisure" v="garden" />
  </way>
</osm>